Blog_160886-12847738.1	8-ADP|i|7|MD	1
Blog_160886-12595823.1	9-ADP|på|7|MD	1
Blog_160886-12595823.1	13-AUX|blev|0|-- 1-ADP|Trots|13|MD 2-SCONJ|att|1|OO	3
Blog_160886-12595823.2	6-ADP|av|5|MD	1
Blog_160886-12595823.2	12-ADP|i|11|MD	1
Blog_160886-12595823.2	14-AUX|är|10|MD 16-ADP|utan|14|MD	2
Blog_160886-12595823.4	2-ADP|om|1|MD	1
Blog_160886-12595823.6	3-ADP|om|2|MD	1
Blog_160886-12595823.6b	4-ADP|från|2|RA	1
Blog_160886-12595823.6b	9-ADP|på|8|MD	1
Blog_160886-12595823.6b	6-ADP|med|2|MD	1
Blog_160886-12595823.7	8-AUX|ska|7|OO	1
Blog_160886-12595823.10	5-ADP|med|4|MD	1
Blog_160886-12595823.10	9-ADP|med|8|MD	1
Blog_160886-12595823.10	2-PART|att|13|SB 3-AUX|få|2|OO	2
Blog_160886-12595823.11	4-AUX|har|0|--	1
Blog_160886-12595823.13	5-ADP|i|2|OA	1
Blog_160886-12595823.13	16-PART|att|15|OO	1
Blog_160886-12595823.13	14-PART|att|13|OO	1
Blog_160886-12595823.13	10-AUX|är|2|conj	1
Blog_160886-12595823.14	3-AUX|är|0|--	1
Blog_160886-12595823.15	6-ADP|till|5|MD	1
Blog_160886-12595823.15	1-SCONJ|Medans|0|--	1
Blog_160886-12595823.18	3-SCONJ|att|2|OO 6-AUX|är|3|OO 10-ADP|efter|6|MD	3
Blog_160886-12595823.18	25-ADP|på|24|MD	1
Blog_160886-12595823.18	37-AUX|är|35|OO	1
Blog_160886-12595823.19	2-DET|vilket|3|DT 4-SCONJ|som|2|JF	2
Blog_160886-12595823.19	1-ADP|I|7|MD	1
Blog_160886-12595823.19	17-ADP|för|19|MD	1
Blog_160886-12595823.19	23-SCONJ|då|19|MD	1
Blog_160886-12595823.19	9-SCONJ|att|7|OO	1
Blog_160886-12595823.20	12-ADP|med|11|MD	1
Blog_160886-12595823.20	8-SCONJ|som|4|MD	1
Blog_160886-12595823.20	5-ADP|med|2|MD	1
Blog_160886-12595823.20b	7-ADP|med|6|MD	1
Blog_160886-12595823.20b	11-ADP|på|4|MD	1
Blog_160886-12595823.20b	2-SCONJ|som|1|MD 3-AUX|vill|2|OO	2
Blog_160886-12595823.21	12-ADP|Till|10|MD	1
Blog_160886-11338599.1	6-ADP|efter|5|OA	1
Blog_160886-11338599.1	1-SCONJ|Som|0|--	1
Blog_160886-11338599.2	7-ADP|av|6|MD	1
Blog_160886-11338599.2	5-ADP|i|3|MD	1
Blog_160886-11338599.2	9-AUX|har|0|-- 1-SCONJ|Sedan|9|MD	2
Blog_160886-11338599.2	12-SCONJ|om|11|OA	1
Blog_160886-11338599.2	22-DET|varje|23|DT 19-ADP|i|22|MD	2
Blog_160886-11338599.3	11-ADP|av|10|MD	1
Blog_160886-11338599.3	7-PART|att|6|MD	1
Blog_160886-11338599.3	3-AUX|var|0|--	1
Blog_160886-11338599.4	2-AUX|hade|0|--	1
Blog_160886-11338599.5	2-AUX|var|0|-- 3-ADP|med|2|MD	2
Blog_160886-11338599.5	15-ADP|för|11|MD	1
Blog_160886-11338599.5	2-AUX|var|0|-- 3-ADP|med|2|MD 10-SCONJ|som|2|EF	3
Blog_160886-11338599.5	23-ADP|i|25|MD	1
Blog_160886-11338599.6	4-ADP|på|2|MD	1
Blog_160886-11338599.6	10-ADP|i|9|MD	1
Blog_160886-11338599.6	7-PART|inte|2|conj	1
Blog_160886-11338599.7	3-ADP|med|2|OA	1
Blog_160886-11338599.7	6-SCONJ|innan|2|MD	1
Blog_160886-11338599.9	1-ADP|Från|0|-- 5-ADP|till|1|MD	2
Blog_160886-11338599.10	5-ADP|för|4|MD	1
Blog_160886-11338599.10	12-ADP|på|4|MD	1
Blog_160886-11338599.11	9-ADP|till|8|AN	1
Blog_160886-11338599.11	15-AUX|får|0|-- 2-SCONJ|eftersom|15|MD 6-AUX|måste|2|OO	3
Blog_160886-11338599.11	22-ADP|med|17|MD	1
Blog_160886-11338599.13	4-AUX|ska|1|conj	1
Blog_160886-11338557.1	10-ADP|om|9|OA 11-SCONJ|att|10|OO	2
Blog_160886-11338557.1	7-SCONJ|då|5|MD	1
Blog_160886-11338557.1	1-AUX|Måste|0|--	1
Blog_160886-11338557.2	16-SCONJ|medans|14|MD	1
Blog_160886-11338557.2	4-SCONJ|som|3|MD 5-SCONJ|att|4|OO	2
Blog_160886-11338557.3	3-AUX|var|0|-- 5-PART|inte|3|MD	2
Blog_160886-11338557.4	9-ADP|i|7|RA	1
Blog_160886-11338557.4	13-ADP|om|12|OA	1
Blog_160886-11338557.5	5-DET|en|6|DT	1
Blog_160886-11338557.5	17-ADP|med|16|MD	1
Blog_160886-11338557.5	15-PART|att|14|OO	1
Blog_160886-11338557.5	13-SCONJ|som|11|MD	1
Blog_160886-11338557.5	27-ADP|i|26|MD	1
Blog_160886-11338557.5	25-ADP|med|24|MD	1
Blog_160886-11338557.5	22-SCONJ|som|11|MD	1
Blog_160886-11338557.5	7-SCONJ|innan|2|MD	1
Blog_160886-11338557.6	4-ADP|på|3|MD	1
Blog_160886-11338557.6	2-SCONJ|förens|11|MD	1
Blog_160886-11338557.6	17-ADP|i|15|RA	1
Blog_160886-11338557.6	13-SCONJ|att|11|OO	1
Blog_160886-11338557.7	4-SCONJ|att|2|OO	1
Blog_160886-11338557.8	2-ADP|i|4|MD	1
Blog_160886-11338557.9	2-AUX|kunde|0|--	1
Blog_160886-11338557.10	2-ADP|på|1|OA	1
Blog_160886-11338557.11	1-SCONJ|Som|5|JF	1
Blog_160886-11338557.11	12-ADP|med|11|MD	1
Blog_160886-11338557.11	6-SCONJ|att|5|SB 9-AUX|var|6|OO	2
Blog_160886-11338557.12	9-ADP|i|7|MD	1
Blog_160886-11338557.12	4-SCONJ|att|3|SB	1
Blog_160886-11338557.13	6-AUX|är|0|-- 1-ADP|Till|6|DF	2
Blog_160886-11338557.15	3-AUX|hade|0|-- 5-PART|inte|3|MD	2
Blog_160886-11338557.17	2-ADP|på|1|MD	1
Blog_160886-12591771.1	5-ADP|med|2|OA	1
Blog_160886-12591771.2	2-AUX|har|0|-- 8-SCONJ|att|2|DF 10-AUX|har|8|OO	3
Blog_160886-12591771.3	7-ADP|på|6|OA	1
Blog_160886-12591771.4	8-ADP|på|2|MD	1
Blog_160886-12591771.5	14-AUX|är|1|parataxis	1
Blog_160886-12591771.7	1-ADP|På|0|--	1
Blog_160886-12591771.8	13-ADP|på|10|MD	1
Blog_160886-12591771.9a	2-AUX|är|0|--	1
Blog_160886-12591771.9b	15-ADP|på|14|MD 16-PART|att|15|OO	2
Blog_160886-12591771.9b	13-SCONJ|som|12|MD	1
Blog_160886-12591771.9c	6-SCONJ|som|5|MD	1
Blog_160886-12591771.10	8-ADP|till|7|MD 9-SCONJ|att|8|OO	2
Blog_160886-12591771.12	4-SCONJ|om|10|DF 6-AUX|va|4|OO	2
Blog_160886-12591771.12	11-ADP|i|10|MD	1
Blog_160886-12591771.12	17-ADP|på|16|MD	1
Blog_160886-12591771.15a	3-SCONJ|att|2|OO	1
Blog_160886-12591771.15b	1-AUX|Har|0|--	1
Blog_160886-12591771.17	3-AUX|kan|0|--	1
Blog_160886-11338497.1a	18-ADP|i|13|conj	1
Blog_160886-11338497.1a	5-ADP|på|4|MD 12-AUX|ska|5|OO	2
Blog_160886-11338497.2	12-PART|att|11|MD	1
Blog_160886-11338497.2	17-ADP|över|16|MD	1
Blog_160886-11338497.2	38-ADP|över|36|RA	1
Blog_160886-11338497.2	35-SCONJ|som|34|MD	1
Blog_160886-11338497.2	29-ADP|mot|24|MD	1
Blog_160886-11338497.2	23-SCONJ|som|22|MD	1
Blog_160886-11338497.2	6-ADP|över|5|OA 7-SCONJ|att|6|OO	2
Blog_160886-11338497.2	2-AUX|är|0|--	1
Blog_160886-11338497.3	18-SCONJ|som|17|JF	1
Blog_160886-11338497.3	7-SCONJ|som|6|MD	1
Blog_160886-11338497.3	4-ADP|till|3|OA	1
Blog_160886-11338497.4	6-SCONJ|som|4|MD	1
Blog_160886-11338497.4	8-ADP|hos|4|RA	1
Blog_160886-11338497.5	6-AUX|var|0|--	1
Blog_160886-11338497.6	9-ADP|med|8|MD	1
Blog_160886-11338497.6	19-AUX|var|16|OO	1
Blog_160886-11338497.6	2-AUX|hade|0|--	1
Blog_160886-11338497.7	9-ADP|i|6|RA	1
Blog_160886-11338497.7	14-ADP|med|13|MD	1
Blog_160886-11338497.7	27-ADP|i|30|MD	1
Blog_160886-11338497.7	33-ADP|till|30|OA	1
Blog_160886-11338497.7	26-SCONJ|som|24|MD	1
Blog_160886-11338497.7	22-ADP|till|21|OA	1
Blog_160886-11338497.7	20-AUX|ska|3|conj	1
Blog_160886-11338497.8	13-ADP|av|8|MD	1
Blog_160886-11338497.8	4-SCONJ|att|2|OO 17-AUX|måste|4|OO 5-SCONJ|om|17|MD 7-AUX|ska|5|OO	4
Blog_160886-11338497.8	25-SCONJ|som|24|MD	1
Blog_160886-11338497.8	22-ADP|av|21|MD	1
Blog_160886-11338497.9	7-ADP|på|6|MD	1
Blog_160886-11338497.9	3-SCONJ|om|2|OO 5-AUX|var|3|OO 9-SCONJ|som|5|EF 10-AUX|skulle|9|OO	4
Blog_160886-11338497.9	17-ADP|på|16|MD	1
Blog_160886-11338497.10	21-ADP|på|20|MD	1
Blog_160886-11338497.10	18-ADP|i|13|MD	1
Blog_160886-11338497.10	25-AUX|fick|3|conj 10-SCONJ|eftersom|25|MD	2
Blog_160886-11338497.10	28-ADP|på|27|OA	1
Blog_160886-11338497.11	6-ADP|på|3|OA	1
Blog_160886-11338497.12	4-ADP|med|3|MD	1
Blog_160886-11338497.12	14-ADP|under|13|MD	1
Blog_160886-11338497.12	12-ADP|i|11|OA	1
Blog_160886-11338497.12	24-ADP|av|23|MD	1
Blog_160886-11338497.12	21-ADP|till|19|RA	1
Blog_160886-11338497.12	17-SCONJ|då|9|MD	1
Blog_160886-11338497.13	3-AUX|blev|0|--	1
Blog_160886-11338497.14a	8-AUX|skulle|6|OO	1
Blog_160886-11338497.14a	23-AUX|får|4|conj	1
Blog_160886-11338497.14b	2-ADP|till|1|MD	1
Blog_160886-11338497.14b	9-ADP|över|8|MD	1
Blog_160886-11338497.14b	16-ADP|mellan|15|RA	1
Blog_160886-11338497.14b	22-AUX|var|13|conj	1
Blog_160886-11338497.15	1-ADP|Framåt|3|MD	1
Blog_160886-11338497.17	11-ADP|för|9|OA	1
Blog_160886-11338497.17	5-PART|att|3|ES	1
Blog_160886-11338497.18	6-SCONJ|som|4|MD	1
Blog_160886-11338497.18	2-AUX|får|0|-- 9-SCONJ|då|2|MD 11-AUX|är|9|OO	3
Blog_160886-11338497.19	2-PART|att|1|OO	1
Blog_160886-11338497.20	3-ADP|hos|1|RA	1
Blog_160886-11338497.20	5-ADP|med|1|MD	1
Blog_160886-11338497.20	7-ADP|i|1|MD	1
Blog_160886-11338497.20	13-AUX|var|1|conj 11-SCONJ|som|13|MD	2
Blog_160886-11338497.21	18-ADP|i|17|MD 19-ADP|över|18|OO	2
Blog_160886-11338497.21	7-AUX|hade|1|conj 12-SCONJ|då|7|MD 14-AUX|varit|12|OO	3
Blog_160886-11338497.22	6-ADP|på|4|MD	1
Blog_160886-11338497.22	17-ADP|utanför|16|MD	1
Blog_160886-11338497.22	11-AUX|kan|9|OO 15-ADP|trots|11|MD	2
Blog_160886-11338497.23	2-ADP|på|1|MD	1
Blog_188519-17383062.1	3-ADP|med|2|OA	1
Blog_188519-17383062.1	11-ADP|i|8|MD	1
Blog_188519-17383062.1	19-ADP|i|17|MD	1
Blog_188519-17383062.2	6-ADP|på|5|MD	1
Blog_188519-17383062.2	3-PART|att|2|OO	1
Blog_188519-17383062.2	1-AUX|Har|0|--	1
Blog_188519-17383062.3	2-AUX|har|0|--	1
Blog_188519-17383062.4	4-ADP|i|3|OA	1
Blog_188519-17383062.4	17-AUX|skulle|15|OO	1
Blog_188519-17383062.4	1-AUX|Är|0|-- 8-AUX|måste|1|parataxis	2
Blog_188519-17383062.6	2-AUX|får|0|--	1
Blog_188519-17383062.7	3-AUX|skulle|0|--	1
Blog_188519-17383062.8	6-ADP|om|4|MD	1
Blog_188519-17383062.8	19-ADP|efter|18|OA	1
Blog_188519-17383062.8	17-SCONJ|som|14|MD	1
Blog_188519-17383062.8	13-SCONJ|att|12|OO 15-AUX|är|13|OO	2
Blog_188519-17383062.8	10-SCONJ|att|2|DF	1
Blog_188519-17383062.9	3-AUX|är|0|-- 10-AUX|kan|3|parataxis 6-AUX|är|10|MD	3
Blog_188519-17383062.10	7-ADP|på|2|MD	1
Blog_188519-17383062.11	1-AUX|Har|7|MD	1
Blog_188519-17383062.12	4-ADP|med|3|OA	1
Blog_188519-17383062.12	2-AUX|är|0|--	1
Blog_188519-17383062.13	2-AUX|är|0|--	1
Blog_188519-17383062.14	2-AUX|får|0|--	1
Blog_188519-17383062.15	3-ADP|om|2|OA	1
Blog_188519-17383062.15	1-AUX|Va|0|--	1
Blog_188519-17383062.16	2-ADP|I|1|MD	1
Blog_188519-10179826.1	21-ADP|på|20|MD	1
Blog_188519-10179826.1	23-SCONJ|att|20|OO 26-AUX|har|23|OO	2
Blog_188519-10179826.2	3-SCONJ|att|2|OO	1
Blog_188519-10179826.2	12-ADP|med|11|MD	1
Blog_188519-10179826.3	5-ADP|på|2|MD	1
Blog_188519-10179826.4	6-ADP|från|5|RA	1
Blog_188519-10179826.6	12-ADP|till|11|RA	1
Blog_188519-10179826.6	7-SCONJ|att|6|OO 10-AUX|får|7|OO	2
Blog_188519-10179826.7	11-SCONJ|då|8|MD 14-AUX|är|11|OO	2
Blog_188519-10179826.8	2-AUX|får|0|--	1
Blog_188519-10179826.9	3-AUX|har|0|--	1
Blog_188519-10179826.10	5-PART|att|2|ES	1
Blog_188519-10179826.10	16-ADP|med|15|OA	1
Blog_188519-10179826.10	13-AUX|är|2|conj	1
Blog_188519-10179826.10	27-ADP|till|25|RA	1
Blog_188519-10179826.10	21-AUX|är|2|conj 24-PART|att|21|ES	2
Blog_188519-10179826.11	2-AUX|fick|0|--	1
Blog_188519-10179826.12	7-SCONJ|som|6|MD 9-AUX|kunde|7|OO	2
Blog_188519-10179826.13	4-ADP|på|2|RA	1
Blog_188519-10179826.13	9-AUX|var|2|conj	1
Blog_188519-10179826.13	21-ADP|i|20|MD	1
Blog_188519-10179826.13	16-SCONJ|så|13|MD	1
Blog_188519-10179826.14	1-ADP|Till|3|MD	1
Blog_188519-10179826.14	11-ADP|till|9|RA	1
Blog_188519-10179826.14	13-ADP|för|9|MD	1
Blog_188519-10179826.14	7-SCONJ|som|6|MD 8-AUX|skulle|7|OO	2
Blog_188519-10179826.15	9-ADP|till|8|RA	1
Blog_188519-10179826.15	6-SCONJ|att|5|MD	1
Blog_188519-10179826.15	2-AUX|hade|0|--	1
Blog_188519-10179826.16	8-ADP|ifrån|7|RA	1
Blog_188519-10179826.16	6-PART|att|2|ES	1
Blog_188519-10179826.16	15-ADP|till|12|RA	1
Blog_188519-10179826.17	8-AUX|blev|2|conj	1
Blog_188519-10179826.17	19-SCONJ|som|18|JF	1
Blog_188519-10179826.17	14-SCONJ|att|11|OO 23-AUX|ska|14|OO	2
Blog_188519-10179826.18	3-SCONJ|att|2|OO 6-AUX|skulle|3|OO	2
Blog_188519-10179826.19	8-ADP|på|7|OA	1
Blog_188519-10179826.19	4-SCONJ|om|2|OO 6-AUX|var|4|OO	2
Blog_188519-10179826.19	12-AUX|var|2|conj	1
Blog_188519-10179826.19	17-ADP|till|16|OA	1
Blog_188519-10179826.19	23-ADP|med|22|MD	1
Blog_188519-10179826.19	38-ADP|inom|36|MD	1
Blog_188519-10179826.19	19-SCONJ|att|16|OO 31-AUX|måste|19|OO	2
Blog_188519-10179826.20	14-SCONJ|som|6|conj 15-AUX|är|14|OO	2
Blog_188519-10179826.20	4-SCONJ|som|3|MD	1
Blog_188519-10179826.21	3-AUX|är|0|--	1
Blog_188519-10179826.22	5-SCONJ|att|3|OO 8-AUX|skulle|5|OO 9-AUX|vara|8|IV	3
Blog_188519-10179826.23	17-ADP|till|16|MD	1
Blog_188519-10179826.23	14-ADP|med|12|MD	1
Blog_188519-10179826.23	10-AUX|hade|3|parataxis	1
Blog_188519-10179826.25	6-ADP|för|3|MD	1
Blog_188519-10179826.26	1-ADP|Till|3|MD	1
Blog_188519-10179826.26	5-ADP|till|3|RA	1
Blog_188519-10179826.27	4-ADP|till|2|RA	1
Blog_188519-10179826.27	12-SCONJ|att|10|OO 17-AUX|kommer|12|OO	2
Blog_188519-10179826.27	27-ADP|till|26|MD	1
Blog_188519-10179826.27	29-SCONJ|att|26|OO	1
Blog_188519-10179826.28	11-ADP|på|10|OA	1
Blog_188519-10179826.28	8-AUX|är|1|conj	1
Blog_188519-10179826.29	7-SCONJ|som|6|MD 8-AUX|var|7|OO	2
Blog_188519-10179826.29	4-ADP|till|2|OA	1
Blog_188519-10179826.29	16-ADP|på|14|OA	1
Blog_188519-10179826.29	13-AUX|fick|2|conj	1
Blog_188519-10179826.29	20-AUX|hade|0|--	1
Blog_188519-10179826.30	3-ADP|till|2|OA	1
Blog_188519-10179826.30	14-ADP|i|13|OA	1
Blog_188519-10179826.30	12-SCONJ|som|11|MD	1
Blog_188519-10179826.30	10-ADP|till|8|RA	1
Blog_188519-10179826.30	5-SCONJ|att|2|OO 7-AUX|skulle|5|OO	2
Blog_188519-10179826.33	6-DET|de|9|DT	1
Blog_188519-10179826.33	5-ADP|på|4|MD	1
Blog_188519-10179826.33	2-AUX|Är|0|-- 10-SCONJ|som|2|EF	2
Blog_188519-10179826.34	3-ADP|till|2|MD	1
Blog_188519-10179826.35	3-ADP|till|2|OA	1
Blog_188519-10179826.35	5-SCONJ|att|2|OO 7-AUX|har|5|OO	2
Blog_188519-10179826.36	2-AUX|blev|0|--	1
Blog_188519-10179826.37	3-SCONJ|att|2|OO	1
Blog_188519-10179826.37	13-PART|att|12|MD	1
Blog_188519-10179826.38	15-SCONJ|som|14|OA 17-AUX|hade|15|OO	2
Blog_188519-10179826.38	9-ADP|för|2|MD 10-SCONJ|att|9|OO 13-AUX|ville|10|OO	3
Blog_188519-10179826.39	8-PART|att|6|IV	1
Blog_188519-10179826.39	17-SCONJ|förrns|14|MD 19-AUX|var|17|OO	2
Blog_188519-10179826.40	13-PART|att|12|MD	1
Blog_188519-10179826.40	8-SCONJ|om|7|OO 10-AUX|ville|8|OO	2
Blog_188519-10179826.41	2-AUX|Är|0|-- 8-AUX|ska|2|parataxis	2
Blog_188519-10179826.42	2-AUX|har|0|--	1
Blog_188519-10179826.43	2-AUX|är|6|OO	1
Blog_188519-10179826.43	11-SCONJ|att|10|OO 13-AUX|borde|11|OO 15-AUX|vara|13|IV	3
Blog_188519-10179826.43	21-ADP|på|20|MD	1
Blog_188519-10179826.43	11-SCONJ|att|10|OO 13-AUX|borde|11|OO 15-AUX|vara|13|IV 19-ADP|med|13|MD	4
Blog_188519-10179826.44	9-ADP|till|7|RA	1
Blog_188519-10179826.44	4-AUX|få|3|IV 6-PART|att|4|IV	2
Blog_188519-10179826.44	1-SCONJ|Medans|12|MD	1
Blog_188519-10179826.44	22-ADP|med|21|MD	1
Blog_188519-10179826.45	13-ADP|på|11|OA	1
Blog_188519-10179826.45	23-ADP|på|22|MD	1
Blog_188519-10179826.45	21-ADP|i|19|RA	1
Blog_188519-10179826.45	2-AUX|är|0|-- 6-SCONJ|som|2|EF	2
Blog_188519-10179826.46	3-AUX|va|0|--	1
Blog_188519-10179826.47	6-ADP|över|5|MD	1
Blog_188519-10179826.47	13-PART|att|10|IV	1
Blog_188519-10179826.47	18-AUX|skulle|10|DF	1
Blog_188519-10179826.48	9-ADP|till|6|MD	1
Blog_188519-10179826.50	14-ADP|på|13|MD	1
Blog_188519-10179826.50	7-SCONJ|att|4|ES 9-AUX|var|7|OO	2
Blog_188519-10179826.50	21-PART|att|20|OO	1
Blog_188519-10179826.50	18-AUX|skulle|4|conj 19-AUX|bli|18|IV	2
Blog_188519-10179826.51	7-AUX|fick|2|conj	1
Blog_188519-10179826.52	5-SCONJ|att|3|OO	1
Blog_188519-10179826.52	2-AUX|fick|0|--	1
Blog_188519-10179826.53	1-ADP|Mot|0|-- 6-AUX|blev|1|parataxis	2
Blog_188519-10179826.54	2-AUX|fick|0|--	1
Blog_188519-10179826.55	18-ADP|på|14|RA	1
Blog_188519-10179826.55	3-ADP|med|2|OA 4-SCONJ|att|3|OO	2
Blog_188519-10179826.56	6-ADP|till|2|RA	1
Blog_188519-10179826.56	14-ADP|över|12|MD	1
Blog_188519-10179826.56	11-AUX|fick|2|conj	1
Blog_188519-10179826.56	21-ADP|till|19|RA	1
Blog_188519-10179826.58	2-AUX|har|0|--	1
Blog_188519-10179826.59	1-ADP|Innan|3|MD	1
Blog_188519-10179826.59	12-ADP|till|11|OA	1
Blog_188519-10179826.59	9-AUX|är|3|conj	1
Blog_188519-10179826.60	3-AUX|är|0|-- 7-SCONJ|som|3|EF 9-AUX|har|7|OO	3
Blog_188519-10179826.60	3-AUX|är|0|-- 7-SCONJ|som|3|EF 9-AUX|har|7|OO 13-SCONJ|att|3|DF 15-AUX|ska|13|OO	5
Blog_188519-10179826.62	2-ADP|I|1|MD	1
Blog_188519-10542620.1	21-ADP|för|20|MD	1
Blog_188519-10542620.1	27-ADP|till|25|RA	1
Blog_188519-10542620.1	23-ADP|för|20|MD 24-PART|att|23|OO	2
Blog_188519-10542620.1	16-SCONJ|än|15|JF 17-SCONJ|att|16|OO 19-AUX|får|17|OO	3
Blog_188519-10542620.2	7-ADP|för|6|MD	1
Blog_188519-10542620.3	23-ADP|i|21|MD	1
Blog_188519-10542620.3	20-AUX|skulle|2|conj	1
Blog_188519-10542620.3	31-ADP|med|29|MD	1
Blog_188519-10542620.3	28-AUX|ville|2|conj	1
Blog_188519-10542620.4	13-PART|att|12|MD	1
Blog_188519-10542620.4	20-ADP|av|19|OA	1
Blog_188519-10542620.4	18-AUX|va|2|conj	1
Blog_188519-10542620.5	1-ADP|På|5|RA	1
Blog_188519-10542620.5	9-ADP|till|5|RA	1
Blog_188519-10542620.5	17-SCONJ|som|16|MD	1
Blog_188519-10542620.5	13-AUX|va|5|conj	1
Blog_188519-10542620.6	9-AUX|va|2|conj	1
Blog_188519-10542620.6	14-AUX|va|2|conj	1
Blog_188519-10542620.6	24-ADP|på|23|MD	1
Blog_188519-10542620.6	22-ADP|i|21|OA	1
Blog_188519-10542620.6	19-AUX|va|2|conj	1
Blog_188519-10542620.7	4-ADP|på|2|RA	1
Blog_188519-10542620.7	21-ADP|från|20|MD	1
Blog_188519-10542620.7	19-AUX|har|2|conj	1
Blog_188519-10542620.8	1-ADP|I|4|MD	1
Blog_188519-10542620.8	9-ADP|efter|4|MD	1
Blog_188519-10542620.9	2-AUX|är|0|--	1
Blog_188519-10542620.10	8-AUX|är|3|conj	1
Blog_188519-10542620.10	16-ADP|för|15|MD	1
Blog_188519-10542620.10	22-ADP|i|20|MD	1
Blog_188519-10542620.11	3-ADP|till|2|RA	1
Blog_188519-10542620.11	10-SCONJ|så|9|MD 13-AUX|va|10|MD	2
Blog_188519-10542620.11	5-ADP|för|2|MD 6-SCONJ|att|5|OO 8-AUX|skulle|6|OO	3
Blog_188519-10542620.11	24-SCONJ|att|22|OO 26-AUX|kan|24|OO	2
Blog_188519-10542620.11	33-ADP|ifrån|31|OA	1
Blog_188519-10542620.11	41-SCONJ|som|40|MD	1
Blog_188519-10542620.11	39-ADP|i|36|RA	1
Blog_188519-10542620.12	5-SCONJ|att|2|OP 7-AUX|va|5|OO 8-SCONJ|som|7|SP	3
Blog_188519-10542620.12	17-ADP|på|15|MD	1
Blog_188519-10542620.12	21-AUX|blev|2|conj	1
Blog_188519-10542620.12	28-AUX|va|2|conj	1
Blog_188519-10542620.13	2-AUX|va|0|--	1
Blog_188519-10542620.14	4-ADP|på|3|MD	1
Blog_188519-10542620.14	7-AUX|blev|2|conj	1
Blog_188519-10542620.15	11-AUX|ska|9|OO	1
Blog_188519-10542620.15	8-ADP|på|7|MD	1
Blog_188519-10542620.15	26-ADP|vid|24|RA	1
Blog_188519-10542620.15	23-SCONJ|som|22|MD	1
Blog_188519-10542620.17	6-SCONJ|att|5|OO	1
Blog_188519-10542620.18	9-ADP|i|8|MD	1
Blog_188519-10542620.18	2-AUX|va|0|--	1
Blog_188519-10542620.19	10-ADP|intill|9|MD 12-ADP|vid|10|AN	2
Blog_188519-10542620.19	15-SCONJ|som|9|JF	1
Blog_188519-10542620.19	24-ADP|mot|22|MD	1
Blog_188519-10542620.20	2-AUX|kan|0|--	1
Blog_188519-10542620.21	10-ADP|i|6|MD	1
Blog_188519-10542620.21	4-SCONJ|som|2|JF	1
Blog_188519-10542620.21	14-ADP|på|13|MD	1
Blog_188519-10542620.22	19-PART|att|17|IV	1
Blog_188519-10542620.22	14-ADP|för|13|MD 16-SCONJ|som|14|OO	2
Blog_188519-10542620.22	3-PART|att|2|IV 4-AUX|vara|3|OO 6-SCONJ|så|4|MD 9-AUX|ska|6|OO	4
Blog_188519-10542620.23	4-AUX|har|0|-- 1-ADP|I|4|MD	2
Blog_188519-10542620.23	10-ADP|med|9|MD	1
Blog_188519-10542620.24	8-ADP|med|6|MD	1
Blog_188519-10542620.25	3-ADP|med|2|MD 4-PART|att|3|OO	2
Blog_188519-10542620.25	10-AUX|va|2|conj	1
Blog_188519-10542620.26	4-ADP|till|3|MD	1
Blog_188519-10542620.26	6-SCONJ|att|3|OO 8-AUX|är|6|OO 10-PART|att|8|ES	3
Blog_188519-10542620.27	5-AUX|är|1|parataxis	1
Blog_188519-10542620.28	4-PART|att|3|MD	1
Blog_188519-10542620.30	3-SCONJ|att|2|OO 6-AUX|skulle|3|OO	2
Blog_188519-10542620.31	2-AUX|var|0|--	1
Blog_188519-10542620.32	9-SCONJ|innan|5|MD 11-AUX|kunde|9|OO	2
Blog_188519-10542620.32	3-SCONJ|att|2|OO	1
Blog_188519-10542620.34	13-SCONJ|att|12|OO 15-AUX|ska|13|OO	2
Blog_188519-10542620.34	5-AUX|vill|0|--	1
Blog_188519-10542620.36	16-AUX|kunde|11|conj	1
Blog_188519-10542620.36	5-AUX|blev|0|--	1
Blog_188519-10542620.37	4-ADP|av|3|OA	1
Blog_188519-10542620.38	11-ADP|av|10|MD	1
Blog_188519-10542620.38	14-SCONJ|så|10|MD	1
Blog_188519-10542620.38	5-SCONJ|att|3|OO	1
Blog_188519-10542620.39	2-AUX|kunde|0|--	1
Blog_188519-10542620.40	4-AUX|va|0|--	1
Blog_188519-10542620.41	2-AUX|va|0|--	1
Blog_188519-10542620.42	9-ADP|jämte|8|RA 11-ADP|i|9|AN	2
Blog_188519-10542620.42	5-SCONJ|att|2|OO	1
Blog_188519-10542620.45	4-ADP|framför|2|RA	1
Blog_188519-10542620.45	8-AUX|är|2|parataxis	1
Blog_188519-10542620.46	5-AUX|ska|3|OO	1
Blog_188519-10542620.46	10-AUX|får|2|conj	1
Blog_188519-10542620.47	7-ADP|från|6|MD	1
Blog_188519-10542620.47	2-AUX|ska|0|--	1
Blog_188519-10542620.49	3-ADP|om|2|OA	1
Blog_188519-10542620.49	1-AUX|Va|0|--	1
Blog_188519-10542620.50	2-ADP|I|1|MD	1
Blog_13263-144355.1	5-AUX|kan|0|--	1
Blog_13263-144355.2	2-PART|inte|0|-- 5-SCONJ|eftersom|2|MD 8-AUX|har|5|OO	3
Blog_13263-144355.3	8-AUX|kan|5|MD	1
Blog_13263-144355.3	2-AUX|är|0|--	1
Blog_13263-144355.4	3-AUX|skulle|0|-- 6-AUX|kunna|3|IV	2
Blog_13263-999427.1	6-ADP|på|5|OA	1
Blog_13263-999427.2	3-DET|en|4|DT	1
Blog_13263-999427.2	1-ADP|För|0|--	1
Blog_13263-999427.3	6-SCONJ|att|5|OO 8-AUX|skulle|6|OO	2
Blog_13263-999427.3	3-AUX|har|0|--	1
Blog_13263-999427.4	11-ADP|i|10|MD	1
Blog_13263-999427.4	8-SCONJ|där|7|MD	1
Blog_13263-999427.4	6-ADP|i|5|MD	1
Blog_13263-999427.4	4-ADP|från|3|MD	1
Blog_13263-999427.4	2-AUX|är|0|--	1
Blog_13263-999427.5	2-ADP|av|6|MD	1
Blog_13263-999427.5	9-SCONJ|att|6|ES	1
Blog_13263-999427.7	1-ADP|Tills|0|--	1
Blog_13263-1168055.1	6-ADP|med|5|MD	1
Blog_13263-1168055.1	4-AUX|är|0|--	1
Blog_13263-1168055.2	1-ADP|På|6|RA	1
Blog_13263-1168055.3	1-ADP|Bland|0|--	1
Blog_13263-1168055.4	2-AUX|är|0|--	1
Blog_13263-1168055.5	2-AUX|är|0|--	1
Blog_13263-1168055.6	6-AUX|har|0|--	1
Blog_13263-754135.1	8-ADP|av|7|MD	1
Blog_13263-754135.1	13-DET|Den|16|DT	1
Blog_13263-754135.1	20-ADP|i|18|RA	1
Blog_13263-754135.1	17-SCONJ|som|16|MD	1
Blog_13263-754135.2	3-ADP|på|2|MD	1
Blog_13263-754135.2	16-AUX|är|2|conj	1
Blog_13263-754135.3	11-ADP|i|8|MD	1
Blog_13263-754135.3	2-ADP|för|1|OA 3-SCONJ|att|2|OO 6-AUX|ska|3|OO	3
Blog_13263-48997.1	5-ADP|med|4|MD	1
Blog_13263-48997.1	7-ADP|i|2|RA	1
Blog_13263-48997.3	9-SCONJ|att|8|JF	1
Blog_13263-48997.3	4-ADP|i|3|MD	1
Blog_13263-48997.4	8-SCONJ|att|7|JF	1
Blog_13263-48997.5	15-ADP|av|14|MD	1
Blog_13263-48997.5	10-SCONJ|som|8|MD	1
Blog_13263-48997.5	29-ADP|med|28|MD	1
Blog_13263-48997.7	2-ADP|på|4|MD	1
Blog_13263-48997.7	7-ADP|till|4|RA	1
Blog_13263-48997.7	15-ADP|till|10|MD	1
Blog_13263-48997.8	6-ADP|till|5|OA	1
Blog_13263-1010926.1	10-PART|Att|9|AN	1
Blog_13263-1010926.1	8-ADP|av|7|MD	1
Blog_13263-1010926.1	6-ADP|under|5|MD	1
Blog_13263-1010926.1	3-ADP|i|1|MD	1
Blog_13263-1010926.3	2-ADP|ur|1|MD	1
Blog_13263-1010926.4	5-ADP|om|4|MD	1
Blog_13263-1010926.4	10-ADP|i|13|MD	1
Blog_13263-1010926.4	14-ADP|på|13|MD	1
Blog_13263-1010926.4	8-SCONJ|som|4|MD	1
Blog_13263-1010926.5	3-AUX|ha|2|IV 4-AUX|varit|3|IV	2
Blog_13263-1010926.6	2-SCONJ|att|1|OO 4-AUX|skulle|2|OO	2
Blog_13263-698155.1	3-ADP|i|1|MD	1
Blog_13263-698155.2	1-ADP|I|3|MD	1
Blog_13263-255637.1	3-ADP|till|2|RA	1
Blog_13263-255637.1	16-ADP|om|14|OO	1
Blog_13263-255637.2	4-ADP|på|3|MD	1
Blog_13263-255637.2	2-ADP|i|9|MD	1
Blog_13263-255637.3	13-ADP|med|11|MD	1
Blog_13263-255637.3	9-ADP|för|8|MD	1
Blog_13263-255637.3	6-AUX|är|0|--	1
Blog_13263-637462.1	14-AUX|var|11|OO	1
Blog_13263-637462.1	2-AUX|var|0|-- 5-SCONJ|att|2|ES	2
Blog_13263-637462.2	8-AUX|är|2|conj 11-ADP|till|8|SP	2
Blog_13263-637462.2	8-AUX|är|2|conj 11-ADP|till|8|SP 15-SCONJ|som|8|EF	3
Blog_13263-637462.3	13-ADP|ur|10|MD	1
Blog_13263-637462.3	5-AUX|var|0|-- 9-PART|att|5|ES	2
Blog_13263-637462.4	4-ADP|i|1|MD	1
Blog_13263-637462.4	10-AUX|har|0|-- 11-AUX|varit|10|IV	2
Blog_13263-862913.1	6-DET|de|8|DT	1
Blog_13263-862913.1	13-SCONJ|än|12|JF	1
Blog_13263-862913.1	17-ADP|till|15|MD	1
Blog_13263-862913.1	9-SCONJ|som|8|MD	1
Blog_13263-862913.1	3-ADP|av|2|OA 4-PART|att|3|OO	2
Blog_13263-862913.3	11-DET|det|13|DT	1
Blog_13263-862913.3	9-ADP|på|8|MD	1
Blog_13263-862913.3	2-AUX|är|0|-- 14-SCONJ|som|2|EF	2
Blog_13263-953043.1	2-ADP|i|1|MD	1
Blog_13263-953043.1	12-ADP|från|11|MD	1
Blog_13263-953043.1	17-AUX|var|9|conj	1
Blog_13263-953043.2	2-ADP|på|1|MD	1
Blog_13263-953043.2	5-AUX|har|0|--	1
Blog_13263-1026657.1	10-ADP|på|5|RA	1
Blog_13263-1026657.1	3-SCONJ|som|2|OA	1
Blog_13263-1026657.3	9-ADP|på|7|MD	1
Blog_13263-1026657.4	14-ADP|till|11|MD	1
Blog_13263-702563.1	4-ADP|på|2|MD	1
Blog_13263-702563.2	2-SCONJ|som|1|JF	1
Blog_13263-702563.2	7-ADP|i|6|MD	1
Blog_13263-702563.3	3-ADP|av|2|MD	1
Blog_13263-702563.3	11-ADP|med|2|conj	1
Blog_13263-702563.3	21-ADP|för|20|OA	1
Blog_13263-702563.3	19-AUX|få|17|IV	1
Blog_13263-702563.3	35-SCONJ|än|34|JF	1
Blog_13263-702563.3	33-AUX|är|17|DF	1
Blog_13263-702563.4	6-SCONJ|om|2|parataxis 10-AUX|är|6|OO 9-PART|inte|10|MD	3
Blog_13263-854433.1	3-ADP|om|2|MD	1
Blog_13263-854433.1	6-AUX|har|0|-- 1-ADP|På|6|MD	2
Blog_13263-854433.1	6-AUX|har|0|-- 1-ADP|På|6|MD 10-AUX|varit|6|IV	3
Blog_13263-854433.2	1-ADP|På|0|--	1
Blog_13263-120430.2	8-SCONJ|att|7|MD 10-AUX|är|8|OO	2
Blog_13263-120430.2	4-ADP|med|3|OA	1
Blog_13263-120430.2	2-AUX|är|0|--	1
Blog_13263-120430.3	3-ADP|på|2|OA	1
Blog_13263-120430.5	10-ADP|från|9|MD	1
Blog_13263-120430.6	3-AUX|ska|0|-- 1-ADP|I|3|MD	2
Blog_13263-701227.1	11-ADP|i|9|MD	1
Blog_13263-701227.1	7-ADP|till|6|MD	1
Blog_13263-213331.1	7-ADP|till|6|MD	1
Blog_13263-213331.2	13-PART|att|7|MD	1
Blog_13263-213331.2	5-SCONJ|att|4|OO 8-AUX|skulle|5|OO	2
Blog_13263-213331.2	2-AUX|hade|0|-- 3-AUX|kunnat|2|IV	2
Blog_13263-213331.3	8-ADP|av|7|OA 9-PART|att|8|OO	2
Blog_13263-213331.3	2-AUX|blev|0|--	1
Blog_13263-840567.1	15-ADP|till|14|MD	1
Blog_13263-840567.1	8-ADP|om|7|MD	1
Blog_13263-840567.2	2-ADP|om|1|MD	1
Blog_13263-840567.3	6-SCONJ|att|3|OO 8-AUX|var|6|OO	2
Blog_13263-85629.1	7-ADP|med|5|MD	1
Blog_13263-85629.1	2-AUX|har|0|--	1
Blog_13263-85629.2	7-ADP|utan|4|conj	1
Blog_13263-85629.2	1-SCONJ|Som|0|--	1
Blog_13263-85629.3	17-SCONJ|som|16|MD 22-AUX|måste|17|OO 19-ADP|på|22|MD	3
Blog_13263-85629.3	17-SCONJ|som|16|MD 22-AUX|måste|17|OO 19-ADP|på|22|MD 25-SCONJ|innan|22|MD 27-AUX|kan|25|OO	5
Blog_13263-85629.3	13-ADP|i|12|OA	1
Blog_13263-85629.3	9-SCONJ|som|4|MD	1
Blog_13263-1049139.1	11-SCONJ|om|9|OA	1
Blog_13263-1049139.1	33-ADP|i|30|MD	1
Blog_13263-1049139.1	24-SCONJ|som|22|OA 25-SCONJ|att|24|OO 28-AUX|kommer|25|OO 29-PART|att|28|IV	4
Blog_13263-813010.1	10-AUX|är|4|conj	1
Blog_13263-813010.2	3-ADP|efter|2|MD	1
Blog_13263-813010.3	5-ADP|på|3|OA	1
Blog_13263-691527.1	20-ADP|på|17|MD	1
Blog_13263-691527.1	12-SCONJ|som|11|MD	1
Blog_13263-691527.1	6-AUX|är|0|-- 8-SCONJ|som|6|SP	2
Blog_13263-691527.2	3-SCONJ|som|2|MD	1
Blog_13263-691527.2	6-SCONJ|innan|2|MD	1
Blog_13263-691527.3	2-AUX|är|0|--	1
Blog_13263-1138688.1	4-AUX|är|0|-- 1-ADP|Efter|4|MD	2
Blog_13263-1138688.1	10-ADP|med|9|MD	1
Blog_13263-1138688.1	4-AUX|är|0|-- 1-ADP|Efter|4|MD 8-PART|att|4|ES	3
Blog_13263-1138688.2	4-SCONJ|som|2|MD	1
Blog_13263-1138688.3	3-SCONJ|att|2|MD 5-AUX|är|3|OO 6-ADP|i|5|SP	3
Blog_13263-1138688.3	9-ADP|av|8|MD	1
Blog_13263-728008.1	7-ADP|i|6|MD	1
Blog_13263-728008.1	16-DET|ett|17|DT	1
Blog_13263-728008.1	18-ADP|med|17|MD	1
Blog_13263-728008.1	20-ADP|i|14|MD	1
Blog_13263-728008.1	12-SCONJ|att|11|OO	1
Blog_13263-728008.3	2-AUX|har|0|--	1
Blog_13263-596973.1	3-ADP|med|2|MD	1
Blog_13263-596973.1	14-ADP|i|13|MD	1
Blog_13263-596973.1	19-ADP|över|18|MD	1
Blog_13263-596973.1	22-ADP|från|21|OA	1
Blog_13263-596973.1	29-ADP|på|28|MD	1
Blog_13263-596973.1	26-SCONJ|om|31|MD	1
Blog_13263-596973.1	38-ADP|till|37|MD	1
Blog_13263-596973.2	2-AUX|ska|0|--	1
Blog_13263-596973.4	1-ADP|I|3|MD	1
Blog_13263-596973.4	6-ADP|till|3|OA	1
Blog_13263-1087147.2	5-ADP|runt|4|RA	1
Blog_13263-1087147.2	3-SCONJ|som|2|MD	1
Blog_13263-1087147.3	5-ADP|på|4|MD	1
Blog_13263-1087147.3	11-ADP|på|10|MD	1
Blog_13263-1087147.3	19-ADP|från|18|MD	1
Blog_13263-236413.1	8-ADP|med|7|MD	1
Blog_13263-236413.1	16-ADP|efter|15|OA	1
Blog_13263-236413.1	3-AUX|har|0|-- 14-SCONJ|som|3|MD	2
Blog_13263-236413.2	15-SCONJ|som|13|JF	1
Blog_13263-236413.2	10-ADP|av|9|MD 11-PART|att|10|OO 12-AUX|vara|11|OO	3
Blog_13263-236413.2	8-ADP|i|3|conj	1
Blog_13263-475641.1	2-AUX|har|0|-- 3-AUX|varit|2|IV	2
Blog_13263-475641.2	1-AUX|Är|0|--	1
Blog_13263-475641.3	8-SCONJ|som|7|OA	1
Blog_13263-475641.4	3-AUX|är|0|--	1
Blog_13263-475641.5	3-ADP|vid|2|MD	1
Blog_13263-475641.5	7-ADP|av|2|MD 8-SCONJ|att|7|OO	2
Blog_13263-475641.6	2-DET|det|4|DT	1
Blog_13263-475641.6	8-SCONJ|som|7|JF	1
Blog_13263-475641.6	18-ADP|av|17|OA	1
Blog_13263-475641.6	11-ADP|av|7|MD 12-SCONJ|att|11|OO 14-AUX|var|12|OO	3
Blog_13263-475641.6	5-SCONJ|att|4|MD	1
Blog_13263-475641.6	1-ADP|På|0|--	1
Blog_13263-475641.10	3-ADP|till|0|--	1
Blog_13263-313966.1	13-ADP|från|12|MD	1
Blog_13263-313966.1	9-ADP|av|8|MD	1
Blog_13263-313966.1	7-ADP|på|4|MD	1
Blog_13263-313966.1	18-AUX|är|0|-- 1-SCONJ|Om|18|MD	2
Blog_13263-313966.1	32-ADP|för|28|MD 33-SCONJ|att|32|OO	2
Blog_13263-1109574.2	3-AUX|är|0|--	1
Blog_13263-1109574.3	13-ADP|på|12|MD	1
Blog_13263-1109574.3	11-PART|att|10|OO	1
Blog_13263-1109574.3	6-ADP|om|5|MD 7-SCONJ|att|6|OO	2
Blog_13263-1109574.5	3-AUX|skulle|0|-- 6-AUX|ha|3|IV	2
Blog_13263-1109574.6	2-ADP|för|6|MD	1
Blog_13263-1065775.1	3-SCONJ|att|2|OO	1
Blog_13263-1065775.2	8-ADP|på|7|OA	1
Blog_13263-1065775.2	4-AUX|är|0|--	1
Blog_13263-1065775.3	3-ADP|i|0|--	1
Blog_13263-1065775.4	2-AUX|är|0|--	1
Blog_13263-1065775.5	2-AUX|är|0|--	1
Blog_13263-24167.1	2-AUX|ska|0|--	1
Blog_13263-24167.2	4-ADP|med|2|MD	1
Blog_13263-24167.3	2-AUX|ska|0|--	1
Blog_13263-513530.1	30-SCONJ|att|29|OO 32-AUX|var|30|OO	2
Blog_13263-513530.1	18-SCONJ|att|15|JF 23-AUX|ville|18|OO	2
Blog_13263-513530.3	6-ADP|om|5|MD 7-PART|att|6|OO 8-AUX|kunna|7|OO	3
Blog_13263-513530.4	23-ADP|i|17|RA	1
Blog_13263-513530.4	35-SCONJ|där|34|MD	1
Blog_13263-513530.4	32-ADP|i|14|conj	1
Blog_13263-839146.1	4-ADP|med|2|MD	1
Blog_13263-839146.2	1-ADP|Efter|4|MD	1
Blog_13263-839146.2	13-ADP|i|11|RA	1
Blog_13263-839146.4	3-AUX|är|0|--	1
Blog_13263-791534.1	4-ADP|med|3|MD	1
Blog_13263-791534.2	4-SCONJ|än|3|JF 5-ADP|på|4|OO	2
Blog_13263-791534.2	2-AUX|är|0|--	1
Blog_13263-791534.3	6-ADP|med|5|OA 7-PART|att|6|OO	2
Blog_13263-791534.3	18-PART|att|17|OO	1
Blog_13263-791534.3	2-AUX|är|0|--	1
Blog_13263-1216693.1	4-DET|en|6|DT	1
Blog_13263-1216693.2	14-SCONJ|som|13|MD	1
Blog_13263-1216693.2	5-ADP|med|4|MD	1
Blog_13263-1216693.2	21-ADP|för|4|MD 22-PART|att|21|OO 23-AUX|få|22|OO	3
Blog_13263-1216693.2	34-SCONJ|att|33|OO	1
Blog_13263-1216693.3	7-ADP|från|6|MD	1
Blog_13263-1216693.3	4-ADP|med|3|MD	1
Blog_13263-1216693.3	2-PART|att|1|OO	1
Blog_13263-1248639.1	7-SCONJ|som|6|MD	1
Blog_13263-1248639.1	3-ADP|i|2|MD	1
Blog_13263-1248639.1	16-ADP|med|15|OA	1
Blog_13263-1248639.1	12-AUX|har|0|-- 14-AUX|blivit|12|IV	2
Blog_13263-1248639.2	4-SCONJ|som|3|MD	1
Blog_13263-355435.1	5-ADP|på|4|RA	1
Blog_13263-355435.1	2-AUX|är|0|--	1
Blog_13263-898127.4	4-SCONJ|att|2|OO 6-AUX|kunde|4|OO	2
Blog_13263-295210.1	2-ADP|på|1|MD	1
Blog_13263-295210.1	8-ADP|på|7|MD	1
Blog_13263-295210.1	12-ADP|med|10|MD	1
Blog_13263-295210.2	19-ADP|från|18|MD	1
Blog_13263-295210.2	16-AUX|måste|3|DF 17-AUX|vara|16|IV	2
Blog_12325-1398819.1	9-ADP|i|8|MD	1
Blog_12325-1398819.1	12-SCONJ|att|8|OO 14-AUX|var|12|OO 19-SCONJ|som|14|EF 20-AUX|skulle|19|OO	4
Blog_12325-1398819.2	5-ADP|på|2|MD	1
Blog_12325-1398819.2	16-ADP|på|15|RA	1
Blog_12325-1398819.2	19-ADP|för|15|MD	1
Blog_12325-1398819.2	26-AUX|var|2|conj 12-ADP|efter|26|MD	2
Blog_12325-1398819.3	4-ADP|från|3|MD	1
Blog_12325-1398819.3	12-SCONJ|att|11|OO	1
Blog_12325-1398819.3	8-AUX|kan|0|--	1
Blog_12325-1398819.4	6-ADP|på|2|OA	1
Blog_12325-1398819.5	5-SCONJ|att|2|ES	1
Blog_12325-1398819.5	16-SCONJ|än|15|JF	1
Blog_12325-1398819.5	14-AUX|var|2|conj	1
Blog_12325-1398819.6	3-AUX|var|0|-- 4-ADP|på|3|MD	2
Blog_12325-1398819.6	10-SCONJ|att|7|JF 12-AUX|ville|10|OO	2
Blog_12325-1398819.7	1-SCONJ|Som|4|MD	1
Blog_12325-1398819.7	11-SCONJ|innan|4|MD	1
Blog_12325-1398819.10	3-ADP|med|2|MD	1
Blog_12325-1398819.10	5-AUX|var|0|-- 7-SCONJ|att|5|SP	2
Blog_12325-1398819.12	8-ADP|i|7|MD	1
Blog_12325-1398819.12	24-SCONJ|som|22|JF	1
Blog_12325-1398819.12	19-AUX|var|7|conj	1
Blog_12325-1398819.13	6-AUX|var|0|-- 3-ADP|till|6|MD	2
Blog_12325-1398819.13	9-ADP|för|8|MD	1
Blog_12325-1398819.14	1-ADP|Bland|7|MD	1
Blog_12325-1398819.14	16-AUX|är|12|conj	1
Blog_12325-1398819.14	3-AUX|var|0|--	1
Blog_12325-1398819.15	2-AUX|var|0|--	1
Blog_12325-1398819.16	14-AUX|var|12|OO	1
Blog_12325-1398819.17	5-ADP|på|4|MD	1
Blog_12325-1398819.17	24-SCONJ|som|20|MD	1
Blog_12325-1398819.17	16-ADP|på|13|MD	1
Blog_12325-1398819.18	10-ADP|i|9|MD	1
Blog_12325-1398819.18	8-ADP|bland|7|MD	1
Blog_12325-1398819.18	2-AUX|var|0|--	1
Blog_12325-1398819.19	5-ADP|i|4|MD	1
Blog_12325-1398819.21	3-ADP|för|2|MD	1
Blog_12325-1398819.21	16-ADP|under|15|MD	1
Blog_12325-1398819.21	13-ADP|med|12|MD	1
Blog_12325-1398819.21	11-AUX|bli|2|conj	1
Blog_12325-1398819.23	6-SCONJ|som|5|MD	1
Blog_12325-1398819.23	42-ADP|av|39|MD	1
Blog_12325-1398819.24	5-AUX|är|3|MD	1
Blog_12325-1398819.25	1-AUX|Ska|0|--	1
Blog_12325-1398819.26	2-ADP|till|1|MD	1
Blog_12325-1398819.27	3-ADP|på|2|MD	1
Blog_12325-1398819.27a	9-ADP|från|8|RA	1
Blog_12325-1398819.27a	13-ADP|med|12|MD	1
Blog_12325-1398819.27a	2-AUX|fick|0|-- 6-SCONJ|eftersom|2|MD	2
Blog_12325-1398819.28	3-AUX|kan|0|-- 7-AUX|ha|3|IV 8-AUX|varit|7|IV	3
Blog_12325-1398819.29	6-ADP|på|5|MD	1
Blog_12325-1398819.31	10-DET|den|12|DT	1
Blog_12325-1398819.31	9-ADP|i|8|OA	1
Blog_12325-1398819.31	14-AUX|är|0|-- 3-SCONJ|om|14|MD 6-AUX|är|3|OO	3
Blog_12325-1398819.31a	7-DET|den|9|DT	1
Blog_12325-1398819.31a	6-ADP|i|5|OA	1
Blog_12325-1398819.31a	2-AUX|är|0|--	1
Blog_12325-1398819.31b	8-AUX|fick|0|-- 2-SCONJ|om|8|MD 4-AUX|var|2|OO	3
Blog_12325-1398819.31b	13-ADP|i|11|MD	1
Blog_12325-2172538.1	9-ADP|på|7|MD	1
Blog_12325-2172538.1	6-SCONJ|som|4|EF	1
Blog_12325-2172538.3	8-ADP|från|6|MD	1
Blog_12325-2172538.3	18-AUX|är|12|conj	1
Blog_12325-2172538.3	4-AUX|är|0|--	1
Blog_12325-2172538.7	9-PART|inte|7|MD	1
Blog_12325-2172538.8	3-ADP|på|2|OA	1
Blog_12325-2172538.9	7-ADP|om|6|OA	1
Blog_12325-2172538.9	4-AUX|är|0|--	1
Blog_12325-2172538.10	4-ADP|om|3|MD	1
Blog_12325-2172538.10	6-ADP|på|0|--	1
Blog_12325-2172538.11	5-PART|att|2|ES	1
Blog_12325-2172538.11	16-PART|inte|17|MD	1
Blog_12325-2172538.11	10-SCONJ|om|2|MD	1
Blog_12325-1621221.1	14-ADP|genom|13|MD	1
Blog_12325-1621221.1	7-ADP|från|6|MD	1
Blog_12325-1621221.1	3-AUX|var|0|--	1
Blog_12325-1621221.1a	7-ADP|från|6|MD	1
Blog_12325-1621221.1a	15-ADP|genom|14|MD	1
Blog_12325-1621221.1a	12-SCONJ|som|11|MD	1
Blog_12325-1621221.1a	3-AUX|är|0|--	1
Blog_12325-1621221.1b	1-ADP|I|5|MD	1
Blog_12325-1621221.1b	25-ADP|i|24|MD	1
Blog_12325-1621221.1b	21-PART|att|20|MD	1
Blog_12325-1621221.1b	13-SCONJ|där|12|MD	1
Blog_12325-1621221.1b	9-SCONJ|att|5|ES 11-AUX|var|9|OO	2
Blog_12325-1621221.1c	8-ADP|mellan|7|OO	1
Blog_12325-1621221.1c	21-ADP|till|20|MD	1
Blog_12325-1621221.1c	18-SCONJ|som|17|MD 19-AUX|borde|18|OO	2
Blog_12325-1621221.1c	15-ADP|för|14|OA	1
Blog_12325-1621221.1c	11-ADP|förutom|2|MD 12-SCONJ|att|11|OO	2
Blog_12325-1621221.2	2-ADP|i|1|MD	1
Blog_12325-1621221.2	9-SCONJ|som|8|MD 11-AUX|är|9|OO	2
Blog_12325-1621221.2	6-SCONJ|som|5|MD 7-AUX|bör|6|OO	2
Blog_12325-1621221.3	13-SCONJ|som|12|MD 14-AUX|är|13|OO	2
Blog_12325-1621221.3	10-ADP|till|8|MD	1
Blog_12325-1621221.3	22-ADP|på|21|MD	1
Blog_12325-1621221.3	27-SCONJ|än|21|JF 28-ADP|på|27|OO	2
Blog_12325-1621221.3	20-AUX|är|8|conj	1
Blog_12325-1621221.3a	33-SCONJ|som|32|EF	1
Blog_12325-1621221.3a	26-AUX|kan|16|conj	1
Blog_12325-1621221.3a	14-SCONJ|som|11|JF	1
Blog_12325-1621221.3a	2-AUX|är|0|-- 3-SCONJ|att|2|SP 9-AUX|är|3|OO	3
Blog_12325-1621221.4	6-SCONJ|som|5|MD	1
Blog_12325-1621221.4	4-ADP|från|3|MD	1
Blog_12325-1621221.4	2-AUX|är|0|--	1
Blog_12325-1621221.4b	17-ADP|på|16|OA	1
Blog_12325-1621221.4b	8-SCONJ|som|7|MD 9-AUX|är|8|OO 20-AUX|kan|9|DF 14-SCONJ|om|20|MD	4
Blog_12325-1621221.4b	32-ADP|av|31|AG	1
Blog_12325-1621221.4b	29-ADP|med|7|MD	1
Blog_12325-1621221.4b	5-ADP|av|3|AG	1
Blog_12325-1621221.5	7-ADP|i|6|MD	1
Blog_12325-1621221.5	20-SCONJ|som|18|MD	1
Blog_12325-1621221.5	2-AUX|är|0|-- 11-SCONJ|som|2|EF 16-AUX|kommer|11|OO 17-PART|att|16|IV	4
Blog_12325-1621221.6a	10-ADP|på|8|OA	1
Blog_12325-2413172.2	3-AUX|är|0|--	1
Blog_12325-2413172.3	7-ADP|i|6|MD	1
Blog_12325-2413172.3	16-ADP|av|18|MD	1
Blog_12325-2413172.3	9-SCONJ|som|6|MD 13-AUX|har|9|OO 14-AUX|varit|13|IV	3
Blog_12325-2413172.3	5-ADP|med|4|MD	1
Blog_12325-2413172.3	20-AUX|har|0|-- 1-ADP|Efter|20|MD 2-PART|att|1|OO 3-AUX|ha|2|OO	4
Blog_12325-2413172.3	24-ADP|till|22|RA	1
Blog_12325-2413172.4	14-SCONJ|där|13|MD	1
Blog_12325-2413172.4	11-ADP|i|10|OA	1
Blog_12325-2413172.4	2-SCONJ|där|1|MD	1
Blog_12325-2413172.5	3-AUX|är|0|--	1
Blog_12325-2413172.6	2-AUX|ska|0|--	1
Blog_12325-2413172.7	2-AUX|är|0|--	1
Blog_12325-2413172.8	2-SCONJ|som|1|MD 4-AUX|är|2|OO	2
Blog_12325-2413172.8	19-ADP|på|16|MD	1
Blog_12325-2413172.8	14-ADP|för|12|MD 15-PART|att|14|OO	2
Blog_12325-2413172.8	8-SCONJ|att|7|ES 11-AUX|har|8|OO	2
Blog_12325-2413172.9	6-ADP|efter|1|MD	1
Blog_12325-2413172.10	2-AUX|är|0|--	1
Blog_12325-2413172.11	5-ADP|av|4|MD	1
Blog_12325-2413172.11	1-ADP|i|9|MD	1
Blog_12325-2413172.12	5-ADP|i|4|MD	1
Blog_12325-2413172.12	1-SCONJ|Som|0|-- 2-PART|att|1|OO	2
Blog_12325-2413172.12	1-SCONJ|Som|0|-- 2-PART|att|1|OO 7-ADP|till|1|MD	3
Blog_12325-2413172.13	24-ADP|bland|26|MD	1
Blog_12325-2413172.13	23-ADP|med|16|MD	1
Blog_12325-2413172.13	9-ADP|om|8|MD 10-SCONJ|att|9|OO	2
Blog_12325-2413172.14	2-AUX|ÄR|0|--	1
Blog_12325-2413172.17	6-SCONJ|än|5|JF	1
Blog_12325-2413172.17	10-DET|den|12|DT	1
Blog_12325-2413172.17	9-ADP|på|2|MD	1
Blog_12325-2413172.18	3-ADP|till|1|MD	1
Blog_12325-2413172.19	3-ADP|till|1|MD	1
Blog_12325-2413172.19	14-ADP|av|13|MD	1
Blog_12325-2413172.19	12-ADP|på|11|MD	1
Blog_12325-2413172.19	6-SCONJ|så|1|MD 8-AUX|kan|6|OO	2
Blog_12325-2413172.20	5-SCONJ|så|1|MD 7-AUX|kan|5|MD 11-ADP|inför|7|MD	3
Blog_12325-2413172.22	1-SCONJ|Om|0|--	1
Blog_12325-2413172.24	5-ADP|till|4|MD	1
Blog_12325-2413172.25	4-AUX|skulle|0|--	1
Blog_12325-1884438.1	9-AUX|kan|2|conj	1
Blog_12325-1884438.2	10-ADP|med|9|MD	1
Blog_12325-1884438.2	4-ADP|för|2|OA 5-SCONJ|att|4|OO 7-AUX|ska|5|OO	3
Blog_12325-1884438.2	16-ADP|till|15|RA	1
Blog_12325-1884438.2	20-ADP|i|2|parataxis	1
Blog_12325-1884438.3	8-DET|den|10|DT	1
Blog_12325-1884438.3	7-ADP|på|5|MD	1
Blog_12325-1884438.3	2-AUX|hade|0|--	1
Blog_12325-1884438.6	8-ADP|från|7|MD	1
Blog_12325-1884438.6	22-ADP|med|21|MD	1
Blog_12325-1884438.6	20-ADP|om|19|MD	1
Blog_12325-1884438.6	3-AUX|var|0|--	1
Blog_12325-1884438.8	5-SCONJ|som|4|MD 6-AUX|ska|5|OO	2
Blog_12325-1884438.8	3-ADP|för|9|MD	1
Blog_12325-1884438.9	8-ADP|från|7|MD	1
Blog_12325-1884438.9	5-AUX|var|0|--	1
Blog_12325-1884438.11	12-PART|att|11|MD	1
Blog_12325-1884438.11	1-ADP|Från|0|-- 8-AUX|är|1|parataxis 10-ADP|på|8|SP	3
Blog_12325-1884438.11	17-ADP|enligt|20|MD	1
Blog_12325-1884438.11	36-ADP|av|35|MD	1
Blog_12325-1884438.11	40-ADP|av|39|MD	1
Blog_12325-1884438.11	28-ADP|på|27|OA 29-PART|att|28|OO 30-AUX|kunna|29|OO 34-ADP|i|30|MD	4
Blog_12325-1884438.14	3-SCONJ|att|0|	1
Blog_12325-1884438.15	8-ADP|på|7|MD	1
Blog_12325-1884438.15	4-ADP|av|3|MD	1
Blog_12325-1884438.15	2-AUX|är|0|-- 23-AUX|är|2|parataxis	2
Blog_12325-1884438.16	8-ADP|på|6|RA	1
Blog_12325-1884438.16	5-SCONJ|som|4|MD	1
Blog_12325-1884438.16	3-ADP|för|11|DF	1
Blog_12325-1189192.1	17-ADP|för|16|MD	1
Blog_12325-1189192.1	13-SCONJ|som|12|MD 14-AUX|är|13|OO	2
Blog_12325-1189192.1	3-AUX|få|0|-- 9-AUX|har|3|parataxis	2
Blog_12325-1189192.1a	1-AUX|Kan|0|--	1
Blog_12325-1189192.2	3-ADP|för|1|MD	1
Blog_12325-1189192.3	1-DET|Den|3|DT	1
Blog_12325-1189192.3	10-ADP|av|12|AG	1
Blog_12325-1189192.3	15-ADP|av|14|MD	1
Blog_12325-1189192.3	13-SCONJ|som|12|OA	1
Blog_12325-1189192.3	9-SCONJ|som|8|MD	1
Blog_12325-1189192.3	24-ADP|till|23|MD	1
Blog_12325-1189192.3	6-ADP|på|4|MD	1
Blog_12325-1189192.5	2-SCONJ|som|1|MD	1
Blog_12325-1189192.5	8-ADP|på|7|MD	1
Blog_12325-1189192.5	6-ADP|med|4|MD	1
Blog_12325-1189192.5	30-ADP|på|29|OA	1
Blog_12325-1189192.5	33-SCONJ|som|29|MD	1
Blog_12325-1189192.5	27-ADP|till|25|MD 28-PART|att|27|OO	2
Blog_12325-1189192.5	22-SCONJ|där|21|MD	1
Blog_12325-1189192.5	18-ADP|av|17|MD	1
Blog_12325-1189192.5	13-AUX|var|4|conj 14-PART|att|13|SP	2
Blog_12325-1189192.5	41-ADP|med|40|MD	1
Blog_12325-1189192.5	37-ADP|efter|73|MD	1
Blog_12325-1189192.5	46-AUX|var|73|DF	1
Blog_12325-1189192.5	78-ADP|till|75|OA	1
Blog_12325-1189192.5	74-PART|att|73|SB	1
Blog_12325-1189192.5a	3-AUX|är|0|--	1
Blog_12325-1189192.6	13-ADP|med|12|MD	1
Blog_12325-1189192.6	8-ADP|på|7|MD	1
Blog_12325-1189192.6	5-SCONJ|som|4|MD	1
Blog_12325-1189192.6	2-AUX|är|0|--	1
Blog_12325-1189192.7	19-SCONJ|att|18|OA 22-AUX|är|19|OO 25-SCONJ|som|22|EF	3
Blog_12325-1189192.7	15-SCONJ|där|12|MD 17-AUX|är|15|OO	2
Blog_12325-1189192.7	3-ADP|på|1|MD	1
Blog_12325-1189192.7	28-DET|den|31|DT	1
Blog_12325-1189192.7	33-ADP|utan|32|MD 34-SCONJ|att|33|OO 39-AUX|är|34|OO 36-ADP|för|39|MD	4
Blog_12325-1189192.8	6-ADP|till|3|OA	1
Blog_12325-1189192.8	15-ADP|på|13|MD	1
Blog_12325-1189192.8	11-ADP|utan|3|MD 12-PART|att|11|OO	2
Blog_12325-1189192.9	2-AUX|är|0|--	1
Blog_12325-1189192.10	5-ADP|på|4|MD	1
Blog_12325-1189192.10	2-SCONJ|som|1|MD	1
Blog_12325-1189192.10	13-ADP|med|12|MD	1
Blog_12325-1189192.10	42-PART|att|41|MD	1
Blog_12325-1189192.10	39-AUX|är|7|conj	1
Blog_12325-1189192.11	12-SCONJ|som|11|MD	1
Blog_12325-1189192.11	28-ADP|i|27|MD	1
Blog_12325-1189192.11	10-ADP|av|9|MD	1
Blog_12325-1189192.11	3-AUX|är|0|-- 4-SCONJ|att|3|SP	2
Blog_12325-1189192.12	5-ADP|i|4|OA	1
Blog_12325-1189192.12	8-ADP|med|4|MD	1
Blog_12325-1189192.12	3-AUX|har|0|--	1
Blog_12325-1189192.13	2-AUX|är|0|--	1
Blog_12325-1189192.14	2-DET|den|3|DT	1
Blog_12325-1189192.14	6-AUX|är|0|--	1
Blog_12325-1189192.15	3-AUX|skulle|0|-- 5-AUX|vilja|3|IV	2
Blog_26224-3199392.2	3-AUX|ska|0|--	1
Blog_26224-3199392.5	4-ADP|på|3|MD	1
Blog_26224-3199392.6	5-PART|att|2|IV	1
Blog_26224-3199392.6	12-AUX|är|2|parataxis	1
Blog_26224-3679819.1	9-ADP|med|2|MD	1
Blog_26224-3679819.2	5-ADP|till|4|MD	1
Blog_26224-3679819.2	7-ADP|på|4|MD	1
Blog_26224-3394076.2	5-SCONJ|än|4|JF	1
Blog_26224-3394076.5	5-ADP|med|3|MD	1
Blog_26224-2222211.1	2-AUX|är|0|-- 5-SCONJ|att|2|ES	2
Blog_26224-2222211.3	1-DET|Det|3|DT	1
Blog_26224-2222211.3	4-AUX|är|0|-- 6-PART|inte|4|MD	2
Blog_26224-2222211.3	8-SCONJ|som|7|OA	1
Blog_26224-2222211.4	3-SCONJ|att|2|OO 5-AUX|är|3|OO	2
Blog_26224-2222211.4	15-SCONJ|som|14|JF	1
Blog_26224-2222211.4	10-AUX|är|2|conj 12-SCONJ|att|10|ES	2
Blog_26224-2222211.13	2-ADP|på|1|MD	1
Blog_26224-2222211.15	3-SCONJ|sin|2|MD	1
Blog_26224-1714803.3	2-ADP|med|1|MD	1
Blog_26224-1042486.1	9-ADP|på|8|RA	1
Blog_26224-1042486.1	3-ADP|i|2|OA	1
Blog_26224-1042486.1	14-ADP|på|12|OA	1
Blog_26224-1042486.2	1-SCONJ|Om|0|-- 4-AUX|får|1|OO	2
Blog_265827-14454547.1	2-AUX|har|0|--	1
Blog_265827-14454547.3	4-AUX|vill|0|--	1
Blog_265827-14454547.4	4-AUX|ska|0|--	1
Blog_265827-14454547.5	2-ADP|för|0|-- 3-SCONJ|att|2|OO 5-AUX|är|3|OO	3
Blog_265827-14454547.6	10-AUX|är|8|MD	1
Blog_265827-14454547.6	6-ADP|med|5|MD	1
Blog_265827-14454547.6	3-AUX|vill|1|MD	1
Blog_265827-14454547.8	10-PART|inte|11|MD	1
Blog_265827-14454547.8	13-ADP|till|12|OA	1
Blog_265827-14454547.8	8-SCONJ|som|7|MD	1
Blog_265827-14454547.8	20-SCONJ|att|19|OO 25-AUX|ska|20|OO	2
Blog_265827-14454547.9	2-AUX|är|0|--	1
Blog_265827-14454547.10	3-AUX|är|0|-- 5-ADP|till|3|MD	2
Blog_265827-14454547.13	2-ADP|för|0|-- 3-SCONJ|att|2|OO 5-AUX|är|3|OO	3
Blog_265827-14454547.15	8-SCONJ|som|10|MD	1
Blog_265827-14454547.15	11-ADP|på|10|OA	1
Blog_265827-14454547.15	18-ADP|från|16|RA	1
Blog_265827-14454547.15	6-SCONJ|då|2|MD	1
Blog_265827-14454547.16	5-ADP|i|4|OA	1
Blog_265827-14454547.16	7-AUX|bör|0|-- 1-SCONJ|Att|7|SB 3-AUX|var|1|OO	3
Blog_265827-14454547.17	6-ADP|för|5|OA	1
Blog_265827-14454547.18	3-AUX|har|0|--	1
Blog_265827-14701535.1	6-ADP|på|5|MD	1
Blog_265827-14701535.1	3-AUX|skulle|0|--	1
Blog_265827-14701535.2	2-PART|inte|3|MD	1
Blog_265827-14701535.3	8-ADP|i|6|MD	1
Blog_265827-14701535.3	3-ADP|på|1|OA	1
Blog_265827-14701535.3	15-ADP|bland|12|OA	1
Blog_265827-14701533.3	4-ADP|på|2|RA	1
Blog_265827-14701533.3	12-ADP|för|10|MD 13-PART|att|12|OO	2
Blog_265827-14701533.4	6-ADP|till|5|MD	1
Blog_265827-14701533.4	8-ADP|i|5|MD	1
Blog_265827-14701533.5	19-ADP|på|17|MD	1
Blog_265827-14701533.5	13-SCONJ|som|9|MD 16-AUX|har|13|OO	2
Blog_265827-14701533.6	2-AUX|hade|0|--	1
Blog_265827-14701533.7	5-SCONJ|som|3|JF	1
Blog_265827-14701533.7	10-AUX|är|9|OO	1
Blog_265827-14701533.8	2-ADP|om|1|MD	1
Blog_265827-14701533.8	5-ADP|med|1|MD	1
Blog_265827-14701533.9	4-AUX|ska|0|--	1
Blog_265827-14955360.1	6-ADP|från|3|MD 9-ADP|från|6|AN	2
Blog_265827-14955360.2	3-ADP|i|1|MD	1
Blog_265827-14955360.3	16-ADP|på|15|MD	1
Blog_265827-14955360.3	14-AUX|hade|7|conj	1
Blog_265827-14955360.3	20-AUX|var|7|conj	1
Blog_265827-14955360.4	13-ADP|med|11|OA	1
Blog_265827-14955360.4	15-SCONJ|medan|11|MD	1
Blog_265827-14955360.5	3-AUX|var|1|OO	1
Blog_265827-14955360.5	14-ADP|med|11|MD	1
Blog_265827-14955360.5	18-SCONJ|tills|11|MD	1
Blog_265827-14844247.1	7-ADP|i|6|MD 9-ADP|hos|7|AN	2
Blog_265827-14844247.1	5-ADP|på|2|RA	1
Blog_265827-14844249.1	2-AUX|var|0|--	1
Blog_265827-14844249.2	10-ADP|med|7|MD	1
Blog_265827-14844249.3	9-ADP|i|7|MD	1
Blog_265827-14844249.3	13-ADP|i|7|conj	1
Blog_265827-14844249.6	2-AUX|är|0|--	1
Blog_265827-14844249.7	2-AUX|är|0|--	1
Blog_265827-14844249.10	2-AUX|ville|0|--	1
Blog_265827-15028529.2	6-SCONJ|innan|2|MD	1
Blog_265827-15028529.2	19-ADP|i|16|RA	1
Blog_265827-15028529.3	2-ADP|på|5|MD	1
Blog_265827-15028529.3	8-SCONJ|som|7|MD	1
Blog_265827-15028529.3	22-PART|inte|19|conj	1
Blog_265827-15028529.3	14-AUX|ska|5|parataxis	1
Blog_265827-15028529.4	1-ADP|Efter|3|MD	1
Blog_265827-14955364.1	11-ADP|på|10|MD	1
Blog_265827-14955364.1	7-SCONJ|som|6|MD 9-AUX|har|7|OO	2
Blog_265827-14955364.1	3-AUX|är|0|--	1
Blog_265827-14454929.1	7-ADP|med|3|MD	1
Blog_265827-14454929.1	18-ADP|i|15|MD	1
Blog_265827-14454929.1	14-AUX|har|0|--	1
Blog_265827-14454929.2	5-ADP|på|3|MD	1
Blog_265827-14454929.2	9-ADP|av|8|AG	1
Blog_265827-14454929.5	1-ADP|I|0|--	1
Blog_265827-14454929.6	1-AUX|Har|0|--	1
Blog_265827-14454929.7	2-SCONJ|om|8|MD 5-AUX|kan|2|OO	2
Blog_265827-15106309.1	4-ADP|i|3|RA	1
Blog_265827-15106309.2	15-ADP|från|14|MD	1
Blog_265827-15106309.2	2-AUX|är|0|--	1
Blog_265827-15106309.3	4-ADP|i|3|MD	1
Blog_265827-15106309.5	1-ADP|I|0|--	1
Blog_265827-15106309.6	2-AUX|ska|0|--	1
Blog_265827-14455644.2	4-AUX|har|0|--	1
Blog_265827-14455644.4	2-AUX|är|0|-- 6-AUX|HAR|2|parataxis	2
Blog_265827-14455644.7	6-SCONJ|som|4|OA	1
Blog_265827-14653745.1	19-ADP|på|16|OO	1
Blog_265827-14653745.1	15-AUX|kan|13|MD	1
Blog_265827-14653745.1	4-ADP|på|3|MD	1
Blog_265827-14653745.2	2-ADP|på|1|OA	1
Blog_265827-14653745.2	5-ADP|efter|1|MD	1
Blog_265827-14653745.3	3-SCONJ|att|2|OO	1
Blog_265827-14653745.3	1-AUX|Kan|0|--	1
Blog_265827-14454798.2	7-ADP|på|6|MD	1
Blog_265827-14454798.3	10-SCONJ|att|7|ES 12-AUX|är|10|OO	2
Blog_265827-14454798.5	6-SCONJ|att|5|OP 8-AUX|har|6|OO	2
Blog_265827-14454798.5	3-AUX|har|0|--	1
Blog_265827-14454798.6	5-AUX|har|0|-- 1-ADP|På|5|MD	2
Blog_265827-14781982.1	2-ADP|på|1|MD	1
Blog_265827-14781982.3	3-ADP|mot|1|MD	1
Blog_265827-14989915.2	5-ADP|till|4|OA	1
Blog_265827-14989915.3	8-ADP|på|7|MD	1
Blog_265827-14989915.3	11-SCONJ|då|7|MD	1
Blog_265827-14989915.3	6-AUX|ska|1|conj	1
Blog_265827-14989915.4	1-AUX|Har|0|--	1
Blog_265827-15165011.1	11-ADP|till|9|RA	1
Blog_265827-15165011.1	13-ADP|på|9|MD	1
Blog_265827-15165011.1	5-SCONJ|att|4|OO 8-AUX|skulle|5|OO	2
Blog_265827-15165011.2	8-ADP|efter|6|MD	1
Blog_265827-15165011.2	19-PART|att|17|ES	1
Blog_265827-15165011.2	21-AUX|var|0|--	1
Blog_265827-15165011.3	5-AUX|hade|0|--	1
Blog_265827-14454566.1	12-SCONJ|som|10|OA	1
Blog_265827-14454566.1	16-ADP|på|10|MD	1
Blog_265827-14454566.1	7-ADP|om|6|OA 8-SCONJ|att|7|OO	2
Blog_265827-14454566.1	4-AUX|är|0|--	1
Blog_265827-14454566.2	2-AUX|kan|0|-- 4-ADP|med|2|MD	2
Blog_265827-14454566.2	7-SCONJ|att|6|OO	1
Blog_265827-14454566.3	1-ADP|I|5|DF	1
Blog_265827-14454566.3	11-AUX|har|5|conj	1
Blog_265827-14454566.6	4-AUX|är|0|--	1
Blog_265827-14749671.1	6-ADP|från|4|MD	1
Blog_265827-14749671.1	10-AUX|var|9|OO	1
Blog_265827-14749671.2	18-ADP|från|15|MD	1
Blog_265827-14749671.2	20-SCONJ|som|15|MD	1
Blog_265827-14749671.2	13-ADP|på|11|OA	1
Blog_265827-14749671.2	16-ADP|på|11|MD	1
Blog_265827-14749671.4	4-ADP|i|2|MD	1
Blog_265827-14749671.8	2-AUX|vill|0|--	1
Blog_265827-15106305.1	6-DET|den|8|DT	1
Blog_265827-15106305.1	4-SCONJ|som|3|MD	1
Blog_265827-15106305.2	6-ADP|sen|5|OA	1
Blog_265827-15106305.2	2-AUX|har|0|-- 4-AUX|varit|2|IV	2
Blog_265827-15106305.2	17-ADP|ur|15|RA	1
Blog_265827-15106305.2	14-PART|att|10|ES	1
Blog_265827-15106305.3	12-SCONJ|om|9|MD	1
Blog_265827-15106305.4	4-ADP|i|3|OA	1
Blog_265827-15106305.4	2-AUX|är|0|--	1
Blog_265827-15106305.5	4-ADP|för|2|MD	1
Blog_265827-14701534.1	3-ADP|för|1|DF	1
Blog_265827-14701534.2	12-AUX|vara|10|IV	1
Blog_265827-14701534.2	2-AUX|är|0|--	1
Blog_265827-14701534.3	6-AUX|kommer|0|-- 2-ADP|på|6|MD	2
Blog_265827-14701534.3	6-AUX|kommer|0|-- 2-ADP|på|6|MD 11-ADP|i|6|MD	3
Blog_265827-14701534.5	6-ADP|på|3|MD	1
Blog_265827-14701534.7	2-ADP|på|1|MD	1
Blog_265827-14781979.1	3-DET|den|5|DT	1
Blog_265827-14781979.1	6-SCONJ|som|5|MD	1
Blog_265827-14781979.4	1-AUX|Vill|0|--	1
Blog_265827-14749670.1	4-AUX|kan|0|--	1
Blog_265827-14749670.2	15-ADP|på|14|OA	1
Blog_265827-14749670.2	1-SCONJ|Om|0|-- 11-AUX|är|1|parataxis	2
Blog_265827-14454531.1	3-ADP|på|1|MD	1
Blog_265827-14454531.2	12-ADP|till|11|RA	1
Blog_265827-14454531.2	16-DET|en|17|DT	1
Blog_265827-14454531.2	14-ADP|om|11|MD	1
Blog_265827-14454531.2	8-ADP|på|7|MD 9-SCONJ|att|8|OO	2
Blog_265827-14454531.2	2-AUX|är|0|-- 6-ADP|med|2|MD	2
Blog_265827-14454531.3	4-ADP|i|3|MD	1
Blog_265827-14454531.3	2-AUX|får|0|--	1
Blog_265827-14454531.4	5-PART|att|4|OO	1
Blog_265827-14454531.5	2-SCONJ|att|1|OO 4-AUX|var|2|OO	2
Blog_265827-14454804.2	3-ADP|över|2|OA	1
Blog_265827-14454804.2	1-AUX|Varit|0|--	1
Blog_265827-14454804.3	3-ADP|om|2|MD	1
Blog_265827-14454804.3	1-AUX|Ska|0|--	1
Blog_265827-14454804.4	11-ADP|för|10|MD 12-PART|att|11|OO	2
Blog_265827-14454804.4	2-AUX|ska|0|--	1
Blog_265827-14454804.5	15-AUX|är|2|conj	1
Blog_265827-14454804.6	20-ADP|med|18|OA	1
Blog_265827-14454804.6	15-AUX|ska|2|conj	1
Blog_265827-14454804.7	7-SCONJ|som|5|MD	1
Blog_265827-14454804.7	14-ADP|med|2|conj	1
Blog_265827-14889090.1	1-AUX|Ska|0|--	1
Blog_265827-14889090.2	6-ADP|med|1|MD	1
Blog_265827-14889090.3	4-ADP|med|3|MD	1
Blog_265827-14455040.1	2-AUX|är|0|--	1
Blog_265827-14455040.3	2-AUX|ska|0|--	1
Blog_265827-14889091.1	2-AUX|är|0|--	1
Blog_265827-14922303.2	4-ADP|i|2|OA	1
Blog_265827-14922303.2	12-ADP|i|9|OA	1
Blog_265827-8186120.1	4-ADP|med|3|MD	1
Blog_265827-8186120.1	2-AUX|kommer|0|-- 7-PART|att|2|IV	2
Blog_265827-8186120.2	5-ADP|vid|1|MD	1
Blog_265827-8186120.3	4-ADP|från|3|MD	1
Blog_265827-8186120.3	2-SCONJ|som|1|SP	1
Blog_265827-8186120.4	2-AUX|är|0|--	1
Blog_265827-15106303.1	12-ADP|av|9|AN	1
Blog_265827-15106303.1	5-SCONJ|att|2|OO	1
Blog_265827-15106303.2	6-ADP|i|4|MD	1
Blog_265827-15106303.3	6-ADP|med|5|OA	1
Blog_265827-15106303.3	3-AUX|är|0|--	1
Blog_265827-14455160.3	1-AUX|Ska|0|--	1
Blog_265827-14455160.4	2-ADP|på|1|MD	1
Blog_265827-14455160.4	6-SCONJ|än|5|JF	1
Blog_265827-14455160.5	1-ADP|För|3|MD	1
Blog_265827-14989916.2	2-AUX|får|0|--	1
Blog_265827-14989916.4	7-ADP|på|6|OA	1
Blog_265827-14989916.4	5-SCONJ|som|3|OO	1
Blog_265827-14989916.4	2-SCONJ|som|1|MD	1
Blog_265827-15106302.1	2-PART|att|1|OO	1
Blog_265827-15106302.2	3-ADP|efter|8|MD	1
Blog_265827-15106302.2	10-DET|en|12|DT	1
Blog_265827-15106302.4	6-ADP|på|5|MD	1
Blog_265827-15106302.4	4-SCONJ|som|3|MD	1
Blog_265827-15106302.4	2-AUX|är|0|--	1
Blog_265827-15106302.5	9-SCONJ|att|7|OO	1
Blog_265827-15106302.5	3-SCONJ|att|2|OO 5-AUX|måste|3|OO	2
Blog_265827-15106302.10	4-ADP|på|2|OA	1
Blog_265827-15106302.10	9-ADP|över|2|MD	1
Blog_265827-15106302.10	19-SCONJ|innan|16|MD	1
Blog_265827-15106302.10	13-ADP|fast|2|MD 14-SCONJ|att|13|OO	2
Blog_265827-15106302.11	4-ADP|med|3|MD	1
Blog_265827-15106302.11	2-AUX|har|0|-- 7-ADP|för|2|MD	2
Blog_265827-15106302.12	9-ADP|av|7|MD	1
Blog_265827-15106302.12	2-AUX|är|0|--	1
Blog_265827-15106302.13	6-ADP|i|4|MD	1
Blog_265827-15106302.13	3-PART|att|2|OO	1
Blog_265827-14844246.1	12-ADP|på|11|RA	1
Blog_265827-14844246.1	9-SCONJ|att|8|OO	1
Blog_265827-14844246.1	6-ADP|med|5|MD 7-PART|att|6|OO	2
Blog_265827-14844246.1	4-AUX|måste|0|--	1
Blog_265827-14844246.2	1-ADP|Efter|3|MD	1
Blog_265827-14844246.2	5-ADP|med|3|MD	1
Blog_265827-14844246.2	15-ADP|på|13|MD	1
Blog_265827-14844246.2	11-ADP|för|9|MD 12-PART|att|11|OO	2
Blog_265827-14844246.3	8-ADP|på|7|RA	1
Blog_265827-14844246.3	12-SCONJ|tills|7|MD	1
Blog_265827-14844246.5	8-ADP|från|7|RA	1
Blog_265827-14844246.5	5-SCONJ|att|2|ES	1
Blog_265827-14844246.5	19-ADP|till|18|MD	1
Blog_265827-14844246.5	15-SCONJ|som|13|MD 17-AUX|var|15|OO	2
Blog_265827-14844246.8	3-AUX|var|0|-- 4-SCONJ|att|3|SP	2
Blog_265827-14844246.9	9-ADP|med|8|MD	1
Blog_265827-14844246.9	6-ADP|i|3|DF	1
Blog_265827-14844246.9	14-ADP|genom|13|RA	1
Blog_265827-14844246.11	2-AUX|var|0|--	1
Blog_265827-15246480.1	6-AUX|är|4|OO	1
Blog_265827-15246480.2	3-ADP|i|1|MD	1
Blog_265827-15246480.2	6-AUX|var|1|conj	1
Blog_265827-15246480.3	3-ADP|vid|2|AN	1
Blog_265827-15246480.4	4-ADP|för|3|MD	1
Blog_265827-14454655.1	6-SCONJ|att|4|OO 8-AUX|är|6|OO	2
Blog_265827-14454655.1	2-AUX|har|0|--	1
Blog_265827-14454655.3	5-ADP|för|4|MD	1
Blog_265827-14454655.3	11-ADP|för|10|MD	1
Blog_265827-14454655.4	8-ADP|med|5|MD	1
Blog_265827-14454655.4	3-AUX|har|0|--	1
Blog_265827-14454655.6	11-AUX|ska|3|conj	1
Blog_265827-14653742.1	4-ADP|på|2|OA	1
Blog_265827-14455131.1	6-ADP|från|5|MD	1
Blog_265827-14455131.2	4-ADP|för|1|MD 5-PART|att|4|OO 6-AUX|vara|5|OO	3
Blog_265827-14455131.2	13-ADP|på|12|OA	1
Blog_265827-14455131.3	5-ADP|till|2|RA	1
Blog_265827-15106306.1	8-ADP|i|4|MD	1
Blog_265827-15106306.1	2-AUX|har|0|--	1
Blog_265827-15106306.2	3-AUX|har|0|--	1
Blog_265827-15106306.3	1-ADP|För|5|MD	1
Blog_265827-15106306.3	15-ADP|om|14|MD	1
Blog_265827-15106306.4	5-ADP|över|4|OA	1
Blog_265827-15106306.6	13-DET|den|15|DT	1
Blog_265827-15106306.6	5-SCONJ|att|2|OO 9-AUX|ska|5|OO	2
Blog_265827-15106306.7	11-ADP|i|10|MD	1
Blog_265827-15106306.7	19-DET|varje|20|DT	1
Blog_265827-15106306.7	33-ADP|i|30|RA	1
Blog_265827-15106306.7	42-AUX|skulle|40|MD	1
Blog_265827-15106306.9	10-ADP|på|9|MD	1
Blog_265827-15106306.9	6-ADP|efter|5|OA 7-SCONJ|att|6|OO	2
Blog_265827-15106306.9	20-ADP|till|19|MD	1
Blog_265827-15106306.9	18-PART|att|17|MD	1
Blog_265827-15106306.11	2-PART|att|1|OO	1
Blog_265827-15106306.11	7-ADP|med|1|parataxis	1
Blog_265827-14749673.2	4-ADP|innan|2|MD	1
Blog_265827-14749673.2	8-AUX|var|7|OO	1
Blog_265827-14749673.3	25-ADP|med|23|OA	1
Blog_265827-14749673.3	21-SCONJ|innan|8|MD	1
Blog_265827-14749673.3	7-AUX|ska|1|conj	1
Blog_265827-14749673.6	2-AUX|är|0|--	1
Blog_265827-14749673.7	5-ADP|åt|4|MD	1
Blog_265827-14749673.9	3-ADP|av|2|AG	1
Blog_265827-14749673.9	1-PART|Att|6|SB	1
Blog_265827-14749673.10	6-SCONJ|att|5|OO	1
Blog_265827-14749673.11	3-ADP|om|2|MD	1
Blog_265827-14749673.11	1-ADP|På|6|MD	1
Blog_265827-14749673.11	8-ADP|med|6|MD	1
Blog_265827-14749673.11	10-ADP|för|6|MD	1
Blog_265827-14749673.11	19-SCONJ|att|18|OO	1
Blog_265827-14749673.12	13-ADP|på|12|MD	1
Blog_265827-15028532.1	13-ADP|med|12|OA	1
Blog_265827-15028532.2	2-AUX|är|0|--	1
Blog_265827-15028532.3	12-ADP|på|10|OO	1
Blog_265827-15028532.3	5-SCONJ|att|4|MD 15-AUX|är|5|OO 6-ADP|bland|15|SB	3
Blog_265827-15028532.4	1-SCONJ|Om|8|MD	1
Blog_265827-15106304.1	2-AUX|kan|0|--	1
Blog_265827-15106304.2	23-ADP|PÅ|22|OA	1
Blog_265827-15106304.2	2-AUX|kunde|0|--	1
Blog_265827-15106304.4	9-ADP|med|7|MD	1
Blog_265827-15106304.7	7-ADP|på|1|MD	1
Blog_265827-15246470.1	2-AUX|är|0|-- 4-ADP|på|2|SP	2
Blog_6843-4101497.1	6-SCONJ|som|4|MD	1
Blog_6843-4101497.1	2-AUX|har|0|--	1
Blog_6843-4101497.2	2-AUX|är|0|-- 5-PART|att|2|ES 6-AUX|vara|5|OO	3
Blog_6843-4101497.3	4-AUX|var|2|OO	1
Blog_6843-4101497.3	22-ADP|om|21|MD	1
Blog_6843-4101497.3	19-AUX|får|2|conj	1
Blog_6843-4101497.5	3-PART|att|2|MD	1
Blog_6843-4101497.5	5-ADP|om|2|MD	1
Blog_6843-4101497.5	20-ADP|i|18|MD	1
Blog_6843-4101497.5	17-ADP|på|16|OA	1
Blog_6843-4101497.5	15-AUX|är|11|conj	1
Blog_6843-4101497.5	9-SCONJ|om|27|MD	1
Blog_6843-4101497.5	29-ADP|för|28|MD	1
Blog_6843-4868011.1	11-DET|den|13|DT	1
Blog_6843-4868011.1	21-ADP|med|20|MD	1
Blog_6843-4868011.1	17-ADP|om|16|OA	1
Blog_6843-4868011.1	15-SCONJ|som|9|MD	1
Blog_6843-4868011.1	2-AUX|var|0|--	1
Blog_6843-4868011.2	2-AUX|är|0|--	1
Blog_6843-4868011.3	17-ADP|med|16|MD	1
Blog_6843-4868011.3	24-ADP|utan|23|MD	1
Blog_6843-4868011.3	14-ADP|om|13|MD	1
Blog_6843-4868011.3	11-SCONJ|där|8|MD	1
Blog_6843-4868011.3	6-ADP|med|5|OA	1
Blog_6843-4868011.3	4-AUX|är|0|--	1
Blog_6843-4868011.4	4-ADP|på|3|OA	1
Blog_6843-4868011.4	2-AUX|är|0|--	1
Blog_6843-4868011.5	5-ADP|i|4|MD	1
Blog_6843-4868011.5	12-PART|att|11|MD	1
Blog_6843-4868011.6	8-DET|den|10|DT	1
Blog_6843-4868011.6	11-ADP|av|10|MD	1
Blog_6843-4868011.6	7-ADP|i|6|MD	1
Blog_6843-4868011.6	24-SCONJ|som|23|JF 25-SCONJ|om|24|OO	2
Blog_6843-4868011.6	20-ADP|i|18|MD 21-SCONJ|att|20|OO	2
Blog_6843-4868011.6	2-AUX|är|0|-- 5-SCONJ|att|2|ES	2
Blog_6843-5164672.1	1-ADP|I|3|MD	1
Blog_6843-5164672.1	9-SCONJ|som|3|MD	1
Blog_6843-5164672.2	5-ADP|i|2|OA	1
Blog_6843-5164672.3	10-SCONJ|som|9|MD 11-SCONJ|att|10|OO 13-AUX|är|11|OO 14-ADP|på|13|SP	4
Blog_6843-5164672.3	4-AUX|är|2|OO 7-SCONJ|att|4|ES	2
Blog_6843-5164672.4	1-ADP|För|5|MD	1
Blog_6843-5164672.4	8-ADP|om|5|MD	1
Blog_6843-5164672.4	17-AUX|är|5|conj 21-ADP|på|17|SP	2
Blog_6843-5164672.4	25-ADP|för|24|MD	1
Blog_6843-5164672.6	8-ADP|på|7|OA	1
Blog_6843-5164672.6	15-AUX|vara|14|IV	1
Blog_6843-5164672.7	3-AUX|ville|0|--	1
Blog_6843-5164672.8	2-AUX|ville|0|--	1
Blog_6843-5164672.9	5-ADP|för|4|MD	1
Blog_6843-5164672.9	2-ADP|med|21|parataxis	1
Blog_6843-5164672.9	29-ADP|för|28|MD	1
Blog_6843-5164672.9	25-SCONJ|att|21|OO 27-AUX|är|25|OO	2
Blog_6843-5164672.10	25-ADP|i|28|MD	1
Blog_6843-5164672.10	36-ADP|om|35|OA	1
Blog_6843-5164672.10	41-ADP|till|39|OP	1
Blog_6843-5164672.10	48-ADP|av|47|MD	1
Blog_6843-5164672.10	58-ADP|utanför|56|MD	1
Blog_6843-5164672.10	55-SCONJ|som|54|MD	1
Blog_6843-5164672.10	50-AUX|vara|46|IV	1
Blog_6843-5164672.10	44-ADP|genom|39|MD 45-PART|att|44|OO	2
Blog_6843-5164672.10	29-SCONJ|att|28|OO 31-AUX|var|29|OO	2
Blog_6843-5164672.10	18-ADP|i|17|MD	1
Blog_6843-5164672.10	11-ADP|om|10|OA	1
Blog_6843-5164672.10	5-AUX|är|2|OO	1
Blog_6843-5164672.11	11-ADP|i|7|OA	1
Blog_6843-5164672.12	13-ADP|på|11|OA	1
Blog_6843-5164672.12	10-AUX|har|7|MD	1
Blog_6843-5164672.12	5-AUX|vara|3|IV	1
Blog_6843-5164672.13	8-ADP|vid|7|MD	1
Blog_6843-5164672.13	5-ADP|i|4|RA	1
Blog_6843-5164672.13	2-AUX|är|0|--	1
Blog_6843-5164672.15	2-AUX|är|0|-- 3-SCONJ|som|2|SP	2
Blog_6843-5164672.16	11-ADP|om|10|MD	1
Blog_6843-4328736.1	10-DET|den|12|DT	1
Blog_6843-4328736.1	9-ADP|om|8|OO	1
Blog_6843-4328736.1	7-AUX|ska|5|OO	1
Blog_6843-4328736.2	1-ADP|Av|8|MD	1
Blog_6843-4328736.2	10-SCONJ|som|8|MD	1
Blog_6843-4328736.2	3-AUX|har|0|--	1
Blog_6843-4328736.3	12-ADP|med|11|MD	1
Blog_6843-4328736.3	5-ADP|på|4|OA 6-SCONJ|att|5|OO	2
Blog_6843-4328736.3	2-AUX|kan|0|--	1
Blog_6843-4328736.4	2-AUX|är|0|--	1
Blog_6843-4328736.5	15-AUX|vill|13|OO	1
Blog_6843-4328736.6	8-ADP|i|7|OA	1
Blog_6843-4328736.6	5-SCONJ|som|4|MD 6-AUX|är|5|OO	2
Blog_6843-4328736.6	2-AUX|är|0|--	1
Blog_6843-4328736.7	5-ADP|hos|4|MD	1
Blog_6843-4328736.7	10-ADP|med|9|MD	1
Blog_6843-4328736.7	15-SCONJ|där|13|MD	1
Blog_6843-4328736.7	12-ADP|till|9|RA	1
Blog_6843-4328736.8	10-SCONJ|än|9|JF	1
Blog_6843-4328736.9	10-PART|att|9|MD	1
Blog_6843-4328736.11	6-ADP|av|5|AG	1
Blog_6843-4328736.11	12-AUX|hade|0|-- 1-SCONJ|Om|12|MD 4-AUX|vore|1|OO	3
Blog_6843-4328736.12	4-AUX|är|0|-- 7-SCONJ|att|4|SP	2
Blog_6843-4255016.1	12-ADP|över|10|OA	1
Blog_6843-4255016.2	23-ADP|på|22|MD	1
Blog_6843-4255016.2	21-AUX|har|15|conj	1
Blog_6843-4255016.2	12-ADP|bland|10|OA	1
Blog_6843-4255016.3	15-ADP|på|13|MD	1
Blog_6843-4255016.3	20-SCONJ|som|19|MD	1
Blog_6843-4255016.3	17-ADP|på|13|MD	1
Blog_6843-4255016.3	10-ADP|på|9|OA 11-SCONJ|att|10|OO	2
Blog_6843-4255016.4	7-ADP|av|6|AG	1
Blog_6843-4255016.4	2-AUX|är|0|-- 4-SCONJ|att|2|ES	2
Blog_6843-4255016.5	9-SCONJ|som|7|MD 10-AUX|vill|9|OO	2
Blog_6843-4255016.5	5-ADP|i|4|MD	1
Blog_6843-4255016.5	2-AUX|är|0|--	1
Blog_6843-4255016.6	9-ADP|med|13|MD	1
Blog_6843-4255016.6	10-PART|att|13|SB	1
Blog_6843-4255016.6	25-SCONJ|där|23|MD 29-AUX|är|25|OO	2
Blog_6843-4255016.6	19-ADP|i|16|RA	1
Blog_6843-4255016.6	14-AUX|vara|13|IV 15-PART|att|14|SP	2
Blog_6843-4255016.7	4-AUX|är|0|-- 1-ADP|För|4|MD	2
Blog_6843-4255016.7	7-ADP|för|6|OA	1
Blog_6843-4255016.8	14-AUX|borde|12|MD	1
Blog_6843-4255016.8	6-ADP|genom|2|MD 7-SCONJ|att|6|OO 9-AUX|vara|7|OO	3
Blog_6843-4255016.9	10-ADP|till|9|MD	1
Blog_6843-4255016.9	5-PART|att|4|MD	1
Blog_6843-4255016.10	5-ADP|i|4|MD	1
Blog_6843-4255016.10	12-PART|att|11|IV	1
Blog_6843-4255016.10	7-SCONJ|som|2|EF 8-AUX|måste|7|OO	2
Blog_6843-4255016.11	6-ADP|på|9|MD	1
Blog_6843-4255016.11	13-ADP|för|11|MD	1
Blog_6843-4255016.11	2-AUX|är|0|-- 3-SCONJ|som|2|SP 4-SCONJ|om|3|OO	3
Blog_6843-4255016.12	5-ADP|på|4|OA	1
Blog_6843-4255016.12	2-AUX|är|0|--	1
Blog_6843-4255016.13	4-ADP|på|2|MD	1
Blog_6843-4255016.13	19-ADP|i|15|MD	1
Blog_6843-4255016.13	36-SCONJ|att|35|OO 38-AUX|ska|36|OO	2
Blog_6843-4255016.13	46-AUX|få|45|IV 48-PART|att|46|IV	2
Blog_6843-4255016.13	50-ADP|för|45|MD 51-PART|att|50|OO	2
Blog_6843-4255016.13	28-ADP|om|27|MD 29-SCONJ|att|28|OO 31-AUX|kan|29|OO	3
Blog_6843-4255016.13	12-AUX|är|2|conj 13-SCONJ|att|12|SP 22-SCONJ|att|13|AN	3
Blog_6843-4255016.14	12-ADP|över|11|MD	1
Blog_6843-4255016.14	22-ADP|i|20|MD	1
Blog_6843-4255016.14	15-SCONJ|som|11|MD	1
Blog_6843-4255016.14	9-ADP|i|8|MD	1
Blog_6843-4255016.16	5-ADP|emot|2|OA 6-PART|att|5|OO	2
Blog_6843-3465275.1	6-ADP|av|5|MD	1
Blog_6843-3465275.1	4-AUX|är|0|--	1
Blog_6843-3465275.2	19-ADP|i|17|MD	1
Blog_6843-3465275.2	27-ADP|i|26|OA	1
Blog_6843-3465275.2	24-AUX|hade|21|conj 25-AUX|varit|24|IV	2
Blog_6843-3465275.2	24-AUX|hade|21|conj 25-AUX|varit|24|IV 30-SCONJ|innan|24|MD	3
Blog_6843-3465275.2	11-ADP|med|10|MD	1
Blog_6843-3465275.2	9-SCONJ|som|7|MD	1
Blog_6843-3465275.2	6-ADP|från|2|MD	1
Blog_6843-3465275.3	17-ADP|efter|27|MD	1
Blog_6843-3465275.3	35-ADP|i|34|MD	1
Blog_6843-3465275.3	33-SCONJ|att|32|MD 37-AUX|måste|33|OO	2
Blog_6843-3465275.3	29-ADP|till|27|OA	1
Blog_6843-3465275.3	11-SCONJ|som|9|MD	1
Blog_6843-3465275.3	7-ADP|om|5|MD	1
Blog_6843-3465275.4	13-SCONJ|som|12|MD	1
Blog_6843-3465275.4	9-AUX|vara|8|IV	1
Blog_6843-3465275.4	6-SCONJ|som|5|MD	1
Blog_6843-3465275.4	3-ADP|av|2|OA	1
Blog_6843-3465275.5	29-SCONJ|som|28|MD	1
Blog_6843-3465275.5	26-ADP|till|24|OA	1
Blog_6843-3465275.5	12-AUX|är|2|conj 14-PART|att|12|ES	2
Blog_6843-3465275.6	25-ADP|med|26|MD	1
Blog_6843-3465275.6	37-ADP|mellan|36|MD	1
Blog_6843-3465275.6	35-PART|att|31|MD	1
Blog_6843-3465275.6	39-AUX|är|0|--	1
Blog_6843-3465275.7	2-AUX|är|0|--	1
Blog_6843-3465275.8	2-AUX|är|0|--	1
Blog_6843-3465275.9	15-ADP|om|14|OA	1
Blog_6843-4575758.1	2-AUX|är|0|--	1
Blog_6843-4575758.2	15-ADP|till|14|RA	1
Blog_6843-4575758.2	12-SCONJ|som|11|MD	1
Blog_6843-4575758.2	24-ADP|på|26|MD	1
Blog_6843-4575758.2	28-ADP|för|26|MD 29-SCONJ|att|28|OO 31-AUX|var|29|OO	3
Blog_6843-4575758.2	23-SCONJ|som|22|MD	1
Blog_6843-4575758.2	8-ADP|om|7|MD	1
Blog_6843-4575758.2	3-SCONJ|som|2|MD 4-AUX|vill|3|OO	2
Blog_6843-4575758.2	1-ADP|För|36|MD	1
Blog_6843-4575758.2	34-AUX|kan|0|--	1
Blog_6843-4575758.3	6-ADP|i|5|MD	1
Blog_6843-4575758.3	3-AUX|är|0|--	1
Blog_6843-4575758.4	9-SCONJ|som|8|MD	1
Blog_6843-4575758.4	12-SCONJ|då|8|MD 15-AUX|är|12|OO	2
Blog_6843-4575758.5	7-ADP|med|4|OO	1
Blog_6843-4575758.5	2-SCONJ|som|1|MD	1
Blog_6843-4575758.5	17-ADP|om|16|OA	1
Blog_6843-4575758.5	34-ADP|om|32|OA	1
Blog_6843-4575758.5	9-AUX|är|0|-- 10-SCONJ|att|9|SP	2
Blog_6843-4575758.6	3-AUX|är|0|-- 7-ADP|i|3|MD	2
Blog_6843-4575758.8	2-AUX|är|0|--	1
Blog_6843-4575758.9	6-AUX|är|3|OO	1
Blog_6843-2767923.1	15-ADP|av|14|MD	1
Blog_6843-2767923.1	21-ADP|av|20|MD	1
Blog_6843-2767923.1	9-ADP|till|5|MD	1
Blog_6843-2767923.2	10-ADP|efter|9|OA 11-PART|att|10|OO	2
Blog_6843-2767923.2	2-AUX|är|0|-- 5-SCONJ|som|2|EF 8-AUX|har|5|OO	3
Blog_6843-2767923.3	7-SCONJ|som|6|JF	1
Blog_6843-2767923.3	3-SCONJ|att|2|OO 5-AUX|är|3|OO	2
Blog_6843-2767923.4	18-ADP|från|17|OA 19-SCONJ|att|18|OO	2
Blog_6843-2767923.4	14-SCONJ|som|13|MD 15-AUX|är|14|OO	2
Blog_6843-2767923.4	12-SCONJ|som|9|OA	1
Blog_6843-2767923.5	2-AUX|är|0|--	1
Blog_6843-2767923.6	5-SCONJ|att|2|OO	1
Blog_6843-2767923.6	23-ADP|på|22|MD	1
Blog_6843-2767923.6	17-ADP|för|2|MD 18-SCONJ|att|17|OO 21-AUX|får|18|OO	3
Blog_6843-2767923.8	9-ADP|till|8|OA	1
Blog_6843-2767923.8	4-SCONJ|som|3|MD 6-AUX|är|4|OO	2
Blog_6843-2767923.9	2-ADP|av|1|MD	1
Blog_6843-2767923.9	9-ADP|med|5|MD	1
Blog_6843-2767923.9	10-ADP|för|5|OA	1
Blog_6843-2767923.12	2-SCONJ|som|1|MD 6-AUX|är|2|OO 3-ADP|i|6|MD	3
Blog_6843-2767923.12	9-ADP|med|8|OA	1
Blog_6843-2767923.12	27-ADP|på|24|MD	1
Blog_6843-2767923.12	16-SCONJ|medan|15|MD 22-SCONJ|medan|16|AN	2
Blog_6843-2767923.12	11-AUX|är|0|-- 12-SCONJ|att|11|SP 14-AUX|kan|12|OO	3
Blog_6843-2767923.13	8-ADP|på|7|MD	1
Blog_6843-2767923.13	5-ADP|på|3|MD	1
Blog_6843-2767923.14	4-ADP|på|2|OA	1
Blog_6843-2767923.15	4-ADP|i|2|OA	1
Blog_6843-2767923.15	14-ADP|för|2|MD	1
Blog_6843-2767923.16	16-ADP|på|15|MD	1
Blog_6843-2767923.16	23-SCONJ|som|15|MD	1
Blog_6843-2767923.16	6-ADP|i|4|OA	1
Blog_6843-2767923.16	2-AUX|har|0|--	1
Blog_6843-2767923.17	8-ADP|om|4|MD	1
Blog_6843-2767923.17	2-AUX|har|0|-- 12-AUX|är|2|DF	2
Blog_6843-2767923.18	3-SCONJ|som|2|MD	1
Blog_6843-2767923.18	16-ADP|för|15|MD	1
Blog_6843-2767923.18	9-AUX|är|0|--	1
Blog_6843-2767923.19	3-ADP|bland|2|MD	1
Blog_6843-2767923.19	5-ADP|med|2|MD	1
Blog_6843-2767923.19	32-ADP|utan|17|conj	1
Blog_6843-2767923.19	10-SCONJ|som|9|MD	1
Blog_5089-9048317.2	7-ADP|hos|0|-- 9-ADP|i|7|MD	2
Blog_5089-9048317.3	9-AUX|skulle|2|conj 6-SCONJ|innan|9|MD	2
Blog_5089-9048317.3	14-ADP|på|12|MD	1
Blog_5089-9048317.3	30-ADP|på|29|MD	1
Blog_5089-9048317.3	25-ADP|med|24|MD	1
Blog_5089-9048317.3	17-ADP|för|12|MD 18-SCONJ|å|17|OO	2
Blog_5089-9048317.4	3-SCONJ|att|2|MD	1
Blog_5089-9048317.5	11-ADP|på|8|MD	1
Blog_5089-9048317.5	6-SCONJ|än|5|JF	1
Blog_5089-9048317.6	7-ADP|på|3|MD	1
Blog_5089-9048317.6	14-AUX|skulle|12|OO	1
Blog_5089-9048317.6	9-ADP|för|3|MD 10-SCONJ|å|9|OO	2
Blog_5089-9048317.7	10-ADP|på|7|MD	1
Blog_5089-9048317.7	6-AUX|skulle|0|--	1
Blog_5089-9048317.8	6-SCONJ|som|5|MD	1
Blog_5089-9048317.9	10-ADP|för|9|OO	1
Blog_5089-9048317.9	6-AUX|har|5|OO	1
Blog_5089-9048317.10	5-SCONJ|att|3|OO	1
Blog_5089-9048317.11	4-ADP|på|2|MD	1
Blog_5089-9048317.11	9-SCONJ|som|8|MD	1
Blog_5089-9048317.12	7-ADP|till|5|MD	1
Blog_5089-9048317.12	2-ADP|till|9|MD	1
Blog_5089-9048317.13	7-ADP|om|6|MD 8-SCONJ|att|7|OO 11-AUX|ville|8|OO	3
Blog_5089-9048317.14	12-ADP|jämte|11|RA	1
Blog_5089-9048317.14	15-ADP|över|11|RA	1
Blog_5089-9048317.14	6-AUX|blev|2|conj	1
Blog_5089-9048317.15	7-ADP|med|6|OA	1
Blog_5089-9048317.15	5-AUX|är|2|MD	1
Blog_5089-9048317.16	2-ADP|med|0|--	1
Blog_5089-9048317.17	7-SCONJ|som|6|MD 8-AUX|var|7|OO	2
Blog_5089-9048317.17	13-ADP|om|12|OA	1
Blog_5089-9048317.17	26-ADP|med|25|MD	1
Blog_5089-9048317.17	24-ADP|till|23|OA	1
Blog_5089-9048317.17	21-ADP|för|16|MD 22-SCONJ|å|21|OO	2
Blog_5089-9048317.17	33-SCONJ|att|32|OO	1
Blog_5089-9048317.18	4-SCONJ|som|3|MD	1
Blog_5089-9048317.18	11-AUX|hade|0|-- 1-ADP|Efter|11|MD	2
Blog_5089-9048317.18	15-SCONJ|som|14|JF	1
Blog_5089-9048317.19	5-ADP|i|3|MD	1
Blog_5089-9048317.19	2-AUX|skulle|0|--	1
Blog_5089-9048317.21	2-DET|ett|3|DT	1
Blog_5089-9048317.21	4-ADP|på|3|MD	1
Blog_5089-9048317.21	15-AUX|var|3|conj	1
Blog_5089-9048317.22	6-ADP|i|3|MD	1
Blog_5089-9048317.22	2-AUX|fick|0|--	1
Blog_5089-9048317.23	4-SCONJ|än|3|JF 6-SCONJ|som|4|OO 7-AUX|var|6|OO	3
Blog_5089-9048317.24	11-ADP|i|10|RA	1
Blog_5089-9048317.25	17-ADP|i|16|MD	1
Blog_5089-9048317.25	14-SCONJ|att|13|OO	1
Blog_5089-9048317.25	10-SCONJ|där|9|MD	1
Blog_5089-9048317.25	8-ADP|mot|6|RA	1
Blog_5089-9048317.26	6-ADP|på|10|RA	1
Blog_5089-9048317.26	20-ADP|i|19|MD	1
Blog_5089-9048317.26	15-ADP|med|10|MD 16-PART|att|15|OO	2
Blog_5089-9048317.26	5-SCONJ|att|3|JF	1
Blog_5089-9048317.27	3-ADP|på|1|MD 4-SCONJ|å|3|OO	2
Blog_5089-9048317.27	12-ADP|i|10|RA	1
Blog_5089-9048317.27	7-ADP|för|1|MD 8-SCONJ|att|7|OO	2
Blog_5089-9048317.28	2-AUX|var|0|--	1
Blog_5089-9048317.29	13-ADP|på|9|MD	1
Blog_5089-9048317.29	6-ADP|för|4|MD 7-SCONJ|att|6|OO	2
Blog_5089-9048317.29	2-AUX|hade|0|--	1
Blog_5089-9048317.30	6-SCONJ|å|2|OO	1
Blog_5089-9048317.30	19-AUX|kunde|17|MD	1
Blog_5089-9048317.30	15-ADP|på|22|MD	1
Blog_5089-9048317.30	25-ADP|för|22|MD	1
Blog_5089-9048317.32	8-ADP|med|7|MD	1
Blog_5089-9048317.32	11-ADP|i|3|MD	1
Blog_5089-9048317.32	2-AUX|får|0|--	1
Blog_5089-9048317.33	4-ADP|till|3|MD	1
Blog_5089-9048317.33	6-ADP|på|3|MD	1
Blog_5089-9048317.33	11-ADP|på|10|MD	1
Blog_5089-9048317.33	13-SCONJ|innan|10|MD	1
Blog_5089-9048317.34	11-ADP|på|10|MD	1
Blog_5089-9048317.34	3-AUX|var|0|-- 6-ADP|trots|3|MD 7-SCONJ|att|6|OO	3
Blog_5089-9048317.35	15-ADP|efter|11|MD	1
Blog_5089-9048317.36	13-ADP|enligt|12|MD	1
Blog_5089-9048317.36	7-SCONJ|som|5|MD 9-AUX|var|7|OO	2
Blog_5089-9048317.36	23-ADP|av|22|MD	1
Blog_5089-9048317.36	29-ADP|i|27|RA	1
Blog_5089-9048317.37	12-ADP|av|11|MD	1
Blog_5089-9048317.37	9-SCONJ|som|8|MD	1
Blog_5089-9048317.37	22-ADP|under|21|MD	1
Blog_5089-9048317.37	19-SCONJ|som|18|MD	1
Blog_5089-9048317.37	17-ADP|åt|16|OA	1
Blog_5089-9048317.37	14-AUX|ska|1|conj	1
Blog_5089-9048317.38	1-ADP|I|0|--	1
Blog_5089-9048317.39	1-ADP|I|5|MD	1
Blog_5089-9048317.39	3-AUX|ska|0|--	1
Blog_5089-9048317.42	8-ADP|hos|7|RA	1
Blog_5089-12282516.1	10-ADP|på|9|MD	1
Blog_5089-12282516.2	4-SCONJ|som|2|EF	1
Blog_5089-12282516.3	4-ADP|i|2|MD	1
Blog_5089-12282516.4	2-ADP|med|1|MD	1
Blog_5089-12282516.4	13-AUX|är|1|conj	1
Blog_5089-12282516.5	2-SCONJ|efter|1|MD	1
Blog_5089-12282516.5	5-AUX|har|0|-- 6-SCONJ|om|5|MD	2
Blog_5089-12282516.6	4-ADP|hos|3|RA	1
Blog_5089-12282516.6	2-AUX|har|0|--	1
Blog_5089-12282516.7	4-ADP|i|1|MD	1
Blog_5089-12282516.7	20-ADP|med|19|MD	1
Blog_5089-12282516.7	15-ADP|med|14|MD	1
Blog_5089-12282516.7	29-ADP|med|27|OA	1
Blog_5089-12282516.10	4-ADP|i|3|MD	1
Blog_5089-12282516.10	8-ADP|för|7|OA 9-ADP|i|8|OO	2
Blog_5089-12282516.10	6-AUX|var|0|--	1
Blog_5089-12282516.11	5-AUX|var|0|--	1
Blog_5089-12282516.12	8-SCONJ|som|6|JF	1
Blog_5089-12282516.12	16-ADP|av|15|MD	1
Blog_5089-12282516.12	2-AUX|har|0|-- 4-AUX|varit|2|IV 14-ADP|under|4|MD	3
Blog_5089-12282516.13	2-AUX|har|0|-- 4-AUX|varit|2|IV	2
Blog_5089-12282516.14	11-AUX|har|9|MD	1
Blog_5089-12282516.15	6-AUX|är|0|--	1
Blog_5089-12282516.17	7-ADP|från|6|MD	1
Blog_5089-12282516.17	4-ADP|av|3|MD	1
Blog_5089-12282516.17	15-SCONJ|som|13|MD	1
Blog_5089-12282516.17	12-ADP|till|11|MD	1
Blog_5089-12282516.18	12-ADP|utöver|14|MD	1
Blog_5089-12282516.18	23-ADP|med|22|MD	1
Blog_5089-12282516.18	26-ADP|till|22|MD	1
Blog_5089-12282516.18	17-ADP|på|14|MD	1
Blog_5089-12282516.19	5-DET|nån|6|DT	1
Blog_5089-12282516.19	3-ADP|på|2|MD	1
Blog_5089-12282516.19	7-ADP|i|2|MD	1
Blog_5089-12282516.19	11-ADP|efter|10|MD	1
Blog_5089-12282516.20	4-SCONJ|som|3|JF	1
Blog_5089-12282516.20	8-AUX|må|3|OO	1
Blog_5089-12282516.21	9-ADP|på|8|MD	1
Blog_5089-12282516.21	11-ADP|i|8|RA	1
Blog_5089-12282516.21	13-ADP|i|8|MD	1
Blog_5089-12282516.21	5-SCONJ|att|4|OO 7-AUX|ska|5|OO	2
Blog_5089-12282516.21	2-AUX|har|0|--	1
Blog_5089-12282516.22	1-ADP|Till|5|MD	1
Blog_5089-12282516.22	9-ADP|av|8|MD	1
Blog_5089-12282516.24	7-ADP|utan|6|MD 8-SCONJ|att|7|OO	2
Blog_5089-12282516.24	4-AUX|kan|0|--	1
Blog_5089-12282516.25	1-ADP|Av|5|MD	1
Blog_5089-12282516.25	12-SCONJ|att|11|OO 14-AUX|är|12|OO	2
Blog_5089-12282516.25	9-SCONJ|om|5|MD	1
Blog_5089-12282516.26	3-AUX|är|0|-- 1-ADP|I|3|MD	2
Blog_5089-12282516.26	11-ADP|på|9|MD	1
Blog_5089-12282516.26	13-ADP|på|9|MD	1
Blog_5089-12282516.26	21-ADP|för|20|MD	1
Blog_5089-12282516.27	1-ADP|På|3|MD	1
Blog_5089-12282516.27	9-ADP|av|8|MD	1
Blog_5089-12282516.27	6-ADP|med|3|MD	1
Blog_5089-12282516.27	11-ADP|på|3|RA	1
Blog_5089-12282516.28	4-AUX|ska|2|OO	1
Blog_5089-12282516.28	16-SCONJ|att|15|OO 18-AUX|är|16|OO	2
Blog_5089-12282516.28	12-AUX|är|2|conj 14-SCONJ|å|12|ES	2
Blog_5089-12282516.29	4-AUX|varit|1|OO	1
Blog_5089-12282516.30	14-ADP|med|13|OA	1
Blog_5089-12282516.30	11-SCONJ|som|10|MD 12-AUX|är|11|OO	2
Blog_5089-12282516.30	3-ADP|på|2|MD	1
Blog_5089-12282516.31	1-DET|Ingen|3|DT	1
Blog_5089-12282516.31	18-ADP|om|17|OA	1
Blog_5089-12282516.31	7-AUX|kan|3|DF 14-SCONJ|om|7|MD	2
Blog_5089-12282516.33	4-ADP|i|1|MD	1
Blog_5089-12282516.34	3-ADP|från|1|MD	1
Blog_5089-12282516.34	16-ADP|från|14|MD	1
Blog_5089-12282516.34	33-ADP|från|32|MD	1
Blog_5089-12282516.34	43-ADP|från|42|MD	1
Blog_5089-12282516.34	49-ADP|med|48|MD	1
Blog_5089-12282516.34	53-ADP|från|48|MD	1
Blog_5089-12282516.35	3-DET|en|6|DT	1
Blog_5089-12282516.35	7-SCONJ|som|6|MD 10-AUX|har|7|OO	2
Blog_5089-12282516.35	14-ADP|på|13|OA	1
Blog_5089-12282516.36	5-ADP|för|4|OA	1
Blog_5089-12282516.36	2-AUX|är|0|--	1
Blog_5089-3694482.1	1-DET|Den|3|DT	1
Blog_5089-3694482.1	7-DET|den|9|DT	1
Blog_5089-3694482.1	4-AUX|har|0|--	1
Blog_5089-3694482.2	7-ADP|om|6|OA	1
Blog_5089-3694482.2	16-ADP|i|14|RA	1
Blog_5089-3694482.3	4-ADP|från|3|MD	1
Blog_5089-3694482.4	5-AUX|har|0|-- 7-AUX|varit|5|IV	2
Blog_5089-3694482.5	2-AUX|blev|0|-- 6-SCONJ|då|2|MD 9-AUX|har|6|OO	3
Blog_5089-3694482.6	5-ADP|från|4|MD	1
Blog_5089-3694482.6	1-SCONJ|Att|0|--	1
Blog_5089-3694482.7	10-SCONJ|än|9|JF	1
Blog_5089-3694482.7	2-AUX|må|0|-- 4-AUX|va|2|IV 6-SCONJ|att|4|ES 8-AUX|är|6|OO	4
Blog_5089-3694482.8	2-AUX|vill|0|--	1
Blog_5089-3694482.9	3-ADP|ur|2|MD	1
Blog_5089-3694482.10	4-ADP|under|3|MD	1
Blog_5089-3694482.11	6-ADP|på|5|OA	1
Blog_5089-3694482.11	2-AUX|får|0|--	1
Blog_5089-3694482.12	4-ADP|på|3|OA	1
Blog_5089-3694482.12	2-AUX|var|0|--	1
Blog_5089-3694482.13	3-ADP|i|2|MD	1
Blog_5089-3694482.14	6-SCONJ|som|5|JF	1
Blog_5089-3694482.15	3-ADP|till|2|RA	1
Blog_5089-3694482.15	12-SCONJ|om|19|MD	1
Blog_5089-3694482.15	26-ADP|på|23|RA	1
Blog_5089-3694482.15	28-ADP|i|23|MD	1
Blog_5089-3694482.16	7-ADP|på|1|RA	1
Blog_5089-3694482.17	5-ADP|med|4|MD	1
Blog_5089-3694482.17	2-AUX|ska|0|--	1
Blog_5089-3694482.19	1-SCONJ|Innan|5|MD	1
Blog_5089-3694482.19	9-ADP|hos|7|RA	1
Blog_5089-3694482.20	3-ADP|i|1|RA	1
Blog_5089-3694482.20	6-AUX|kan|0|--	1
Blog_5089-3694482.21	9-ADP|hos|8|RA	1
Blog_5089-3694482.21	5-SCONJ|som|4|MD 7-AUX|är|5|OO	2
Blog_5089-3694482.21	18-SCONJ|som|17|MD 19-AUX|är|18|OO	2
Blog_5089-3694482.21	2-AUX|är|0|-- 15-AUX|är|2|parataxis	2
Blog_5089-9240616.2	10-ADP|till|9|MD	1
Blog_5089-9240616.2	15-ADP|till|13|RA	1
Blog_5089-9240616.3	10-ADP|på|9|MD	1
Blog_5089-9240616.3	16-ADP|på|15|MD	1
Blog_5089-9240616.3	2-AUX|var|0|--	1
Blog_5089-9240616.4	5-ADP|över|4|MD	1
Blog_5089-9240616.4	13-ADP|på|12|MD	1
Blog_5089-9240616.4	17-ADP|på|16|MD	1
Blog_5089-9240616.4	26-ADP|till|25|RA	1
Blog_5089-9240616.4	23-SCONJ|innan|9|MD	1
Blog_5089-9240616.5	4-ADP|i|2|RA	1
Blog_5089-9240616.5	10-SCONJ|som|9|JF	1
Blog_5089-9240616.5	20-ADP|för|17|MD	1
Blog_5089-9240616.6	2-ADP|från|1|MD	1
Blog_5089-9240616.6	6-ADP|till|5|MD	1
Blog_5089-9240616.6	13-ADP|till|12|MD	1
Blog_5089-9240616.6	19-ADP|till|18|MD	1
Blog_5089-9240616.7	11-ADP|i|9|MD	1
Blog_5089-9240616.7	6-SCONJ|att|5|OO 8-AUX|borde|6|OO	2
Blog_5089-9240616.7	4-AUX|kan|0|--	1
Blog_5089-9240616.8	14-ADP|i|17|MD	1
Blog_5089-9240616.8	13-ADP|utan|6|MD	1
Blog_5089-9240616.8	2-AUX|kan|0|--	1
Blog_5089-9240616.9	7-ADP|med|6|RA 9-ADP|på|7|AN	2
Blog_5089-9240616.10	2-AUX|var|0|--	1
Blog_5089-9240616.11	10-ADP|på|8|RA	1
Blog_5089-9240616.11	23-ADP|vid|21|MD	1
Blog_5089-9240616.11	19-SCONJ|som|18|MD	1
Blog_5089-9240616.11	29-AUX|blivit|17|MD	1
Blog_5089-9240616.11	15-ADP|på|8|conj	1
Blog_5089-9240616.11	6-SCONJ|att|4|JF	1
Blog_5089-9240616.12	16-ADP|i|15|MD	1
Blog_5089-9240616.12	21-SCONJ|som|20|JF 22-ADP|i|21|OO	2
Blog_5089-9240616.12	25-SCONJ|att|15|conj	1
Blog_5089-9240616.12	13-ADP|med|12|MD	1
Blog_5089-9240616.13	6-ADP|i|4|MD	1
Blog_5089-9240616.13	1-SCONJ|Om|0|--	1
Blog_5089-9240616.15	7-ADP|på|4|RA	1
Blog_5089-9240616.15	2-SCONJ|eftersom|10|MD	1
Blog_5089-9240616.15	12-ADP|på|10|OA	1
Blog_5089-9240616.16	2-ADP|i|4|MD	1
Blog_5089-9240616.16	6-ADP|från|4|RA 10-ADP|från|6|AN	2
Blog_5089-9240616.16	14-AUX|vill|4|conj	1
Blog_5089-9240616.18	7-ADP|under|5|MD	1
Blog_5089-9240616.18	3-SCONJ|å|2|OO 4-AUX|få|3|OO	2
Blog_5089-9240616.19	2-AUX|var|0|--	1
Blog_5089-9240616.20	10-ADP|till|9|MD	1
Blog_5089-9240616.20	26-DET|ett|28|DT 23-ADP|i|26|MD	2
Blog_5089-9240616.20	29-ADP|ur|28|MD	1
Blog_5089-9240616.20	33-ADP|under|22|MD	1
Blog_5089-9240616.20	3-ADP|på|2|MD 4-SCONJ|att|3|OO	2
Blog_5089-9240616.20	1-ADP|Med|0|--	1
Blog_5089-9240616.21	16-ADP|från|14|MD	1
Blog_5089-9240616.21	13-ADP|på|11|MD	1
Blog_5089-9240616.21	9-SCONJ|som|8|MD 10-AUX|skulle|9|OO	2
Blog_5089-9240616.22	28-ADP|på|27|MD 29-SCONJ|å|28|OO	2
Blog_5089-9240616.22	12-ADP|till|10|OA 13-SCONJ|att|12|OO 24-AUX|ska|13|OO	3
Blog_5089-9240616.23	16-ADP|i|15|MD	1
Blog_5089-9240616.23	14-ADP|med|12|MD	1
Blog_5089-9240616.23	28-ADP|med|26|MD	1
Blog_5089-9240616.23	23-ADP|vid|22|OA 24-SCONJ|att|23|OO	2
Blog_5089-9240616.23	10-AUX|kan|2|conj 19-SCONJ|medan|10|MD 21-AUX|är|19|OO	3
Blog_5089-9240616.23	32-ADP|från|31|MD	1
Blog_5089-9240616.23	40-ADP|från|39|MD	1
Blog_5089-9240616.23	38-SCONJ|som|36|JF	1
Blog_5089-9240616.23	34-AUX|kommer|2|conj 35-AUX|va|34|IV	2
Blog_5089-9240616.24	1-ADP|Vid|3|MD	1
Blog_5089-9240616.24	5-ADP|till|3|RA	1
Blog_5089-9240616.25	5-ADP|på|3|OA 6-SCONJ|å|5|OO	2
Blog_5089-9240616.25	11-ADP|på|10|RA	1
Blog_5089-9240616.26	4-SCONJ|som|3|MD 5-AUX|skulle|4|OO	2
Blog_5089-9240616.26	2-ADP|med|1|OA	1
Blog_5089-9240616.26	25-ADP|på|23|RA	1
Blog_5089-9240616.26	16-ADP|för|14|OA 17-SCONJ|å|16|OO	2
Blog_5089-9240616.27	8-SCONJ|som|6|JF 10-AUX|ska|8|OO	2
Blog_5089-9240616.27	5-ADP|på|3|RA 14-ADP|på|5|AN	2
Blog_5089-9240616.27	22-ADP|för|21|MD	1
Blog_5089-9240616.28	6-ADP|för|5|MD	1
Blog_5089-9240616.28	18-ADP|på|17|MD	1
Blog_5089-9240616.28	15-ADP|bland|14|AN	1
Blog_5089-9240616.28	28-ADP|på|27|OA	1
Blog_5089-9240616.28	22-SCONJ|att|21|OO 24-AUX|ska|22|OO	2
Blog_5089-9240616.28	38-ADP|med|37|MD	1
Blog_5089-9240616.28	34-ADP|på|31|MD	1
Blog_5089-9240616.28	43-ADP|i|42|RA	1
Blog_5089-9240616.28	41-AUX|skulle|31|conj	1
Blog_5089-9240616.30	6-AUX|är|2|conj 10-ADP|för|6|MD	2
Blog_5089-9240616.31	9-SCONJ|än|8|JF	1
Blog_5089-9240616.31	1-ADP|På|0|-- 7-AUX|är|1|parataxis	2
Blog_5089-9240616.32	13-ADP|för|10|MD 14-SCONJ|å|13|OO	2
Blog_5089-9240616.32	3-ADP|på|2|RA	1
Blog_5089-9240616.33	4-ADP|på|3|MD	1
Blog_5089-9240616.33	9-ADP|till|6|RA	1
Blog_5089-9240616.33	15-ADP|till|13|MD	1
Blog_5089-9240616.34	10-ADP|på|8|MD	1
Blog_5089-9240616.34	7-ADP|till|3|AN	1
Blog_5089-9240616.37	3-AUX|får|0|-- 1-ADP|I|3|MD	2
Blog_5089-9240616.37	7-ADP|utan|5|MD	1
Blog_5089-9240616.38	3-ADP|till|2|MD	1
Blog_5089-9240616.38	13-ADP|av|10|OA	1
Blog_5089-9240616.38	9-AUX|ska|2|parataxis	1
Blog_5089-9240616.42	2-AUX|är|0|--	1
Blog_5089-62681.2	8-ADP|med|4|MD	1
Blog_5089-62681.2	12-ADP|hos|4|RA	1
Blog_5089-62681.2	2-AUX|har|0|--	1
Blog_5089-62681.3	5-ADP|i|2|DF	1
Blog_5089-62681.3	11-ADP|för|10|OA	1
Blog_5089-62681.3	9-SCONJ|som|2|MD	1
Blog_5089-62681.3	15-SCONJ|som|14|MD	1
Blog_5089-62681.3	13-AUX|var|0|--	1
Blog_5089-62681.4	5-ADP|på|2|MD	1
Blog_5089-62681.4	7-ADP|med|2|MD	1
Blog_5089-62681.4	17-ADP|om|16|MD 18-SCONJ|att|17|OO 22-AUX|skulle|18|OO	3
Blog_5089-62681.4	15-ADP|i|13|MD	1
Blog_5089-62681.4	37-ADP|innanför|36|RA	1
Blog_5089-62681.5	7-SCONJ|som|6|MD	1
Blog_5089-62681.5	4-ADP|med|3|MD	1
Blog_5089-62681.6	3-SCONJ|efter|7|MD	1
Blog_5089-62681.6	9-ADP|av|7|MD	1
Blog_5089-62681.6	18-ADP|i|17|MD	1
Blog_5089-62681.6	16-ADP|från|14|RA	1
Blog_5089-62681.6	12-SCONJ|att|7|OO	1
Blog_5089-62681.8	9-ADP|till|8|MD	1
Blog_5089-62681.8	7-ADP|på|6|MD	1
Blog_5089-62681.8	5-ADP|i|3|MD	1
Blog_5089-62681.8	2-AUX|fick|0|--	1
Blog_5089-62681.9	6-ADP|i|4|MD	1
Blog_5089-62681.9	9-SCONJ|som|4|MD	1
Blog_5089-62681.9	3-SCONJ|å|2|ES	1
Blog_5089-62681.10	2-AUX|blev|0|-- 4-ADP|pga.|2|MD	2
Blog_5089-62681.11	1-AUX|Kunde|0|-- 3-PART|inte|1|MD	2
Blog_5089-62681.11	5-ADP|av|4|MD	1
Blog_5089-62681.11	8-SCONJ|som|4|JF 10-AUX|hade|8|OO	2
Blog_5089-62681.11	1-AUX|Kunde|0|-- 3-PART|inte|1|MD 12-SCONJ|då|1|MD 14-AUX|är|12|OO	4
Blog_5089-62681.12	8-SCONJ|om|2|MD 12-AUX|var|8|OO	2
Blog_5089-62681.13	5-ADP|med|2|MD	1
Blog_5089-62681.14	10-ADP|bland|9|MD	1
Blog_5089-62681.14	16-DET|en|17|DT	1
Blog_5089-62681.14	20-SCONJ|som|17|MD 21-AUX|ska|20|OO	2
Blog_5089-62681.14	31-ADP|på|25|RA	1
Blog_5089-62681.15	4-ADP|med|3|OA	1
Blog_5089-62681.15	2-AUX|blev|0|--	1
Blog_5089-62681.16	7-ADP|med|6|MD	1
Blog_5089-62681.17	2-AUX|kunde|0|-- 4-PART|inte|2|MD	2
Blog_5089-62681.17	8-ADP|av|5|MD	1
Blog_5089-62681.18	3-ADP|för|2|MD	1
Blog_5089-62681.19	2-AUX|är|0|--	1
Blog_5089-62681.20	6-ADP|på|5|MD	1
Blog_5089-62681.20	8-AUX|är|0|-- 3-ADP|för|8|MD	2
Blog_5089-62681.21	2-AUX|har|0|-- 6-ADP|i|2|MD	2
Blog_5089-62681.22	2-AUX|är|0|-- 7-SCONJ|om|2|MD 9-AUX|ska|7|OO 10-AUX|va|9|IV	4
Blog_5089-62681.23	20-SCONJ|som|18|JF	1
Blog_5089-62681.23	17-AUX|är|15|OO	1
Blog_5089-62681.23	4-ADP|med|2|MD 6-PART|att|4|OO	2
Blog_5089-62681.24	7-ADP|vid|6|OA 8-SCONJ|att|7|OO 10-AUX|är|8|OO	3
Blog_5089-62681.24	4-AUX|är|2|OO	1
Blog_5089-62681.25	5-ADP|pga.|4|MD	1
Blog_5089-62681.25	2-SCONJ|att|1|OO	1
Blog_5089-62681.26	1-ADP|I|3|MD	1
Blog_5089-62681.26	6-ADP|i|3|OA	1
Blog_5089-62681.26	15-SCONJ|än|14|JF 16-ADP|i|15|OO	2
Blog_5089-62681.26	11-AUX|ska|3|conj	1
Blog_5089-62681.27	2-AUX|var|0|-- 7-ADP|efter|2|MD	2
Blog_5089-62681.28	11-SCONJ|som|9|JF	1
Blog_5089-62681.28	8-AUX|är|6|OO	1
Blog_5089-62681.29	4-AUX|är|0|-- 7-SCONJ|om|4|MD	2
Blog_5089-62681.30	4-PART|inte|2|MD	1
Blog_5089-62681.30	12-ADP|i|10|MD	1
Blog_5089-62681.31	3-ADP|i|2|PL	1
Blog_5089-62681.31	17-ADP|av|16|MD	1
Blog_5089-62681.32	2-AUX|ska|0|--	1
Blog_5089-62681.33	7-ADP|på|6|MD	1
Blog_5089-62681.34	3-AUX|ska|0|-- 1-ADP|I|3|MD	2
Blog_5089-62681.34	3-AUX|ska|0|-- 1-ADP|I|3|MD 6-PART|inte|3|MD	3
Blog_9154-5334916.1	8-ADP|från|6|OA	1
Blog_9154-5334916.1	5-AUX|kan|0|--	1
Blog_9154-5334916.2	3-ADP|på|2|RA	1
Blog_9154-5334916.2	9-ADP|på|8|MD	1
Blog_9154-5334916.2	20-ADP|ifrån|19|OA	1
Blog_9154-5334916.2	17-SCONJ|som|16|MD	1
Blog_9154-5334916.2	14-ADP|på|13|MD	1
Blog_9154-5334916.3	1-ADP|Av|3|MD	1
Blog_9154-5334916.4	9-ADP|i|8|MD	1
Blog_9154-5334916.4	4-SCONJ|att|3|OO 6-AUX|måste|4|OO	2
Blog_9154-5334916.5	8-ADP|i|7|MD	1
Blog_9154-5334916.5	16-ADP|om|15|OA 17-ADP|på|16|OO	2
Blog_9154-5334916.5	11-SCONJ|som|7|MD	1
Blog_9154-5334916.5	1-ADP|Om|0|--	1
Blog_9154-5334916.6	1-SCONJ|Som|7|MD	1
Blog_9154-5334916.6	19-ADP|till|16|OA	1
Blog_9154-5334916.6	14-ADP|för|12|MD 15-PART|att|14|OO	2
Blog_9154-5334916.6	11-PART|att|10|MD	1
Blog_9154-5334916.7	15-SCONJ|som|14|MD	1
Blog_9154-5334916.8	4-ADP|från|3|MD	1
Blog_9154-5334916.8	14-ADP|av|13|MD	1
Blog_9154-5334916.8	12-ADP|mot|11|MD	1
Blog_9154-5334916.9	1-ADP|I|3|MD	1
Blog_9154-5334916.9	11-ADP|av|10|MD	1
Blog_9154-5334916.9	7-SCONJ|som|6|MD	1
Blog_9154-5334916.9	21-ADP|för|20|OO	1
Blog_9154-5334916.9	24-ADP|I|26|MD	1
Blog_9154-5334916.9	29-ADP|i|26|RA	1
Blog_9154-5334916.10	2-AUX|har|0|--	1
Blog_9154-5334916.11	6-ADP|från|4|MD	1
Blog_9154-5334916.11	3-AUX|kan|0|--	1
Blog_9154-6030495.1	15-ADP|på|14|MD	1
Blog_9154-6030495.1	20-ADP|till|18|OA	1
Blog_9154-6030495.1	6-SCONJ|sedan|5|MD	1
Blog_9154-6030495.1	2-AUX|må|0|-- 3-AUX|vara|2|IV	2
Blog_9154-6030495.1	33-ADP|i|31|MD	1
Blog_9154-6030495.1	30-PART|att|29|OO	1
Blog_9154-6030495.2	16-ADP|på|15|MD	1
Blog_9154-6030495.2	5-ADP|åt|4|MD 6-SCONJ|att|5|OO 11-AUX|är|6|OO 13-ADP|på|11|RA	4
Blog_9154-6030495.2	3-ADP|för|2|MD	1
Blog_9154-6030495.3	17-SCONJ|att|14|ES	1
Blog_9154-6030495.4	8-ADP|på|2|MD	1
Blog_9154-6030495.4	27-ADP|från|26|OA	1
Blog_9154-6030495.4	14-SCONJ|som|13|EF	1
Blog_9154-6030495.5	1-PART|Att|4|SB	1
Blog_9154-6030495.5	11-ADP|till|9|MD	1
Blog_9154-6030495.5	8-PART|att|7|MD	1
Blog_9154-6030495.5	21-PART|att|20|MD	1
Blog_9154-6030495.6	5-SCONJ|som|4|MD	1
Blog_9154-6030495.6	1-ADP|På|8|MD	1
Blog_9154-6030495.6	9-ADP|i|8|MD	1
Blog_9154-6030495.6	17-ADP|på|15|MD	1
Blog_9154-6030495.6	14-PART|att|13|MD	1
Blog_9154-6030495.6	26-ADP|på|25|OA	1
Blog_9154-6030495.6	20-ADP|eftersom|8|MD 21-SCONJ|att|20|OO 24-AUX|är|21|OO	3
Blog_9154-6030495.7	1-ADP|Av|5|MD	1
Blog_9154-6030495.7	18-ADP|till|17|MD 19-SCONJ|att|18|OO	2
Blog_9154-6030495.7	14-ADP|för|11|MD 15-PART|att|14|OO	2
Blog_9154-6030495.7	10-PART|att|9|MD	1
Blog_9154-6030495.8	4-ADP|till|3|MD 5-PART|att|4|OO	2
Blog_9154-6030495.8	27-SCONJ|som|26|MD	1
Blog_9154-6030495.8	24-ADP|för|23|OA	1
Blog_9154-6030495.8	22-SCONJ|som|21|MD	1
Blog_9154-6030495.8	17-ADP|på|16|MD	1
Blog_9154-6030495.8	15-ADP|i|12|MD	1
Blog_9154-6030495.8	33-AUX|är|0|-- 1-PART|Att|33|SB	2
Blog_9154-6030495.9	6-ADP|i|5|RA	1
Blog_9154-6030495.9	8-AUX|är|0|-- 1-SCONJ|Att|8|SB 4-AUX|får|1|OO	3
Blog_9154-6030495.10	20-ADP|på|23|MD	1
Blog_9154-6030495.10	18-ADP|för|14|MD 19-SCONJ|att|18|OO	2
Blog_9154-6030495.11	2-AUX|kommer|0|--	1
Blog_9154-6030495.12	11-SCONJ|som|10|MD	1
Blog_9154-6030495.12	13-SCONJ|som|10|MD	1
Blog_9154-6030495.12	6-ADP|på|5|OA	1
Blog_9154-6030495.12	3-AUX|skall|0|--	1
Blog_9154-6030495.13	2-AUX|kunde|0|-- 4-PART|inte|2|MD	2
Blog_9154-6030495.13	13-ADP|på|12|MD	1
Blog_9154-6030495.13	11-SCONJ|som|9|MD	1
Blog_9154-6030495.13	8-ADP|av|7|MD	1
Blog_9154-6336623.1	3-AUX|var|0|-- 4-ADP|med|3|SP	2
Blog_9154-6336623.1	12-ADP|bland|9|MD	1
Blog_9154-6336623.1	3-AUX|var|0|-- 4-ADP|med|3|SP 7-SCONJ|som|3|EF	3
Blog_9154-6336623.2	15-ADP|i|14|OO	1
Blog_9154-6336623.2	12-SCONJ|då|11|MD	1
Blog_9154-6336623.2	10-ADP|i|4|MD	1
Blog_9154-6336623.2	2-PART|att|1|OO 3-AUX|få|2|OO	2
Blog_9154-6336623.3	5-ADP|med|2|MD 6-PART|att|5|OO 7-AUX|vara|6|OO	3
Blog_9154-6336623.3	19-ADP|i|18|RA	1
Blog_9154-6336623.3	16-SCONJ|som|15|MD	1
Blog_9154-6336623.4	6-ADP|för|2|MD	1
Blog_9154-6336623.4	10-AUX|är|2|conj 12-ADP|med|10|SP	2
Blog_9154-6336623.4	18-ADP|av|17|MD	1
Blog_9154-6336623.4	22-ADP|på|21|OA	1
Blog_9154-6336623.4	10-AUX|är|2|conj 12-ADP|med|10|SP 16-SCONJ|som|10|EF	3
Blog_9154-6336623.5	1-ADP|I|3|MD	1
Blog_9154-6336623.5	8-SCONJ|som|7|OA 9-SCONJ|att|8|OO	2
Blog_9154-6336623.6	13-ADP|med|12|OA	1
Blog_9154-6336623.6	21-ADP|i|20|MD	1
Blog_9154-6336623.6	9-SCONJ|att|8|OO 11-AUX|är|9|OO 17-ADP|efter|11|MD	3
Blog_9154-6336623.6	4-ADP|om|3|MD 5-SCONJ|att|4|OO	2
Blog_9154-6336623.8	2-AUX|har|0|--	1
Blog_9154-6336623.9	17-SCONJ|där|16|MD	1
Blog_9154-6336623.9	15-ADP|om|13|MD	1
Blog_9154-6336623.9	9-SCONJ|att|6|MD	1
Blog_9154-6336623.9	7-ADP|med|4|OA	1
Blog_9154-6336623.9	2-AUX|har|0|--	1
Blog_9154-6336623.10	3-ADP|med|1|MD	1
Blog_9154-6336623.10	6-ADP|för|5|MD	1
Blog_9154-6336623.11	12-SCONJ|som|11|JF	1
Blog_9154-6336623.11	8-ADP|på|6|OA	1
Blog_9154-6336623.11	2-AUX|är|0|-- 5-PART|att|2|ES	2
Blog_9154-501423.1	5-ADP|på|4|MD	1
Blog_9154-501423.2	2-AUX|borde|0|--	1
Blog_9154-501423.3	6-ADP|på|5|OA	1
Blog_9154-501423.3	2-AUX|är|0|-- 4-PART|att|2|ES	2
Blog_9154-501423.3	15-SCONJ|än|14|JF	1
Blog_9154-501423.3	13-AUX|vara|12|IV	1
Blog_9154-501423.3	10-SCONJ|då|9|MD	1
Blog_9154-501423.3	2-AUX|är|0|-- 4-PART|att|2|ES 8-ADP|i|2|MD	3
Blog_9154-4554171.1	9-ADP|i|7|RA	1
Blog_9154-4554171.1	15-ADP|på|14|MD	1
Blog_9154-4554171.1	4-SCONJ|att|3|OO 18-AUX|kommer|4|OO 5-SCONJ|om|18|MD	3
Blog_9154-4554171.1	22-ADP|med|21|OA	1
Blog_9154-4554171.1	31-ADP|för|29|MD	1
Blog_9154-4554171.1	28-PART|att|27|MD	1
Blog_9154-4554171.1	24-ADP|för|21|MD 25-PART|att|24|OO	2
Blog_9154-4554171.1	4-SCONJ|att|3|OO 18-AUX|kommer|4|OO 5-SCONJ|om|18|MD 20-PART|att|18|IV	4
Blog_9154-4554171.1	1-AUX|Fick|0|--	1
Blog_9154-4554171.2	4-AUX|ska|0|-- 7-SCONJ|om|4|MD	2
Blog_9154-4554171.3	3-PART|att|2|OO	1
Blog_9154-4949551.1	12-ADP|framför|11|MD	1
Blog_9154-4949551.1	10-SCONJ|som|9|MD	1
Blog_9154-4949551.1	18-ADP|mot|17|MD	1
Blog_9154-4949551.1	29-ADP|för|28|MD	1
Blog_9154-4949551.1	4-ADP|i|0|--	1
Blog_9154-4949551.2	8-ADP|i|7|OA	1
Blog_9154-4949551.2	12-DET|ett|15|DT	1
Blog_9154-4949551.2	10-ADP|efter|3|MD	1
Blog_9154-4949551.3	4-ADP|över|3|MD 5-PART|att|4|OO 6-AUX|kunna|5|OO	3
Blog_9154-4949551.4	7-SCONJ|fastän|6|MD 11-AUX|kunde|7|OO	2
Blog_9154-4949551.4	4-SCONJ|som|3|MD	1
Blog_9154-4949551.4	26-ADP|till|25|MD	1
Blog_9154-4949551.4	23-ADP|på|21|OA	1
Blog_9154-4949551.4	19-SCONJ|att|17|OO	1
Blog_9154-4949551.6	2-AUX|är|0|--	1
Blog_9154-4949551.7	5-ADP|på|4|MD	1
Blog_9154-4949551.7	8-SCONJ|innan|4|MD	1
Blog_9154-4949551.7	23-ADP|utan|22|MD	1
Blog_9154-4949551.7	20-ADP|för|19|MD	1
Blog_9154-4949551.7	2-AUX|skall|0|--	1
Blog_54523-7856343.1	7-ADP|på|6|MD	1
Blog_54523-7856343.1	4-ADP|med|2|MD	1
Blog_54523-7856343.1	10-ADP|av|2|MD 11-SCONJ|att|10|OO	2
Blog_54523-7856343.2	3-ADP|ur|1|MD	1
Blog_54523-7856343.2	6-ADP|i|1|conj 7-ADP|med|6|MD	2
Blog_54523-7856343.2	19-ADP|till|16|RA	1
Blog_54523-7856343.2	36-ADP|till|33|RA	1
Blog_54523-7856343.2	42-ADP|av|41|MD	1
Blog_54523-7856343.2	38-ADP|för|33|MD 39-PART|att|38|OO	2
Blog_54523-7856343.2	21-SCONJ|medan|16|MD	1
Blog_54523-7856343.3	6-ADP|i|4|RA	1
Blog_54523-7856343.5	13-ADP|på|10|RA	1
Blog_54523-7856343.5	7-SCONJ|än|5|MD	1
Blog_54523-7856343.5	2-AUX|är|0|--	1
Blog_54523-7856343.6	13-AUX|vill|10|MD	1
Blog_54523-7856343.6	6-SCONJ|där|4|MD 8-AUX|kan|6|OO	2
Blog_54523-7856343.6	3-ADP|i|2|RA	1
Blog_54523-7856343.6	34-AUX|var|2|parataxis 36-ADP|sen|34|MD	2
Blog_54523-7856343.6	41-ADP|i|40|OA	1
Blog_54523-7856343.7	7-SCONJ|till|5|MD	1
Blog_54523-7856343.7	13-ADP|på|11|MD	1
Blog_54523-7856343.8	6-ADP|i|4|RA	1
Blog_54523-7856343.8	17-PART|att|16|ES	1
Blog_54523-7856343.8	13-SCONJ|att|11|JF	1
Blog_54523-7856343.8	30-ADP|för|27|MD 31-PART|att|30|OO	2
Blog_54523-7856343.8	43-ADP|i|42|MD	1
Blog_54523-7856343.8	50-ADP|i|49|MD	1
Blog_54523-7856343.8	46-ADP|till|41|OA	1
Blog_54523-7856343.8	58-PART|inte|59|MD	1
Blog_54523-7856343.8	60-ADP|på|59|MD	1
Blog_54523-7856343.8	55-SCONJ|att|53|OO	1
Blog_54523-7856343.8	68-ADP|framför|67|MD	1
Blog_54523-7856343.8	70-SCONJ|att|65|OO 72-AUX|ska|70|OO	2
Blog_54523-7856343.8	89-ADP|bredvid|88|MD	1
Blog_54523-7856343.8	96-SCONJ|om|86|OA	1
Blog_54523-7856343.8	9-AUX|var|0|--	1
Blog_54523-7856343.10	1-AUX|Var|0|--	1
Blog_54523-7856343.11b	14-PART|att|11|IV 15-AUX|vara|14|OO 19-AUX|har|15|MD	3
Blog_54523-7856343.11b	10-AUX|fick|2|conj	1
Blog_54523-7856343.12	10-AUX|skulle|8|OO	1
Blog_54523-7856343.12	6-SCONJ|än|5|JF	1
Blog_54523-7856343.12	3-AUX|var|0|--	1
Blog_54523-7856343.13	2-ADP|på|5|RA	1
Blog_54523-7856343.13	9-ADP|under|8|MD	1
Blog_54523-7856343.13	14-ADP|med|13|MD	1
Blog_54523-7856343.13	12-AUX|har|5|parataxis	1
Blog_54523-7856343.14	3-ADP|på|2|RA	1
Blog_54523-7856343.14	29-AUX|ska|27|OO	1
Blog_54523-7856343.14	1-AUX|får|0|-- 32-AUX|kan|1|parataxis	2
Blog_54523-7856343.14	52-ADP|i|51|MD	1
Blog_54523-7856343.14	49-ADP|för|47|MD	1
Blog_54523-7856343.14	57-PART|att|55|IV	1
Blog_54523-7856343.14	62-ADP|på|61|MD	1
Blog_54523-7856343.14	1-AUX|får|0|-- 32-AUX|kan|1|parataxis 72-AUX|har|1|parataxis 70-ADP|på|72|MD	4
Blog_54523-7856343.15	6-SCONJ|att|4|JF 8-AUX|vill|6|OO	2
Blog_54523-7856343.16	5-ADP|i|3|MD	1
Blog_54523-7856343.16	2-AUX|får|0|-- 8-ADP|på|2|parataxis	2
Blog_54523-7856343.19	7-PART|inte|4|MD	1
Blog_54523-7856343.19	10-AUX|ska|8|OO	1
Blog_54523-7856343.21	7-AUX|är|2|parataxis 4-ADP|i|7|MD	2
Blog_54523-7856343.21	18-ADP|om|17|MD	1
Blog_54523-7856343.21	20-ADP|på|17|MD	1
Blog_54523-7856343.21	10-ADP|för|9|OA 11-SCONJ|att|10|OO 14-AUX|är|11|OO	3
Blog_54523-8202951.1	5-ADP|för|3|MD	1
Blog_54523-8202951.1	10-SCONJ|att|9|SB 12-AUX|har|10|OO	2
Blog_54523-8202951.1	18-AUX|har|3|parataxis	1
Blog_54523-8202951.2	2-ADP|i|4|MD	1
Blog_54523-8202951.2	7-ADP|till|4|RA	1
Blog_54523-8202951.3	12-SCONJ|om|7|OO	1
Blog_54523-8202951.3	22-AUX|är|18|parataxis	1
Blog_54523-8202951.4	6-ADP|på|4|RA	1
Blog_54523-8202951.4	12-AUX|måste|9|OO 15-SCONJ|eftersom|12|MD 17-AUX|måste|15|OO	3
Blog_54523-8202951.4	25-AUX|har|23|OO	1
Blog_54523-8202951.5	9-ADP|till|7|RA	1
Blog_54523-8202951.5	18-PART|inte|16|conj	1
Blog_54523-8202951.5	14-ADP|till|4|conj	1
Blog_54523-8202951.6	4-ADP|på|3|MD	1
Blog_54523-8202951.6	9-ADP|efter|7|OA	1
Blog_54523-8202951.6	11-SCONJ|som|7|MD 13-AUX|har|11|OO 14-AUX|blivit|13|IV	3
Blog_54523-8202951.6	17-AUX|får|7|conj	1
Blog_54523-8202951.7	3-ADP|i|2|RA	1
Blog_54523-8202951.7	12-SCONJ|att|11|OO	1
Blog_54523-8202951.7	33-ADP|hos|32|MD	1
Blog_54523-8202951.7	31-ADP|efter|30|MD	1
Blog_54523-8202951.7	26-AUX|skulle|7|conj	1
Blog_54523-8202951.8	8-ADP|på|6|MD	1
Blog_54523-8202951.9	7-AUX|fick|3|parataxis	1
Blog_54523-8202951.10	12-AUX|fick|3|conj 7-SCONJ|eftersom|12|MD	2
Blog_54523-8202951.11	3-SCONJ|att|2|OO 5-AUX|skulle|3|OO	2
Blog_54523-8202951.11	14-PART|att|13|OO	1
Blog_54523-8202951.11	11-AUX|var|2|conj 17-SCONJ|till|11|MD	2
Blog_54523-8202951.12a	3-ADP|med|2|MD	1
Blog_54523-8202951.12a	10-ADP|till|7|RA	1
Blog_54523-8202951.12b	1-ADP|efter|4|MD	1
Blog_54523-8202951.12b	10-PART|att|9|MD	1
Blog_54523-8202951.12b	6-SCONJ|att|4|OO 8-AUX|var|6|OO	2
Blog_54523-8202951.12b	17-AUX|var|4|parataxis 18-ADP|på|17|SP	2
Blog_54523-8202951.12c	4-SCONJ|om|2|OO 8-AUX|fick|4|OO	2
Blog_54523-8202951.12c	21-PART|att|20|IV	1
Blog_54523-8202951.12c	17-SCONJ|att|16|OO	1
Blog_54523-8202951.12c	27-ADP|till|26|MD	1
Blog_54523-8202951.12c	32-ADP|på|31|OA	1
Blog_54523-8202951.12c	41-ADP|i|40|RA	1
Blog_54523-8202951.12c	47-ADP|för|45|OA	1
Blog_54523-8202951.12c	59-AUX|skulle|57|OO	1
Blog_54523-8202951.12c	71-ADP|till|69|RA	1
Blog_54523-8202951.12c	66-SCONJ|att|65|OO 68-AUX|skulle|66|OO	2
Blog_54523-8202951.12c	80-ADP|ur|78|RA	1
Blog_54523-8202951.12c	94-SCONJ|som|93|JF	1
Blog_54523-8202951.12d	10-ADP|mot|9|RA	1
Blog_54523-8202951.13	2-ADP|av|1|MD 4-SCONJ|som|2|OO	2
Blog_54523-8202951.13	7-ADP|i|6|MD	1
Blog_54523-8202951.13	15-ADP|i|14|MD	1
Blog_54523-8202951.13	12-SCONJ|att|10|JF	1
Blog_54523-8202951.13	9-AUX|är|6|parataxis	1
Blog_54523-9913239.1	3-AUX|vill|0|--	1
Blog_54523-9913239.2	11-ADP|i|9|MD	1
Blog_54523-9913239.2	8-SCONJ|som|7|MD	1
Blog_54523-9913239.3	4-SCONJ|som|2|JF	1
Blog_54523-9913239.3	14-AUX|var|12|OO	1
Blog_54523-9913239.3	9-AUX|Var|0|--	1
Blog_54523-9913239.4	6-ADP|av|5|MD	1
Blog_54523-9913239.4	4-ADP|på|3|MD	1
Blog_54523-9913239.5	6-ADP|i|5|MD	1
Blog_54523-9913239.5	15-ADP|om|14|OA	1
Blog_54523-9913239.5	10-SCONJ|då|2|MD	1
Blog_54523-9913239.5	20-AUX|kan|2|parataxis 17-ADP|till|20|MD	2
Blog_54523-9913239.5	23-SCONJ|att|22|OO	1
Blog_54523-9913239.6	19-AUX|fick|0|-- 3-AUX|e|19|parataxis	2
Blog_54523-9913239.6	27-ADP|i|26|MD	1
Blog_54523-9913239.6	23-ADP|med|21|MD	1
Blog_54523-9913239.7	4-AUX|kan|0|--	1
Blog_54523-9913239.8	10-ADP|av|9|MD	1
Blog_54523-9913239.8	7-ADP|i|2|RA	1
Blog_54523-9913239.8	17-AUX|skulle|15|OO	1
Blog_54523-9913239.9	12-ADP|till|11|RA	1
Blog_54523-9913239.9	23-ADP|i|22|MD	1
Blog_54523-9913239.9	18-SCONJ|som|17|MD 20-AUX|har|18|OO	2
Blog_54523-9913239.9	3-ADP|till|2|MD 4-SCONJ|att|3|OO	2
Blog_54523-9913239.11	3-AUX|har|0|-- 1-ADP|På|3|RA	2
Blog_54523-9913239.11	8-ADP|från|7|MD	1
Blog_54523-9913239.11	15-ADP|ang|12|OA	1
Blog_54523-9913239.11	31-ADP|på|30|MD	1
Blog_54523-9913239.11	28-SCONJ|att|27|OO	1
Blog_54523-9913239.11	34-PART|INTE|27|conj	1
Blog_54523-9913239.11	3-AUX|har|0|-- 1-ADP|På|3|RA 40-AUX|ska|3|parataxis 43-SCONJ|så|40|MD 45-AUX|kan|43|OO	5
Blog_54523-9913239.12	6-ADP|på|3|OA	1
Blog_54523-9913239.12	16-ADP|till|12|MD	1
Blog_54523-9913239.12	10-AUX|hade|3|parataxis	1
Blog_54523-9913239.12	22-ADP|på|21|OA	1
Blog_54523-9913239.12	19-ADP|utan|27|MD 20-PART|att|19|OO	2
Blog_54523-9913239.12	25-AUX|får|3|parataxis	1
Blog_54523-9913239.12	56-ADP|i|54|OA	1
Blog_54523-9913239.12	52-ADP|för|49|MD 53-PART|att|52|OO	2
Blog_54523-6490319.1	6-ADP|över|5|OA 7-SCONJ|att|6|OO	2
Blog_54523-6490319.1	24-ADP|i|23|MD	1
Blog_54523-6490319.1	16-AUX|hade|2|parataxis	1
Blog_54523-6490319.2	66-AUX|var|0|-- 6-AUX|hade|66|parataxis 2-AUX|hade|6|MD 4-AUX|varit|2|IV	4
Blog_54523-6490319.2	31-ADP|utom|29|MD	1
Blog_54523-6490319.2	36-ADP|hos|35|RA	1
Blog_54523-6490319.2	39-ADP|till|29|RA	1
Blog_54523-6490319.2	44-ADP|på|43|OA	1
Blog_54523-6490319.2	48-ADP|på|47|OA	1
Blog_54523-6490319.2	53-ADP|utom|55|MD	1
Blog_54523-6490319.2	61-AUX|var|55|conj	1
Blog_54523-6490319.2	80-SCONJ|där|79|MD	1
Blog_54523-6490319.2	78-ADP|i|76|RA	1
Blog_54523-6490319.2	88-ADP|till|71|conj	1
Blog_54523-6490319.2	92-ADP|i|91|MD	1
Blog_54523-6490319.2	101-SCONJ|som|100|MD 102-AUX|var|101|OO	2
Blog_54523-6490319.2	66-AUX|var|0|-- 6-AUX|hade|66|parataxis 2-AUX|hade|6|MD 4-AUX|varit|2|IV 69-SCONJ|att|66|ES	5
Blog_54523-6490319.3	5-ADP|i|4|MD	1
Blog_54523-6490319.3	14-ADP|i|13|RA	1
Blog_54523-6490319.3	26-AUX|e|24|OO	1
Blog_54523-6490319.3	20-AUX|är|11|conj	1
Blog_54523-6490319.3	32-PART|att|30|IV 33-AUX|vara|32|OO	2
Blog_54523-6490319.3	39-ADP|på|38|OA	1
Blog_54523-6490319.3	36-AUX|är|30|conj	1
Blog_54523-6490319.3	2-AUX|kommer|0|--	1
Blog_54523-6490319.4	5-ADP|till|4|MD	1
Blog_54523-6490319.4	10-SCONJ|att|8|OO 12-AUX|var|10|OO	2
Blog_54523-6490319.4	22-ADP|med|21|MD	1
Blog_54523-6490319.4	17-SCONJ|att|16|OO 20-AUX|hade|17|OO	2
Blog_54523-6490319.4	26-ADP|till|31|MD	1
Blog_54523-6490319.4	32-SCONJ|att|31|OO 34-AUX|kunde|32|OO	2
Blog_54523-6490319.4	29-AUX|hade|16|conj	1
Blog_54523-6490319.4	42-SCONJ|att|40|OO 44-AUX|skulle|42|OO	2
Blog_54523-6490319.4	51-ADP|i|50|MD	1
Blog_54523-6490319.4	58-ADP|efter|57|MD	1
Blog_54523-6490319.4	54-SCONJ|att|50|OO 56-AUX|skulle|54|OO	2
Blog_54523-6490319.4	69-ADP|för|65|MD	1
Blog_54523-6490319.4	62-AUX|hade|50|conj	1
Blog_54523-6490319.4	74-ADP|i|77|MD	1
Blog_54523-6490319.4	79-SCONJ|än|78|JF	1
Blog_54523-6490319.5	11-SCONJ|som|10|MD	1
Blog_54523-6490319.5	9-ADP|på|8|OA	1
Blog_54523-6490319.5	5-AUX|e|0|--	1
Blog_54523-9491151.1	7-ADP|till|4|RA	1
Blog_54523-9491151.1	3-ADP|av|2|OA	1
Blog_54523-9491151.1	11-AUX|skulle|2|conj	1
Blog_54523-9491151.1	27-AUX|var|2|conj	1
Blog_54523-9491151.2	12-ADP|med|11|MD	1
Blog_54523-9491151.2	8-ADP|till|2|conj 10-ADP|för|8|MD	2
Blog_54523-9491151.4	4-AUX|var|2|OO	1
Blog_54523-9491151.4	6-AUX|var|0|--	1
Blog_54523-9491151.5	13-SCONJ|medans|10|MD	1
Blog_54523-9491151.6	5-ADP|till|7|MD	1
Blog_54523-9491151.7	4-AUX|hade|0|-- 2-ADP|till|4|MD	2
Blog_54523-9491151.7	11-ADP|av|10|MD	1
Blog_54523-9491151.7	8-ADP|i|6|MD	1
Blog_54523-9491151.8	11-ADP|till|6|MD	1
Blog_54523-9491151.8	3-SCONJ|att|2|OO 5-AUX|kunde|3|OO	2
Blog_54523-9491151.8	20-ADP|efter|18|conj	1
Blog_54523-9491151.9	6-ADP|emot|3|OA 7-ADP|i|6|OO	2
Blog_54523-9491151.9	15-PART|att|14|OO	1
Blog_54523-9491151.9	2-AUX|hade|0|-- 12-AUX|har|2|parataxis 13-AUX|varit|12|IV	3
Blog_54523-9491151.9	57-ADP|med|56|MD	1
Blog_54523-9491151.9	46-ADP|i|45|MD	1
Blog_54523-9491151.9	43-SCONJ|som|42|JF	1
Blog_54523-9491151.9	2-AUX|hade|0|-- 12-AUX|har|2|parataxis 13-AUX|varit|12|IV 37-AUX|kan|2|parataxis	4
Blog_54523-9491151.10	14-ADP|innan|12|MD	1
Blog_54523-9491151.11	7-ADP|till|3|MD	1
Blog_54523-9491151.11	18-ADP|på|17|MD	1
Blog_54523-9491151.11	15-ADP|för|13|MD 16-PART|att|15|OO	2
Blog_54523-9491151.11	23-SCONJ|då|13|MD 25-AUX|ska|23|OO	2
Blog_54523-9491151.11	46-ADP|med|45|MD	1
Blog_54523-9491151.11	39-PART|att|37|IV	1
Blog_54523-9491151.12	24-ADP|på|22|RA	1
Blog_54523-9491151.12	21-PART|att|20|MD	1
Blog_54523-9491151.12	18-AUX|är|3|conj	1
Blog_54523-4665614.1	5-ADP|på|3|RA	1
Blog_54523-4665614.1	9-ADP|på|8|MD	1
Blog_54523-4665614.1	15-ADP|av|14|MD	1
Blog_54523-4665614.2	3-AUX|har|0|-- 15-SCONJ|så|3|MD 17-AUX|är|15|OO	3
Blog_54523-4665614.2	3-AUX|har|0|-- 15-SCONJ|så|3|MD 17-AUX|är|15|OO 21-AUX|ska|3|parataxis	4
Blog_54523-4665614.3	3-AUX|har|0|--	1
Blog_54523-4665614.4	9-AUX|var|5|conj	1
Blog_54523-4665614.4	15-ADP|med|13|MD	1
Blog_54523-4665614.4	23-ADP|med|21|MD	1
Blog_54523-4665614.4	26-SCONJ|innan|25|MD	1
Blog_54523-4665614.4	20-AUX|ska|5|conj	1
Blog_54523-4665614.5	7-SCONJ|som|6|JF	1
Blog_54523-4665614.5	11-PART|inte|6|conj 14-ADP|på|11|MD	2
Blog_54523-4665614.5	32-AUX|är|25|conj 33-ADP|på|32|SP	2
Blog_54523-4665614.6	3-AUX|ska|0|-- 6-PART|att|3|ES	2
Blog_54523-4665614.6	19-ADP|till|17|MD	1
Blog_54523-4665614.6	3-AUX|ska|0|-- 6-PART|att|3|ES 15-AUX|är|3|parataxis	3
Blog_54523-4665614.6	3-AUX|ska|0|-- 6-PART|att|3|ES 15-AUX|är|3|parataxis 22-AUX|hade|3|parataxis 23-AUX|varit|22|IV	5
Blog_54523-4665614.6	36-ADP|med|35|MD	1
Blog_54523-4665614.6	38-SCONJ|så|35|MD 40-AUX|kan|38|OO	2
Blog_54523-4665614.6	29-SCONJ|att|28|OO	1
Blog_54523-4665614.6	50-AUX|får|28|conj 48-ADP|till|50|MD	2
Blog_54523-4665614.6	54-ADP|med|52|OA	1
Blog_54523-14269154.1	11-ADP|under|10|MD	1
Blog_54523-14269154.1	9-SCONJ|som|8|MD	1
Blog_54523-14269154.1	7-SCONJ|som|6|JF	1
Blog_54523-14269154.1	5-ADP|för|1|MD	1
Blog_54523-14269154.1	27-ADP|i|25|RA	1
Blog_54523-14269154.1	23-ADP|för|22|MD 24-PART|att|23|OO	2
Blog_54523-14269154.1	21-AUX|var|18|conj	1
Blog_54523-14269154.1	36-ADP|i|35|MD	1
Blog_54523-14269154.1	30-AUX|har|2|parataxis	1
Blog_54523-14269154.1	42-SCONJ|att|40|ES	1
Blog_54523-14269154.1	52-ADP|efter|51|MD	1
Blog_54523-14269154.1	50-SCONJ|att|46|OO	1
Blog_54523-14269154.1	65-ADP|för|64|MD	1
Blog_54523-14269154.1	71-PART|att|70|IV	1
Blog_54523-14269154.1	67-SCONJ|som|64|MD	1
Blog_54523-14269154.1	59-SCONJ|att|58|OO 62-AUX|kan|59|OO	2
Blog_54523-14269154.1	80-PART|att|76|ES	1
Blog_54523-14269154.1	84-ADP|till|83|MD	1
Blog_54523-14269154.1	86-AUX|var|2|parataxis	1
Blog_54523-14269154.2	4-ADP|på|3|RA	1
Blog_54523-14269154.2	12-ADP|på|11|MD	1
Blog_54523-14269154.2	20-ADP|i|19|RA	1
Blog_54523-14269154.2	23-SCONJ|än|22|JF	1
Blog_54523-14269154.2	29-ADP|av|28|AG	1
Blog_54523-14269154.2	26-ADP|utan|19|MD 27-PART|att|26|OO	2
Blog_54523-14269154.2	18-PART|att|16|IV	1
Blog_54523-14269154.2	2-AUX|hade|0|-- 10-AUX|var|2|parataxis	2
Blog_54523-14269154.3	9-ADP|i|8|RA	1
Blog_54523-14269154.3	6-ADP|av|5|OA 7-PART|att|6|OO	2
Blog_54523-14269154.3	3-SCONJ|att|2|OO	1
Blog_54523-14269154.4	9-ADP|på|7|MD	1
Blog_54523-14269154.4	5-ADP|emot|3|OA	1
Blog_54523-14269154.4	2-AUX|hade|0|--	1
Blog_54523-14269154.5	7-ADP|med|3|OA	1
Blog_54523-14269154.5	4-ADP|under|2|MD	1
Blog_54523-14269154.5	15-AUX|har|2|conj 16-AUX|varit|15|IV	2
Blog_54523-14269154.5	22-AUX|är|2|conj	1
Blog_54523-14269154.6	1-ADP|Under|3|MD	1
Blog_54523-14269154.6	10-ADP|i|9|MD	1
Blog_54523-14269154.6	5-ADP|på|3|MD 6-SCONJ|att|5|OO	2
Blog_54523-14269154.6	16-AUX|har|3|DF 21-SCONJ|sen|16|MD	2
Blog_54523-14269154.7	13-ADP|med|9|MD	1
Blog_54523-14269154.7	18-SCONJ|som|17|JF	1
Blog_54523-14269154.7	27-SCONJ|att|23|ES	1
Blog_54523-14269154.8	3-SCONJ|att|2|OO 6-AUX|blir|3|OO	2
Blog_54523-14269154.8	13-AUX|är|2|conj 10-ADP|med|13|MD	2
Blog_54523-14269154.10	10-ADP|till|9|RA	1
Blog_54523-14269154.10	7-SCONJ|som|6|MD	1
Blog_54523-14269154.10	15-AUX|måstes|3|parataxis	1
Blog_54523-14269154.11	4-ADP|i|3|OA	1
Blog_54523-14269154.11	10-ADP|till|9|RA	1
Blog_54523-14269154.11	18-SCONJ|att|17|MD 21-AUX|kommer|18|OO	2
Blog_54523-14269154.11	41-SCONJ|till|40|MD 43-AUX|är|41|OO	2
Blog_54523-14269154.11	49-ADP|med|47|MD	1
Blog_54523-14269154.11	37-SCONJ|att|36|OO 39-AUX|ska|37|OO 45-SCONJ|innan|39|MD	3
Blog_54523-14269154.11	34-AUX|kommer|3|parataxis 35-PART|att|34|IV	2
Blog_54523-14269154.12	5-ADP|till|4|RA	1
Blog_54523-14269154.12	11-AUX|ska|4|conj	1
Blog_54523-14269154.12	26-AUX|vill|4|parataxis	1
Blog_54523-14269154.12	39-ADP|efter|41|MD	1
Blog_54523-14269154.12	48-ADP|på|47|MD	1
Blog_54523-14269154.12	46-AUX|vill|41|conj	1
Blog_54523-14269154.12	53-SCONJ|om|51|OO	1
Blog_54523-14269154.12	58-AUX|har|41|conj	1
Blog_54523-14269154.13	11-ADP|i|9|MD	1
Blog_54523-14269154.13	3-AUX|ska|0|-- 6-SCONJ|så|3|MD	2
Eupa_00-01-17.1	2-ADP|av|1|MD	1
Eupa_00-01-17.2	6-ADP|efter|5|MD	1
Eupa_00-01-17.3	2-AUX|vill|0|--	1
Eupa_00-01-17.4	1-SCONJ|Som|5|MD 3-AUX|kunnat|1|OO	2
Eupa_00-01-17.5	7-ADP|av|6|MD	1
Eupa_00-01-17.5	4-ADP|i|3|MD	1
Eupa_00-01-17.5	13-SCONJ|som|12|MD 15-AUX|varit|13|OO	2
Eupa_00-01-17.5	11-ADP|av|10|AG	1
Eupa_00-01-17.5	2-AUX|har|0|--	1
Eupa_00-01-17.6	6-ADP|i|5|MD	1
Eupa_00-01-17.6	2-AUX|har|0|-- 8-ADP|under|2|MD	2
Eupa_00-01-17.7	1-ADP|Till|3|MD	1
Eupa_00-01-17.7	8-SCONJ|som|14|DF	1
Eupa_00-01-17.7	26-ADP|i|25|MD	1
Eupa_00-01-17.7	29-SCONJ|som|25|MD	1
Eupa_00-01-17.7	23-ADP|i|22|MD	1
Eupa_00-01-17.7	20-ADP|för|19|MD	1
Eupa_00-01-17.7	18-ADP|för|17|MD	1
Eupa_00-01-17.7	5-SCONJ|att|3|OO	1
Eupa_00-01-17.8	6-ADP|för|4|MD	1
Eupa_00-01-17.12	4-ADP|från|2|MD	1
Eupa_00-01-17.12	14-ADP|i|13|MD	1
Eupa_00-01-17.12	6-SCONJ|att|2|OO	1
Eupa_00-01-17.13	9-ADP|i|8|RA	1
Eupa_00-01-17.13	5-SCONJ|som|4|MD	1
Eupa_00-01-17.13	2-ADP|av|1|MD	1
Eupa_00-01-17.13	21-DET|några|22|DT	1
Eupa_00-01-17.13	19-ADP|för|17|MD	1
Eupa_00-01-17.13	16-SCONJ|som|13|MD	1
Eupa_00-01-17.13	12-AUX|var|0|--	1
Eupa_00-01-17.14	5-ADP|för|4|OA	1
Eupa_00-01-17.14	1-AUX|Skulle|0|-- 3-AUX|vara|1|IV	2
Eupa_00-01-17.14	15-ADP|till|14|MD	1
Eupa_00-01-17.14	31-ADP|i|30|MD	1
Eupa_00-01-17.14	24-ADP|över|23|MD	1
Eupa_00-01-17.14	19-ADP|i|14|MD	1
Eupa_00-01-17.14	1-AUX|Skulle|0|-- 3-AUX|vara|1|IV 11-PART|att|1|ES	3
Eupa_00-01-17.15	11-ADP|i|10|MD	1
Eupa_00-01-17.15	8-SCONJ|att|7|OO 17-AUX|skulle|8|OO 18-AUX|vara|17|IV	3
Eupa_00-01-17.16	4-AUX|skall|0|-- 1-SCONJ|Om|4|MD	2
Eupa_00-01-17.16	7-SCONJ|som|6|OA	1
Eupa_00-01-17.19	6-ADP|från|5|MD	1
Eupa_00-01-17.19	17-SCONJ|som|16|MD	1
Eupa_00-01-17.19	14-ADP|av|13|MD	1
Eupa_00-01-17.19	12-ADP|om|10|MD	1
Eupa_00-01-17.19	2-AUX|skulle|0|-- 3-AUX|vilja|2|IV	2
Eupa_00-01-17.20	12-ADP|på|11|MD	1
Eupa_00-01-17.20	8-SCONJ|som|7|MD 9-AUX|kommer|8|OO 10-PART|att|9|IV	3
Eupa_00-01-17.20	6-ADP|med|5|OA	1
Eupa_00-01-17.20	4-PART|att|3|OO	1
Eupa_00-01-17.21	3-ADP|om|2|MD	1
Eupa_00-01-17.21	8-ADP|i|7|RA	1
Eupa_00-01-17.21	10-ADP|på|7|MD	1
Eupa_00-01-17.21	17-ADP|i|16|MD	1
Eupa_00-01-17.21	24-ADP|av|23|MD	1
Eupa_00-01-17.21	40-ADP|av|39|MD	1
Eupa_00-01-17.21	38-ADP|rörande|37|MD	1
Eupa_00-01-17.21	32-ADP|med|31|MD 33-PART|att|32|OO	2
Eupa_00-01-17.21	30-SCONJ|som|29|MD	1
Eupa_00-01-17.21	28-ADP|för|27|MD	1
Eupa_00-01-17.21	20-ADP|om|16|MD 21-SCONJ|att|20|OO 26-AUX|bör|21|OO	3
Eupa_00-01-17.22	1-ADP|I|3|MD	1
Eupa_00-01-17.22	11-ADP|om|10|MD	1
Eupa_00-01-17.22	9-ADP|trots|8|MD	1
Eupa_00-01-17.22	5-SCONJ|att|3|ES 7-AUX|bör|5|OO	2
Eupa_00-01-17.23	5-ADP|om|4|MD	1
Eupa_00-01-17.23	12-ADP|inom|11|MD	1
Eupa_00-01-17.23	3-SCONJ|att|2|OO 8-AUX|är|3|OO	2
Eupa_00-01-17.23	20-SCONJ|som|19|MD 21-AUX|skulle|20|OO	2
Eupa_00-01-17.23	26-SCONJ|som|25|OA	1
Eupa_00-01-17.23	24-AUX|måste|2|conj	1
Eupa_00-01-17.24	15-SCONJ|som|13|MD 18-AUX|är|15|OO	2
Eupa_00-01-17.24	11-ADP|mot|10|MD	1
Eupa_00-01-17.24	4-SCONJ|om|3|OO 6-AUX|kan|4|OO	2
Eupa_00-01-17.24	2-AUX|vill|0|--	1
Eupa_00-01-17.25	24-SCONJ|innan|23|MD	1
Eupa_00-01-17.25	2-AUX|är|0|-- 5-ADP|vid|2|SP 22-ADP|på|5|AN	3
Eupa_00-01-17.25	2-AUX|är|0|-- 5-ADP|vid|2|SP 22-ADP|på|5|AN 8-SCONJ|som|2|EF 15-AUX|kan|8|OO 11-SCONJ|om|15|MD	6
Eupa_00-01-17.27	5-ADP|för|4|MD	1
Eupa_00-01-17.27	1-ADP|Under|7|MD	1
Eupa_00-01-17.27	10-ADP|i|7|RA 12-ADP|i|10|AN	2
Eupa_00-01-17.27	24-ADP|på|23|MD	1
Eupa_00-01-17.27	27-SCONJ|som|23|MD 29-AUX|kan|27|OO	2
Eupa_00-01-17.27	14-SCONJ|att|7|OO	1
Eupa_00-01-17.28	3-ADP|av|2|MD	1
Eupa_00-01-17.28	10-AUX|har|0|-- 1-ADP|På|10|MD	2
Eupa_00-01-17.28	20-ADP|bland|22|MD	1
Eupa_00-01-17.28	17-ADP|av|16|MD	1
Eupa_00-01-17.29	9-SCONJ|som|8|MD 12-AUX|har|9|OO	2
Eupa_00-01-17.29	6-ADP|med|5|MD	1
Eupa_00-01-17.29	2-AUX|är|0|-- 4-ADP|i|2|SP	2
Eupa_00-01-17.30	7-AUX|skall|0|--	1
Eupa_00-01-17.31	7-ADP|med|6|MD	1
Eupa_00-01-17.31	5-ADP|i|2|OA	1
Eupa_00-01-17.33	9-SCONJ|som|8|MD 14-AUX|har|9|OO 11-ADP|vid|14|MD	3
Eupa_00-01-17.33	6-ADP|vid|3|OA	1
Eupa_00-01-17.33	2-AUX|vill|0|--	1
Eupa_00-01-17.35	16-ADP|till|15|MD	1
Eupa_00-01-17.35	14-SCONJ|att|13|OO 18-AUX|är|14|OO 23-ADP|i|18|RA	3
Eupa_00-01-17.35	5-ADP|åt|2|OA 6-SCONJ|att|5|OO 8-AUX|har|6|OO	3
Eupa_00-01-17.36	6-SCONJ|att|2|ES 8-AUX|skall|6|OO	2
Eupa_00-01-17.37	4-ADP|om|3|OA 27-SCONJ|att|4|OO 31-AUX|är|27|OO	3
Eupa_00-01-17.37	18-AUX|har|6|OO 12-ADP|under|18|MD	2
Eupa_00-01-17.37	21-ADP|i|20|MD	1
Eupa_00-01-17.37	18-AUX|har|6|OO 12-ADP|under|18|MD 19-AUX|kunnat|18|IV	3
Eupa_00-01-17.37	2-AUX|är|0|--	1
Eupa_00-01-17.38	10-ADP|av|9|MD	1
Eupa_00-01-17.38	8-ADP|för|7|MD	1
Eupa_00-01-17.38	4-ADP|för|3|MD	1
Eupa_00-01-17.38	25-SCONJ|som|24|MD	1
Eupa_00-01-17.38	22-ADP|till|21|MD	1
Eupa_00-01-17.38	34-ADP|med|33|MD	1
Eupa_00-01-17.38	32-ADP|i|36|MD	1
Eupa_00-01-17.38	31-SCONJ|att|19|conj	1
Eupa_00-01-17.39	12-ADP|rörande|11|MD	1
Eupa_00-01-17.39	7-AUX|skall|0|--	1
Eupa_00-01-17.41	12-SCONJ|att|11|MD	1
Eupa_00-01-17.41	9-ADP|för|8|MD	1
Eupa_00-01-17.41	2-AUX|skulle|0|-- 4-AUX|vilja|2|IV	2
Eupa_00-01-17.42	7-SCONJ|som|6|MD	1
Eupa_00-01-17.42	11-AUX|har|0|--	1
Eupa_00-01-17.44	4-ADP|om|2|OA	1
Eupa_00-01-17.44	16-ADP|av|15|MD	1
Eupa_00-01-17.44	25-DET|den|27|DT	1
Eupa_00-01-17.44	24-ADP|till|23|RA	1
Eupa_00-01-17.44	9-SCONJ|eftersom|2|MD 13-AUX|vill|9|OO 20-SCONJ|då|13|MD 22-AUX|blir|20|OO	4
Eupa_00-01-17.45	11-SCONJ|att|10|OO	1
Eupa_00-01-17.45	9-PART|att|7|IV	1
Eupa_00-01-17.45	2-AUX|skulle|0|-- 6-AUX|vilja|2|IV	2
Eupa_00-01-17.47	5-ADP|för|3|MD	1
Eupa_00-01-17.47	15-ADP|på|14|MD	1
Eupa_00-01-17.47	12-ADP|för|11|MD	1
Eupa_00-01-17.47	10-ADP|på|9|MD	1
Eupa_00-01-17.47	7-SCONJ|att|3|OO	1
Eupa_00-01-17.47	2-AUX|kan|0|--	1
Eupa_00-01-17.48	8-ADP|i|7|MD	1
Eupa_00-01-17.48	3-SCONJ|att|2|OO 5-AUX|kommer|3|OO 6-PART|att|5|IV	3
Eupa_00-01-17.50	4-ADP|för|3|MD	1
Eupa_00-01-17.50	1-AUX|Kan|0|--	1
Eupa_00-01-17.51	8-ADP|i|5|RA	1
Eupa_00-01-17.51	2-AUX|har|0|-- 11-ADP|efter|2|MD	2
Eupa_00-01-17.52	2-AUX|har|0|-- 8-ADP|sedan|2|MD	2
Eupa_00-01-17.53	11-ADP|i|10|MD	1
Eupa_00-01-17.53	8-ADP|i|5|RA	1
Eupa_00-01-17.53	2-AUX|har|0|--	1
Eupa_00-01-17.54	9-AUX|skall|7|OO 12-SCONJ|om|9|MD	2
Eupa_00-01-17.54	6-ADP|om|5|MD	1
Eupa_00-01-17.55	7-ADP|efter|5|MD	1
Eupa_00-01-17.55	2-AUX|har|0|--	1
Eupa_00-01-17.56	6-ADP|om|5|MD	1
Eupa_00-01-17.57	10-SCONJ|som|9|MD	1
Eupa_00-01-17.57	4-AUX|är|2|OO 6-SCONJ|att|4|ES	2
Eupa_00-01-17.60	9-SCONJ|om|8|OO 14-AUX|har|9|OO	2
Eupa_00-01-17.60	7-AUX|skall|2|conj	1
Eupa_00-01-17.61	6-ADP|till|4|MD	1
Eupa_00-01-17.61	2-AUX|skall|0|--	1
Eupa_00-01-17.63	19-ADP|i|18|MD	1
Eupa_00-01-17.63	17-SCONJ|som|16|MD	1
Eupa_00-01-17.63	11-ADP|av|10|MD	1
Eupa_00-01-17.63	9-ADP|angående|8|MD	1
Eupa_00-01-17.63	5-AUX|har|0|--	1
Eupa_00-01-17.64	9-ADP|på|5|MD	1
Eupa_00-01-17.64	19-ADP|vid|18|MD	1
Eupa_00-01-17.64	15-SCONJ|att|14|OO 17-AUX|hade|15|OO	2
Eupa_00-01-17.64	3-AUX|har|0|-- 12-SCONJ|eftersom|3|MD	2
Eupa_00-01-17.65	3-SCONJ|att|2|OO	1
Eupa_00-01-17.65	9-SCONJ|eftersom|2|MD	1
Eupa_00-01-17.66	3-SCONJ|som|2|MD	1
Eupa_00-01-17.66	8-DET|de|10|DT	1
Eupa_00-01-17.66	11-ADP|i|10|MD	1
Eupa_00-01-17.66	22-ADP|i|21|MD	1
Eupa_00-01-17.66	28-ADP|i|27|MD	1
Eupa_00-01-17.66	20-SCONJ|som|19|MD	1
Eupa_00-01-17.66	7-ADP|om|6|OA 17-ADP|om|7|AN	2
Eupa_00-01-17.68	2-AUX|skall|0|--	1
Eupa_00-01-17.69	4-ADP|för|6|MD	1
Eupa_00-01-17.69	3-SCONJ|att|2|OO	1
Eupa_00-01-17.70	2-AUX|skall|0|--	1
Eupa_00-01-17.72	13-ADP|från|12|MD	1
Eupa_00-01-17.72	30-ADP|mot|29|MD	1
Eupa_00-01-17.72	28-ADP|av|27|MD	1
Eupa_00-01-17.72	40-ADP|i|39|MD	1
Eupa_00-01-17.72	46-ADP|mot|45|MD	1
Eupa_00-01-17.72	35-ADP|till|34|MD 36-SCONJ|att|35|OO 43-AUX|har|36|OO	3
Eupa_00-01-17.72	33-ADP|med|25|MD	1
Eupa_00-01-17.72	23-ADP|om|22|MD 24-PART|att|23|OO	2
Eupa_00-01-17.72	20-ADP|rörande|19|MD	1
Eupa_00-01-17.72	17-ADP|om|12|MD	1
Eupa_00-01-17.72	15-ADP|under|8|MD	1
Eupa_00-01-17.72	4-SCONJ|om|3|OO 6-AUX|kommer|4|OO 7-PART|att|6|IV	3
Eupa_00-01-17.72	2-AUX|vill|0|--	1
Eupa_00-01-17.73	3-SCONJ|att|2|AN	1
Eupa_00-01-17.73	12-ADP|till|11|MD	1
Eupa_00-01-17.73	10-ADP|med|9|OA	1
Eupa_00-01-17.73	7-AUX|är|0|--	1
Eupa_00-01-17.74	2-AUX|bör|0|-- 9-SCONJ|eftersom|2|MD 11-AUX|är|9|OO	3
Eupa_00-01-17.75	4-ADP|av|3|OA	1
Eupa_00-01-17.75	9-PART|att|8|OO	1
Eupa_00-01-17.75	2-AUX|är|0|-- 7-PART|att|2|ES	2
Eupa_00-01-17.76	7-AUX|är|0|-- 1-SCONJ|Som|7|MD 4-AUX|har|1|OO	3
Eupa_00-01-17.77	6-ADP|för|5|MD	1
Eupa_00-01-17.78	5-SCONJ|som|2|OO	1
Eupa_00-01-17.79	5-ADP|i|4|MD	1
Eupa_00-01-17.79	8-ADP|på|7|OA	1
Eupa_00-01-17.79	3-AUX|skall|0|--	1
Eupa_00-01-17.81	2-DET|vilket|3|DT 4-SCONJ|som|2|JF	2
Eupa_00-01-17.81	6-AUX|är|0|-- 1-ADP|I|6|MD	2
Eupa_00-01-17.81	6-AUX|är|0|-- 1-ADP|I|6|MD 8-ADP|för|6|MD	3
Eupa_00-01-17.81	18-ADP|på|17|MD	1
Eupa_00-01-17.81	15-ADP|om|14|MD	1
Eupa_00-01-17.81	12-ADP|för|11|MD	1
Eupa_00-01-17.83	3-ADP|på|2|MD	1
Eupa_00-01-17.83	7-ADP|av|6|MD	1
Eupa_00-01-17.83	5-AUX|är|0|--	1
Eupa_00-01-17.84	4-ADP|till|3|MD	1
Eupa_00-01-17.84	8-ADP|av|7|AG	1
Eupa_00-01-17.84	10-ADP|vid|7|RA	1
Eupa_00-01-17.84	20-ADP|i|18|MD	1
Eupa_00-01-17.84	17-ADP|med|16|MD	1
Eupa_00-01-17.84	15-ADP|i|7|MD	1
Eupa_00-01-17.84	6-SCONJ|som|3|MD	1
Eupa_00-01-17.84	22-AUX|har|0|--	1
Eupa_00-01-17.85	1-ADP|För|7|MD	1
Eupa_00-01-17.85	5-AUX|har|0|--	1
Eupa_00-01-17.86	1-ADP|Beträffande|0|--	1
Eupa_00-01-17.87	9-ADP|från|8|MD	1
Eupa_00-01-17.87	15-ADP|för|14|MD	1
Eupa_00-01-17.87	11-ADP|om|8|MD	1
Eupa_00-01-17.87	6-SCONJ|att|5|OO 25-AUX|skall|6|OO	2
Eupa_00-01-17.87	4-AUX|har|0|--	1
Eupa_00-01-17.88	8-SCONJ|som|5|MD	1
Eupa_00-01-17.88	14-ADP|för|12|MD 15-PART|att|14|OO	2
Eupa_00-01-17.88	19-SCONJ|om|12|MD	1
Eupa_00-01-17.88	4-SCONJ|att|3|OO	1
Eupa_00-01-17.88	2-AUX|skulle|0|--	1
Eupa_00-01-17.89	4-SCONJ|som|2|JF	1
Eupa_00-01-17.89	10-ADP|till|9|MD	1
Eupa_00-01-17.91	7-ADP|för|6|MD	1
Eupa_00-01-17.91	2-ADP|av|1|MD	1
Eupa_00-01-17.91	14-ADP|från|13|MD	1
Eupa_00-01-17.91	21-ADP|med|20|MD	1
Eupa_00-01-17.91	23-ADP|på|20|RA	1
Eupa_00-01-17.91	25-ADP|i|20|MD	1
Eupa_00-01-17.91	19-SCONJ|som|13|MD	1
Eupa_00-01-17.91	38-ADP|i|35|MD	1
Eupa_00-01-17.91	45-ADP|av|44|MD	1
Eupa_00-01-17.91	43-ADP|med|42|MD	1
Eupa_00-01-17.91	41-ADP|i|35|MD	1
Eupa_00-01-17.91	34-SCONJ|som|32|MD	1
Eupa_00-01-17.91	31-ADP|från|30|MD	1
Eupa_00-01-17.91	11-ADP|i|10|OA	1
Eupa_00-01-17.92	15-ADP|enligt|17|MD	1
Eupa_00-01-17.92	14-SCONJ|som|13|MD	1
Eupa_00-01-17.92	8-ADP|på|7|MD 9-SCONJ|att|8|OO 11-AUX|är|9|OO	3
Eupa_00-01-17.92	6-ADP|med|4|MD	1
Eupa_00-01-17.92	3-AUX|är|0|--	1
Eupa_00-01-17.93	15-ADP|under|14|MD	1
Eupa_00-01-17.93	12-ADP|vid|18|MD	1
Eupa_00-01-17.93	21-ADP|för|20|MD	1
Eupa_00-01-17.93	19-ADP|om|18|MD	1
Eupa_00-01-17.93	9-ADP|om|8|OA 10-SCONJ|att|9|OO	2
Eupa_00-01-17.93	2-AUX|vill|0|--	1
Eupa_00-01-17.94	8-ADP|för|7|MD	1
Eupa_00-01-17.94	10-PART|att|7|MD	1
Eupa_00-01-17.94	18-PART|att|7|conj 15-ADP|för|18|MD	2
Eupa_00-01-17.94	21-ADP|av|19|IO	1
Eupa_00-01-17.94	25-ADP|för|24|OA	1
Eupa_00-01-17.94	27-ADP|inför|24|MD	1
Eupa_00-01-17.94	2-AUX|har|0|--	1
Eupa_00-01-17.95	7-ADP|av|6|MD	1
Eupa_00-01-17.95	22-SCONJ|som|20|JF	1
Eupa_00-01-17.95	15-SCONJ|att|14|OO 17-AUX|skulle|15|OO	2
Eupa_00-01-17.95	12-SCONJ|där|6|MD	1
Eupa_00-01-17.95	5-ADP|om|4|OA	1
Eupa_00-01-17.95	2-AUX|vill|0|--	1
Eupa_00-01-17.96	2-SCONJ|som|1|MD	1
Eupa_00-01-17.96	29-ADP|för|28|MD	1
Eupa_00-01-17.96	27-ADP|utanför|26|MD	1
Eupa_00-01-17.96	25-SCONJ|som|24|MD	1
Eupa_00-01-17.96	18-ADP|för|17|MD 19-PART|att|18|OO	2
Eupa_00-01-17.96	15-SCONJ|som|14|MD	1
Eupa_00-01-17.96	10-ADP|utanför|9|MD	1
Eupa_00-01-17.96	8-SCONJ|som|7|MD	1
Eupa_00-01-17.96	46-PART|att|45|MD	1
Eupa_00-01-17.96	40-SCONJ|att|37|ES 43-AUX|är|40|OO 44-ADP|i|43|SP	3
Eupa_00-01-17.96	53-AUX|bör|37|DF 50-ADP|i|53|MD	2
Eupa_00-01-17.97	4-AUX|kan|0|-- 1-ADP|Enligt|4|MD	2
Eupa_00-01-17.98	7-ADP|av|6|AG	1
Eupa_00-01-17.98	3-ADP|på|2|MD 4-SCONJ|att|3|OO	2
Eupa_00-01-17.98	1-ADP|Med|13|MD	1
Eupa_00-01-17.98	15-SCONJ|att|13|OO 20-AUX|bör|15|OO 17-SCONJ|innan|20|MD	3
Eupa_00-01-17.98	33-SCONJ|som|32|JF	1
Eupa_00-01-17.98	27-PART|att|26|OO	1
Eupa_00-01-17.98	23-SCONJ|huruvida|22|OO 25-AUX|är|23|OO	2
Eupa_00-01-17.98	15-SCONJ|att|13|OO 20-AUX|bör|15|OO 17-SCONJ|innan|20|MD 21-AUX|få|20|IV	4
Eupa_00-01-17.98	46-PART|att|45|MD	1
Eupa_00-01-17.98	15-SCONJ|att|13|OO 20-AUX|bör|15|OO 17-SCONJ|innan|20|MD 21-AUX|få|20|IV 41-AUX|är|20|DF 44-ADP|i|41|SP	6
Eupa_00-01-17.98	51-SCONJ|som|50|JF	1
Eupa_00-01-17.99	4-AUX|skulle|0|-- 1-ADP|Enligt|4|MD	2
Eupa_00-01-17.99	14-SCONJ|som|10|MD	1
Eupa_00-01-17.99	42-ADP|kring|41|MD	1
Eupa_00-01-17.99	39-ADP|av|38|MD	1
Eupa_00-01-17.99	46-ADP|i|45|MD	1
Eupa_00-01-17.99	53-ADP|i|52|MD	1
Eupa_00-01-17.99	50-ADP|för|49|MD	1
Eupa_00-01-17.99	48-ADP|i|37|MD	1
Eupa_00-01-17.99	31-SCONJ|att|30|OO 36-AUX|får|31|OO 56-SCONJ|som|36|MD	3
Eupa_00-01-17.99	29-SCONJ|som|28|MD	1
Eupa_00-01-17.99	17-ADP|förutom|11|MD 18-SCONJ|att|17|OO 21-AUX|skulle|18|OO	3
Eupa_00-01-17.99	9-SCONJ|att|8|OO	1
Eupa_00-01-17.100	10-ADP|i|9|MD	1
Eupa_00-01-17.100	5-ADP|på|4|OA 6-SCONJ|att|5|OO 8-AUX|skall|6|OO	3
Eupa_00-01-17.100	2-AUX|bör|0|--	1
Eupa_00-01-17.101	8-ADP|till|7|OA 9-ADP|för|8|OO 10-PART|att|9|OO	3
Eupa_00-01-17.101	5-SCONJ|att|4|OO	1
Eupa_00-01-17.101	1-SCONJ|Eftersom|21|MD	1
Eupa_00-01-17.101	32-ADP|av|31|MD	1
Eupa_00-01-17.101	28-SCONJ|som|26|EF	1
Eupa_00-01-17.101	23-SCONJ|att|21|OO	1
Eupa_00-01-17.101	40-ADP|till|39|OA	1
Eupa_00-01-17.101	36-SCONJ|om|43|MD 38-AUX|är|36|OO	2
Eupa_00-01-17.101	55-ADP|mellan|54|MD	1
Eupa_00-01-17.101	61-ADP|på|60|MD	1
Eupa_00-01-17.101	65-ADP|gentemot|60|MD	1
Eupa_00-01-17.101	45-SCONJ|att|43|OO 48-AUX|är|45|OO 50-PART|att|48|ES	3
Eupa_00-01-17.102	4-ADP|från|3|MD	1
Eupa_00-01-17.102	10-SCONJ|som|3|MD	1
Eupa_00-01-17.102	21-ADP|på|19|MD	1
Eupa_00-01-17.102	23-SCONJ|som|19|MD	1
Eupa_00-01-17.102	15-SCONJ|att|2|OO	1
Eupa_00-01-17.102	40-AUX|kan|2|conj 37-ADP|i|40|MD	2
Eupa_00-01-17.102	46-ADP|å|49|MD	1
Eupa_00-01-17.102	55-SCONJ|att|54|MD	1
Eupa_00-01-17.102	53-ADP|med|49|MD	1
Eupa_00-01-17.102	65-ADP|i|64|RA	1
Eupa_00-01-17.102	63-PART|att|62|MD	1
Eupa_00-01-17.102	68-ADP|å|71|MD	1
Eupa_00-01-17.102	74-ADP|om|73|MD	1
Eupa_00-01-17.102	87-ADP|i|86|MD	1
Eupa_00-01-17.102	85-ADP|av|84|MD	1
Eupa_00-01-17.102	77-SCONJ|eftersom|71|MD 81-AUX|har|77|OO 82-AUX|fått|81|IV	3
Eupa_00-01-17.103	12-PART|att|10|IV	1
Eupa_00-01-17.103	8-SCONJ|att|2|OO	1
Eupa_00-01-17.104	3-ADP|från|2|MD	1
Eupa_00-01-17.106	9-ADP|över|8|OA	1
Eupa_00-01-17.106	21-ADP|på|20|MD	1
Eupa_00-01-17.106	24-ADP|till|23|MD	1
Eupa_00-01-17.106	18-SCONJ|att|17|OO	1
Eupa_00-01-17.106	4-SCONJ|att|3|OO 6-AUX|är|4|OO	2
Eupa_00-01-17.106	2-AUX|måste|0|--	1
Eupa_00-01-17.108	5-ADP|vid|4|RA	1
Eupa_00-01-17.108	2-AUX|kunde|0|--	1
Eupa_00-01-17.109	10-SCONJ|att|8|ES	1
Eupa_00-01-17.111	6-ADP|på|2|RA	1
Eupa_00-01-17.112	2-AUX|var|0|-- 7-SCONJ|som|2|EF	2
Eupa_00-01-17.114	8-SCONJ|som|5|JF	1
Eupa_00-01-17.115	3-ADP|på|2|MD	1
Eupa_00-01-17.116	5-AUX|kan|3|OO	1
Eupa_00-01-17.116	7-ADP|i|2|OA	1
Eupa_00-01-17.116	16-ADP|med|2|MD	1
Eupa_00-01-17.117	9-ADP|för|8|MD	1
Eupa_00-01-17.117	3-SCONJ|att|2|OO 21-AUX|var|3|OO 7-ADP|med|21|MD	3
Eupa_00-01-17.117	3-SCONJ|att|2|OO 21-AUX|var|3|OO 7-ADP|med|21|MD 15-AUX|är|21|DF	4
Eupa_00-01-17.117	36-SCONJ|som|35|MD 38-AUX|har|36|OO	2
Eupa_00-01-17.117	33-ADP|på|32|OA	1
Eupa_00-01-17.117	29-SCONJ|att|28|OO 31-AUX|borde|29|OO	2
Eupa_00-01-17.118	4-ADP|av|3|OA	1
Eupa_00-01-17.120	7-ADP|i|6|MD	1
Eupa_00-01-17.120	2-AUX|vill|0|--	1
Eupa_00-01-17.121	4-ADP|för|3|MD 7-ADP|för|4|AN	2
Eupa_00-01-17.121	16-ADP|av|15|MD	1
Eupa_00-01-17.121	22-ADP|för|21|MD	1
Eupa_00-01-17.121	30-SCONJ|som|35|DF	1
Eupa_00-01-17.121	27-ADP|efter|19|MD	1
Eupa_00-01-17.122	11-ADP|om|10|MD	1
Eupa_00-01-17.122	14-ADP|under|8|MD	1
Eupa_00-01-17.122	25-ADP|i|24|AN	1
Eupa_00-01-17.122	20-ADP|utifrån|8|MD	1
Eupa_00-01-17.122	5-SCONJ|att|3|OO 7-AUX|måste|5|OO	2
Eupa_00-01-17.125	3-AUX|skall|0|-- 1-ADP|I|3|MD	2
Eupa_00-01-17.125	8-ADP|för|7|MD	1
Eupa_00-01-17.126	7-ADP|för|6|OA	1
Eupa_00-01-17.126	4-SCONJ|att|3|OO	1
Eupa_00-01-17.126	19-ADP|i|14|MD	1
Eupa_00-01-17.126	10-SCONJ|om|23|MD 13-AUX|vill|10|OO	2
Eupa_00-01-17.126	26-ADP|i|23|MD	1
Eupa_00-01-17.126	2-AUX|har|0|--	1
Eupa_00-01-17.127	6-ADP|till|4|OA	1
Eupa_00-01-17.127	2-AUX|har|0|--	1
Eupa_00-01-17.128	2-AUX|vill|0|-- 4-ADP|för|2|MD	2
Eupa_00-01-17.128	9-ADP|med|8|MD	1
Eupa_00-01-17.129	5-SCONJ|som|4|MD	1
Eupa_00-01-17.129	8-ADP|gentemot|7|MD	1
Eupa_00-01-17.129	3-AUX|är|0|--	1
Eupa_00-01-17.130	5-ADP|från|4|MD	1
Eupa_00-01-17.130	3-SCONJ|som|2|MD	1
Eupa_00-01-17.130	10-AUX|vara|7|IV	1
Eupa_00-01-17.131	5-ADP|inom|4|MD	1
Eupa_00-01-17.131	11-ADP|på|9|MD	1
Eupa_00-01-17.131	18-ADP|om|17|MD	1
Eupa_00-01-17.131	15-ADP|inför|9|MD	1
Eupa_00-01-17.131	3-SCONJ|att|2|OO 7-AUX|skall|3|OO 8-AUX|kunna|7|IV	3
Eupa_00-01-17.132	6-ADP|genom|4|MD 7-PART|att|6|OO	2
Eupa_00-01-17.132	20-SCONJ|som|18|OO	1
Eupa_00-01-17.132	15-ADP|utan|4|MD 16-SCONJ|att|15|OO	2
Eupa_00-01-17.132	2-AUX|kan|0|--	1
Eupa_00-01-17.133	14-ADP|för|13|OA	1
Eupa_00-01-17.133	9-SCONJ|att|8|MD 12-AUX|är|9|OO	2
Eupa_00-01-17.133	25-ADP|till|23|MD	1
Eupa_00-01-17.133	20-ADP|om|19|MD	1
Eupa_00-01-17.133	30-ADP|i|28|MD	1
Eupa_00-01-17.133	18-SCONJ|att|2|OO	1
Eupa_00-01-17.133	36-SCONJ|att|34|OO 40-AUX|har|36|OO 38-ADP|till|40|MD	3
Eupa_00-01-17.133	46-PART|att|45|MD	1
Eupa_00-01-17.133	43-ADP|om|42|MD	1
Eupa_00-01-17.134	2-AUX|är|0|-- 5-ADP|av|2|SP	2
Eupa_00-01-17.134	2-AUX|är|0|-- 5-ADP|av|2|SP 10-SCONJ|som|2|EF 12-AUX|bör|10|OO	4
Eupa_00-01-17.135	5-ADP|å|2|MD	1
Eupa_00-01-17.136	3-ADP|från|2|MD	1
Eupa_00-01-17.138	2-AUX|vill|0|-- 3-ADP|i|2|MD	2
Eupa_00-01-17.138	13-ADP|för|12|MD	1
Eupa_00-01-17.138	7-SCONJ|att|6|OO	1
Eupa_00-01-17.139	4-ADP|i|2|MD	1
Eupa_00-01-17.140	12-DET|en|13|DT	1
Eupa_00-01-17.140	34-ADP|under|33|MD 42-ADP|under|34|AN 40-AUX|vill|42|MD	3
Eupa_00-01-17.140	30-ADP|om|29|MD	1
Eupa_00-01-17.140	24-ADP|om|23|MD	1
Eupa_00-01-17.140	20-ADP|förutom|9|MD	1
Eupa_00-01-17.140	16-SCONJ|som|15|JF	1
Eupa_00-01-17.140	5-SCONJ|att|4|OO 8-AUX|har|5|OO	2
Eupa_00-01-17.140	2-AUX|vill|0|--	1
Eupa_00-01-17.141	3-AUX|vill|1|MD	1
Eupa_00-01-17.141	17-ADP|i|16|MD	1
Eupa_00-01-17.141	15-SCONJ|som|14|MD	1
Eupa_00-01-17.141	12-ADP|i|20|MD	1
Eupa_00-01-17.141	28-ADP|av|27|MD	1
Eupa_00-01-17.141	23-ADP|mellan|22|MD	1
Eupa_00-01-17.141	9-AUX|är|0|-- 10-SCONJ|att|9|SP	2
Eupa_00-01-17.142	12-ADP|från|11|MD	1
Eupa_00-01-17.142	19-ADP|för|18|OA	1
Eupa_00-01-17.142	25-AUX|må|23|OO	1
Eupa_00-01-17.142	10-SCONJ|att|9|OO 15-AUX|är|10|OO	2
Eupa_00-01-17.142	32-PART|att|31|OO	1
Eupa_00-01-17.142	41-ADP|i|43|MD	1
Eupa_00-01-17.142	39-SCONJ|som|38|JF	1
Eupa_00-01-17.142	53-ADP|i|52|MD	1
Eupa_00-01-17.142	56-ADP|inför|52|MD	1
Eupa_00-01-17.142	47-ADP|på|46|MD 48-SCONJ|att|47|OO 51-AUX|har|48|OO	3
Eupa_00-01-17.142	10-SCONJ|att|9|OO 15-AUX|är|10|OO 28-SCONJ|att|10|AN 30-AUX|är|28|OO 45-ADP|med|30|MD	5
Eupa_00-01-17.142	3-AUX|vill|0|--	1
Eupa_00-01-17.143	9-DET|en|10|DT	1
Eupa_00-01-17.143	12-SCONJ|att|11|OO 17-AUX|har|12|OO 14-ADP|för|17|MD	3
Eupa_00-01-17.143	21-ADP|för|20|MD	1
Eupa_00-01-17.143	6-AUX|vill|0|--	1
Eupa_00-01-17.144	8-ADP|från|7|MD	1
Eupa_00-01-17.144	19-ADP|om|18|MD	1
Eupa_00-01-17.144	23-ADP|på|15|MD	1
Eupa_00-01-17.144	12-SCONJ|att|7|MD	1
Eupa_00-01-17.144	6-ADP|om|5|MD	1
Eupa_00-01-17.144	3-SCONJ|att|2|OO	1
Eupa_00-01-17.147	3-AUX|har|0|-- 1-ADP|Beträffande|3|MD	2
Eupa_00-01-17.147	14-ADP|om|13|MD	1
Eupa_00-01-17.147	10-ADP|beträffande|9|MD	1
Eupa_00-01-17.148	8-ADP|från|7|MD	1
Eupa_00-01-17.148	3-SCONJ|att|2|OO 6-AUX|skall|3|OO	2
Eupa_00-01-17.149	6-ADP|för|4|MD	1
Eupa_00-01-17.149	1-AUX|Vill|0|--	1
Eupa_00-01-17.151	7-ADP|bland|6|MD	1
Eupa_00-01-17.151	4-SCONJ|att|3|OO	1
Eupa_00-01-17.151	18-ADP|inom|17|MD	1
Eupa_00-01-17.151	25-DET|den|27|DT	1
Eupa_00-01-17.151	29-ADP|från|28|OA	1
Eupa_00-01-17.151	36-ADP|på|35|MD	1
Eupa_00-01-17.151	34-ADP|vid|38|MD	1
Eupa_00-01-17.151	43-ADP|i|42|MD	1
Eupa_00-01-17.151	40-ADP|för|39|MD	1
Eupa_00-01-17.151	14-SCONJ|att|12|OO 23-AUX|vill|14|OO 32-SCONJ|eftersom|23|MD	3
Eupa_00-01-17.151	1-SCONJ|Eftersom|0|-- 11-AUX|har|1|parataxis	2
Eupa_00-01-17.152	4-SCONJ|huruvida|2|OO	1
Eupa_00-01-17.152	11-ADP|i|10|MD	1
Eupa_00-01-17.152	13-AUX|vore|2|conj 14-ADP|i|13|MD	2
Eupa_00-01-17.152	13-AUX|vore|2|conj 14-ADP|i|13|MD 18-SCONJ|ifall|13|MD	3
Eupa_00-01-17.152	29-ADP|med|27|OA	1
Eupa_00-01-17.152	13-AUX|vore|2|conj 14-ADP|i|13|MD 18-SCONJ|ifall|13|MD 22-SCONJ|då|13|MD 26-AUX|har|22|OO	5
Eupa_00-01-17.153	6-ADP|mot|5|MD	1
Eupa_00-01-17.154	9-ADP|från|8|MD	1
Eupa_00-01-17.154	5-ADP|på|2|OA 6-SCONJ|att|5|OO	2
Eupa_00-01-17.156	11-ADP|emot|9|MD	1
Eupa_00-01-17.156	7-SCONJ|som|6|MD 8-AUX|skall|7|OO	2
Eupa_00-01-17.156	5-ADP|till|4|MD	1
Eupa_00-01-17.156	2-AUX|skall|0|--	1
Eupa_00-01-17.158	2-AUX|skulle|0|-- 3-ADP|till|2|MD 4-PART|att|3|OO	3
Eupa_00-01-17.158	2-AUX|skulle|0|-- 3-ADP|till|2|MD 4-PART|att|3|OO 7-AUX|vilja|2|IV	4
Eupa_00-01-17.159	21-ADP|med|20|MD	1
Eupa_00-01-17.159	25-ADP|i|20|MD	1
Eupa_00-01-17.159	19-SCONJ|som|18|MD	1
Eupa_00-01-17.159	2-AUX|har|0|-- 9-ADP|för|2|MD 10-SCONJ|att|9|OO	3
Eupa_00-01-17.161	4-AUX|var|2|conj 7-ADP|utom|4|MD	2
Eupa_00-01-17.161	36-ADP|emot|34|conj	1
Eupa_00-01-17.161	30-ADP|om|29|OA 31-SCONJ|huruvida|30|OO 33-AUX|är|31|OO	3
Eupa_00-01-17.161	26-SCONJ|att|16|OO	1
Eupa_00-01-17.162	2-AUX|är|0|--	1
Eupa_00-01-17.163	5-PART|att|4|MD	1
Eupa_00-01-17.163	10-ADP|till|2|MD	1
Eupa_00-01-17.163	18-ADP|för|17|MD	1
Eupa_00-01-17.163	41-ADP|till|40|MD	1
Eupa_00-01-17.163	34-SCONJ|som|32|MD 36-AUX|skulle|34|OO	2
Eupa_00-01-17.163	28-ADP|till|27|OO	1
Eupa_00-01-17.163	14-ADP|för|2|MD 15-SCONJ|att|14|OO 20-AUX|få|15|OO	3
Eupa_00-01-17.163	56-ADP|i|55|MD	1
Eupa_00-01-17.163	52-ADP|efter|51|MD	1
Eupa_00-01-17.163	50-SCONJ|som|49|MD	1
Eupa_00-01-17.163	47-ADP|på|46|MD	1
Eupa_00-01-17.163	45-ADP|med|2|MD	1
Eupa_00-01-17.164	6-ADP|från|5|MD	1
Eupa_00-01-17.164	16-ADP|om|15|MD	1
Eupa_00-01-17.164	18-ADP|från|12|MD	1
Eupa_00-01-17.164	10-ADP|till|9|OA 11-PART|att|10|OO	2
Eupa_00-01-17.164	8-SCONJ|som|5|MD	1
Eupa_00-01-17.164	4-ADP|om|3|MD	1
Eupa_00-01-17.164	2-AUX|skall|0|--	1
Eupa_00-01-17.165	5-ADP|med|3|MD	1
Eupa_00-01-17.166	4-ADP|från|3|MD 5-PART|att|4|OO	2
Eupa_00-01-17.168	12-ADP|för|11|MD	1
Eupa_00-01-17.168	6-ADP|för|4|MD 7-SCONJ|att|6|OO	2
Eupa_00-01-17.168	2-AUX|skulle|0|-- 3-AUX|vilja|2|IV	2
Eupa_00-01-17.171	16-ADP|på|15|MD	1
Eupa_00-01-17.171	3-SCONJ|om|2|OO 7-AUX|har|3|OO 10-ADP|trots|7|MD 11-SCONJ|att|10|OO 14-AUX|kunde|11|OO 20-SCONJ|eftersom|14|MD	6
Eupa_00-01-17.173	8-SCONJ|som|7|MD	1
Eupa_00-01-17.173	1-SCONJ|Om|11|MD	1
Eupa_00-01-17.175	6-ADP|från|5|MD	1
Eupa_00-01-17.175	2-AUX|har|0|--	1
Eupa_00-01-17.176	5-ADP|för|4|MD	1
Eupa_00-01-17.179	2-DET|en|3|DT	1
Eupa_00-01-17.179	13-ADP|på|10|MD	1
Eupa_00-01-17.179	7-SCONJ|att|6|OO 9-AUX|måste|7|OO	2
Eupa_00-01-17.179	4-AUX|vill|0|--	1
Eupa_00-01-17.180	2-AUX|är|0|-- 4-SCONJ|att|2|ES	2
Eupa_00-01-17.181	2-AUX|måste|0|--	1
Eupa_00-01-17.182	2-AUX|har|0|--	1
Eupa_00-01-17.183	9-ADP|på|8|MD	1
Eupa_00-01-17.183	4-SCONJ|att|2|OO	1
Eupa_00-01-17.184	11-ADP|till|10|MD 12-SCONJ|att|11|OO	2
Eupa_00-01-17.184	5-AUX|är|0|--	1
Eupa_00-01-17.185	3-SCONJ|att|2|OO 5-AUX|har|3|OO	2
Eupa_00-01-17.185	12-SCONJ|att|10|OO 14-AUX|får|12|OO	2
Eupa_00-01-17.185	9-AUX|skall|2|conj	1
Eupa_00-01-17.187	7-ADP|på|6|MD	1
Eupa_00-01-17.187	16-PART|att|15|MD	1
Eupa_00-01-17.187	23-SCONJ|att|22|MD	1
Eupa_00-01-17.187	19-SCONJ|liksom|14|MD	1
Eupa_00-01-17.188	7-ADP|i|6|MD	1
Eupa_00-01-17.188	4-ADP|med|2|MD	1
Eupa_00-01-17.190	19-ADP|om|18|MD	1
Eupa_00-01-17.190	17-ADP|rörande|4|MD	1
Eupa_00-01-17.190	1-ADP|Under|24|MD	1
Eupa_00-01-17.190	13-ADP|i|10|MD	1
Eupa_00-01-17.190	8-AUX|kommer|24|DF 9-PART|att|8|IV	2
Eupa_00-01-17.190	31-ADP|före|29|MD	1
Eupa_00-01-17.190	33-ADP|på|29|MD	1
Eupa_00-01-17.190	26-SCONJ|att|24|OO 28-AUX|ville|26|OO	2
Eupa_00-01-17.192	4-SCONJ|om|3|OO 10-AUX|kunde|4|OO 6-ADP|vid|10|MD	3
Eupa_00-01-17.192	15-ADP|på|12|MD	1
Eupa_00-01-17.192	4-SCONJ|om|3|OO 10-AUX|kunde|4|OO 6-ADP|vid|10|MD 11-AUX|få|10|IV	4
Eupa_00-01-17.192	2-AUX|skulle|0|--	1
Eupa_00-01-17.193	2-AUX|är|0|--	1
Eupa_00-01-17.194	5-ADP|för|4|MD	1
Eupa_00-01-17.194	20-ADP|av|19|MD	1
Eupa_00-01-17.194	18-ADP|mot|13|MD	1
Eupa_00-01-17.194	10-ADP|om|9|OA	1
Eupa_00-01-17.194	2-AUX|skulle|0|-- 3-AUX|vara|2|IV 8-PART|att|3|ES	3
Eupa_00-01-17.196	2-AUX|skall|0|--	1
Eupa_00-01-17.197	6-ADP|till|5|MD	1
Eupa_00-01-17.198	7-AUX|har|2|conj	1
Eupa_00-01-17.198	11-AUX|har|2|conj	1
Eupa_00-01-17.198	15-AUX|får|2|conj	1
Eupa_00-01-17.199	14-SCONJ|att|12|OO 16-AUX|hade|14|OO	2
Eupa_00-01-17.199	2-AUX|är|0|--	1
Eupa_00-01-17.200	4-SCONJ|att|2|OO 6-AUX|är|4|OO	2
Eupa_00-01-17.200	13-ADP|i|12|MD	1
Eupa_00-01-17.200	10-AUX|kommer|2|conj 11-PART|att|10|IV	2
Eupa_00-01-17.201	3-ADP|i|5|MD	1
Eupa_00-01-17.201	7-ADP|från|6|MD	1
Eupa_00-01-17.201	17-SCONJ|att|16|OO	1
Eupa_00-01-17.201	14-SCONJ|som|12|MD	1
Eupa_00-01-17.201	10-AUX|kan|0|--	1
Eupa_00-01-17.202	3-SCONJ|att|2|OO 5-AUX|är|3|OO	2
Eupa_00-01-17.203	6-ADP|från|5|MD	1
Eupa_00-01-17.203	2-AUX|kommer|0|-- 4-ADP|i|2|MD	2
Eupa_00-01-17.203	12-ADP|till|11|MD	1
Eupa_00-01-17.203	2-AUX|kommer|0|-- 4-ADP|i|2|MD 9-PART|att|2|IV	3
Eupa_00-01-17.204	12-SCONJ|som|11|MD 13-AUX|kommer|12|OO 14-PART|att|13|IV	3
Eupa_00-01-17.204	7-SCONJ|än|6|JF 8-SCONJ|att|7|OO	2
Eupa_00-01-17.204	3-SCONJ|att|2|OO 5-AUX|är|3|OO	2
Eupa_00-01-17.205	4-ADP|om|1|MD	1
Eupa_00-01-17.207	3-ADP|på|7|MD	1
Eupa_00-01-17.207	1-SCONJ|Om|13|MD	1
Eupa_00-01-17.207	20-ADP|mot|19|MD	1
Eupa_00-01-17.207	16-AUX|kan|13|conj	1
Eupa_00-01-17.208	5-SCONJ|att|4|OO 8-AUX|kan|5|OO	2
Eupa_00-01-17.208	1-SCONJ|Om|13|MD	1
Eupa_00-01-17.208	17-ADP|med|13|conj	1
Eupa_00-01-17.209	2-AUX|skall|0|-- 4-AUX|vara|2|IV	2
Eupa_00-01-17.209	9-ADP|av|8|MD	1
Eupa_00-01-17.209	2-AUX|skall|0|-- 4-AUX|vara|2|IV 7-ADP|vid|2|MD	3
Eupa_00-01-17.210	2-AUX|är|0|--	1
Eupa_00-01-17.211	8-AUX|kan|0|-- 1-SCONJ|Om|8|MD	2
Eupa_00-01-17.211	12-ADP|i|11|MD	1
Eupa_00-01-17.212	4-ADP|med|3|MD	1
Eupa_00-01-17.213	4-ADP|av|3|MD	1
Eupa_00-01-17.213	2-ADP|för|1|MD	1
Eupa_00-01-17.214	3-ADP|på|2|MD	1
Eupa_00-01-17.214	12-ADP|av|6|MD	1
Eupa_00-01-17.214	17-ADP|för|16|MD	1
Eupa_00-01-17.214	15-ADP|för|6|MD	1
Eupa_00-01-17.214	40-ADP|av|39|MD	1
Eupa_00-01-17.214	43-ADP|på|39|MD	1
Eupa_00-01-17.214	38-ADP|för|37|MD	1
Eupa_00-01-17.214	36-ADP|för|35|MD	1
Eupa_00-01-17.214	34-ADP|av|33|MD	1
Eupa_00-01-17.214	32-ADP|om|31|MD	1
Eupa_00-01-17.214	27-ADP|inför|26|MD	1
Eupa_00-01-17.214	23-ADP|om|6|MD	1
Eupa_00-01-17.214	5-AUX|är|0|--	1
Eupa_00-01-17.217	3-ADP|utan|2|MD	1
Eupa_00-01-17.217	20-ADP|av|19|MD	1
Eupa_00-01-17.217	23-ADP|på|19|MD	1
Eupa_00-01-17.217	18-ADP|för|17|MD	1
Eupa_00-01-17.217	16-ADP|av|15|MD	1
Eupa_00-01-17.217	10-ADP|mot|9|MD 11-PART|att|10|OO	2
Eupa_00-01-17.217	8-ADP|i|2|MD	1
Eupa_00-01-17.218	6-AUX|var|0|-- 1-ADP|För|6|DF	2
Eupa_00-01-17.218	15-ADP|enligt|14|MD	1
Eupa_00-01-17.218	12-ADP|för|11|MD 13-SCONJ|att|12|OO 22-AUX|skulle|13|OO	3
Eupa_00-01-17.218	32-ADP|av|31|MD	1
Eupa_00-01-17.218	30-ADP|vid|35|MD	1
Eupa_00-01-17.218	37-ADP|av|35|OA	1
Eupa_00-01-17.218	29-SCONJ|att|28|OO	1
Eupa_00-01-17.218	49-ADP|för|43|OA	1
Eupa_00-01-17.218	41-SCONJ|liksom|28|MD 42-PART|att|41|OO	2
Eupa_00-01-17.218	25-ADP|enligt|11|OO	1
Eupa_00-01-17.218	53-ADP|utan|11|MD 54-PART|att|53|OO	2
Eupa_00-01-17.218	8-SCONJ|att|7|OA	1
Eupa_00-01-17.219	1-ADP|För|7|DF	1
Eupa_00-01-17.219	5-ADP|genom|7|MD	1
Eupa_00-01-17.219	15-ADP|under|12|MD	1
Eupa_00-01-17.219	28-ADP|av|27|MD	1
Eupa_00-01-17.219	32-ADP|av|31|MD	1
Eupa_00-01-17.219	30-ADP|till|27|MD	1
Eupa_00-01-17.219	47-ADP|på|46|MD	1
Eupa_00-01-17.219	45-ADP|för|44|MD	1
Eupa_00-01-17.220	1-ADP|För|4|DF	1
Eupa_00-01-17.220	6-ADP|med|4|MD	1
Eupa_00-01-17.220	12-SCONJ|som|11|MD	1
Eupa_00-01-17.220	8-SCONJ|såsom|4|MD	1
Eupa_00-01-17.220	17-ADP|i|4|MD	1
Eupa_00-01-17.220	30-ADP|av|29|MD	1
Eupa_00-01-17.220	35-ADP|från|34|MD	1
Eupa_00-01-17.220	46-ADP|för|45|MD	1
Eupa_00-01-17.220	43-ADP|till|42|MD	1
Eupa_00-01-17.221	9-ADP|med|8|MD	1
Eupa_00-01-17.221	7-ADP|i|6|MD	1
Eupa_00-01-17.221	3-AUX|kan|0|--	1
Eupa_00-01-17.222	6-ADP|från|5|MD	1
Eupa_00-01-17.222	3-SCONJ|att|2|OO 9-AUX|har|3|OO	2
Eupa_00-01-17.223	24-ADP|mot|23|MD	1
Eupa_00-01-17.223	30-ADP|av|29|MD	1
Eupa_00-01-17.223	13-ADP|av|12|MD 14-SCONJ|att|13|OO	2
Eupa_00-01-17.223	11-ADP|på|8|MD	1
Eupa_00-01-17.224	13-ADP|för|12|MD	1
Eupa_00-01-17.224	11-ADP|från|10|MD	1
Eupa_00-01-17.224	23-ADP|av|22|MD	1
Eupa_00-01-17.224	5-ADP|till|4|MD	1
Eupa_00-01-17.224	3-ADP|om|2|OA	1
Eupa_00-01-17.225	31-SCONJ|som|30|MD	1
Eupa_00-01-17.226	3-ADP|om|2|OA	1
Eupa_00-01-17.228	20-ADP|på|19|RA	1
Eupa_00-01-17.228	16-SCONJ|där|15|MD	1
Eupa_00-01-17.228	14-ADP|om|13|OA	1
Eupa_00-01-17.228	44-ADP|av|43|MD	1
Eupa_00-01-17.228	47-ADP|på|42|MD	1
Eupa_00-01-17.228	38-SCONJ|att|37|MD	1
Eupa_00-01-17.228	63-ADP|för|62|MD	1
Eupa_00-01-17.228	58-ADP|av|57|MD	1
Eupa_00-01-17.228	74-ADP|till|70|OA	1
Eupa_00-01-17.228	53-SCONJ|att|52|MD 69-AUX|har|53|OO	2
Eupa_00-01-17.228	8-ADP|i|6|OA 9-SCONJ|att|8|OO	2
Eupa_00-01-17.228	5-AUX|får|3|conj	1
Eupa_00-01-17.229	2-SCONJ|som|14|MD	1
Eupa_00-01-17.229	8-SCONJ|att|7|OO	1
Eupa_00-01-17.229	36-ADP|av|35|MD	1
Eupa_00-01-17.229	47-ADP|vid|46|MD	1
Eupa_00-01-17.229	45-SCONJ|som|42|OO	1
Eupa_00-01-17.229	41-PART|att|33|ES	1
Eupa_00-01-17.229	31-SCONJ|där|29|MD	1
Eupa_00-01-17.229	28-ADP|i|24|RA	1
Eupa_00-01-17.229	21-SCONJ|som|17|MD	1
Eupa_00-01-17.229	18-ADP|i|14|OA	1
Eupa_00-01-17.230	9-ADP|mellan|4|RA	1
Eupa_00-01-17.231	3-ADP|för|2|MD	1
Eupa_00-01-17.231	5-SCONJ|som|2|MD	1
Eupa_00-01-17.231	9-ADP|för|8|MD	1
Eupa_00-01-17.231	17-ADP|till|16|MD	1
Eupa_00-01-17.231	15-ADP|på|14|MD	1
Eupa_00-01-17.232	4-ADP|i|3|MD	1
Eupa_00-01-17.232	1-ADP|På|7|RA	1
Eupa_00-01-17.233	7-ADP|på|6|MD	1
Eupa_00-01-17.233	3-AUX|måste|0|--	1
Eupa_00-01-17.234	2-AUX|får|0|-- 4-PART|inte|2|MD	2
Eupa_00-01-17.234	17-PART|att|16|MD	1
Eupa_00-01-17.234	13-ADP|i|9|MD	1
Eupa_00-01-17.234	7-ADP|med|5|OA 8-PART|att|7|OO	2
Eupa_00-01-17.235	13-ADP|inom|10|MD	1
Eupa_00-01-17.235	7-ADP|på|6|MD 8-SCONJ|att|7|OO	2
Eupa_00-01-17.235	2-AUX|måste|0|--	1
Eupa_00-01-17.236	5-SCONJ|där|4|MD 9-AUX|måste|5|OO 7-ADP|i|9|MD	3
Eupa_00-01-17.237	2-AUX|skulle|0|-- 3-AUX|vilja|2|IV	2
Eupa_00-01-17.237	22-ADP|i|21|MD	1
Eupa_00-01-17.237	15-ADP|med|13|OA 16-PART|att|15|OO	2
Eupa_00-01-17.237	2-AUX|skulle|0|-- 3-AUX|vilja|2|IV 11-AUX|får|2|parataxis	3
Eupa_00-01-17.238	12-SCONJ|som|10|JF	1
Eupa_00-01-17.238	23-ADP|i|22|MD	1
Eupa_00-01-17.238	20-ADP|för|19|OA	1
Eupa_00-01-17.238	18-SCONJ|som|17|MD	1
Eupa_00-01-17.238	33-ADP|av|32|MD	1
Eupa_00-01-17.238	37-ADP|i|36|AN	1
Eupa_00-01-17.238	27-SCONJ|att|26|MD	1
Eupa_00-01-17.238	9-SCONJ|att|5|IV	1
Eupa_00-01-17.240	15-ADP|på|20|MD	1
Eupa_00-01-17.240	22-ADP|om|21|MD	1
Eupa_00-01-17.240	12-ADP|i|10|MD	1
Eupa_00-01-17.240	8-ADP|för|6|MD	1
Eupa_00-01-17.241	15-ADP|på|14|MD	1
Eupa_00-01-17.241	12-ADP|av|11|MD	1
Eupa_00-01-17.241	10-ADP|för|9|MD	1
Eupa_00-01-17.241	8-ADP|för|7|MD	1
Eupa_00-01-17.241	6-ADP|av|5|MD	1
Eupa_00-01-17.241	4-ADP|om|3|MD	1
Eupa_00-01-17.242	4-ADP|till|2|MD	1
Eupa_00-01-17.243	6-ADP|i|5|MD	1
Eupa_00-01-17.243	11-ADP|vid|10|MD 13-ADP|i|11|AN	2
Eupa_00-01-17.243	19-ADP|i|18|MD	1
Eupa_00-01-17.243	25-SCONJ|där|24|MD	1
Eupa_00-01-17.243	31-ADP|utanför|30|MD	1
Eupa_00-01-17.243	34-ADP|efter|30|MD	1
Eupa_00-01-17.243	41-ADP|inom|40|MD	1
Eupa_00-01-17.243	38-SCONJ|som|30|MD	1
Eupa_00-01-17.243	55-ADP|för|54|SP	1
Eupa_00-01-17.243	49-ADP|om|47|OA 50-SCONJ|att|49|OO 53-AUX|kan|50|OO	3
Eupa_00-01-17.243	61-ADP|för|60|OA 62-PART|att|61|OO	2
Eupa_00-01-17.243	59-SCONJ|som|58|MD	1
Eupa_00-01-17.243	65-AUX|måste|47|conj 66-AUX|vara|65|IV	2
Eupa_00-01-17.243	2-AUX|har|0|--	1
Eupa_00-01-17.244	4-ADP|för|3|MD	1
Eupa_00-01-17.244	6-SCONJ|att|3|OO 12-AUX|har|6|OO 8-ADP|i|12|MD	3
Eupa_00-01-17.244	22-ADP|vid|20|MD	1
Eupa_00-01-17.244	19-SCONJ|som|18|MD	1
Eupa_00-01-17.244	15-ADP|av|14|MD	1
Eupa_00-01-17.244	2-AUX|har|0|--	1
Eupa_00-01-17.245	3-AUX|vill|0|--	1
Eupa_00-01-17.246	14-PART|att|13|OO	1
Eupa_00-01-17.246	12-SCONJ|som|11|MD	1
Eupa_00-01-17.246	5-AUX|kommer|0|-- 9-PART|att|5|IV	2
Eupa_00-01-17.247	3-ADP|under|2|MD	1
Eupa_00-01-17.247	1-SCONJ|Som|9|MD	1
Eupa_00-01-17.247	15-ADP|på|9|MD	1
Eupa_00-01-17.249	1-ADP|I|4|RA	1
Eupa_00-01-17.249	7-ADP|med|4|MD	1
Eupa_00-01-17.250	8-ADP|genom|7|RA	1
Eupa_00-01-17.250	6-SCONJ|som|5|MD	1
Eupa_00-01-17.250	16-ADP|för|15|MD	1
Eupa_00-01-17.251	2-SCONJ|som|1|MD 3-AUX|måste|2|OO	2
Eupa_00-01-17.251	7-AUX|måste|0|--	1
Eupa_00-01-17.252	3-ADP|för|2|MD	1
Eupa_00-01-17.252	7-ADP|i|6|MD	1
Eupa_00-01-17.252	5-SCONJ|som|2|MD	1
Eupa_00-01-17.252	24-ADP|på|28|MD	1
Eupa_00-01-17.252	33-ADP|av|32|MD	1
Eupa_00-01-17.252	36-AUX|skall|31|OO	1
Eupa_00-01-17.252	30-ADP|om|29|MD	1
Eupa_00-01-17.252	22-ADP|för|21|MD 23-SCONJ|att|22|OO	2
Eupa_00-01-17.252	19-AUX|vara|18|IV	1
Eupa_00-01-17.253	9-ADP|med|8|MD	1
Eupa_00-01-17.253	15-ADP|för|14|MD	1
Eupa_00-01-17.253	13-ADP|om|12|MD	1
Eupa_00-01-17.253	11-ADP|i|8|MD	1
Eupa_00-01-17.253	4-SCONJ|att|2|ES	1
Eupa_00-01-17.253	30-ADP|till|29|OA	1
Eupa_00-01-17.253	34-SCONJ|att|33|MD 36-AUX|är|34|OO	2
Eupa_00-01-17.253	25-SCONJ|att|24|OO	1
Eupa_00-01-17.253	20-SCONJ|om|2|MD 23-AUX|hade|20|OO	2
Eupa_00-01-17.254	10-PART|att|9|MD	1
Eupa_00-01-17.254	3-AUX|har|0|-- 6-SCONJ|att|3|ES	2
Eupa_00-01-17.255	4-SCONJ|som|3|MD	1
Eupa_00-01-17.255	10-SCONJ|än|9|JF	1
Eupa_00-01-17.255	7-AUX|är|0|--	1
Eupa_00-01-17.257	12-SCONJ|som|10|MD 14-AUX|är|12|OO	2
Eupa_00-01-17.257	8-ADP|till|4|MD	1
Eupa_00-01-17.257	2-AUX|vill|0|--	1
Eupa_00-01-17.258	2-AUX|vill|0|--	1
Eupa_00-01-17.259	31-ADP|på|30|OO	1
Eupa_00-01-17.259	21-PART|att|15|MD	1
Eupa_00-01-17.259	17-ADP|i|16|OA	1
Eupa_00-01-17.259	12-ADP|om|11|OA 13-SCONJ|att|12|OO	2
Eupa_00-01-17.259	10-AUX|är|2|conj	1
Eupa_00-01-17.260	9-ADP|till|8|MD	1
Eupa_00-01-17.260	4-SCONJ|att|3|OO	1
Eupa_00-01-17.260	33-SCONJ|att|31|OO 35-AUX|är|33|OO	2
Eupa_00-01-17.261	2-AUX|är|0|--	1
Eupa_00-01-17.263	7-SCONJ|att|6|MD 12-AUX|borde|7|OO 9-ADP|på|12|MD	3
Eupa_00-01-17.263	21-ADP|för|20|MD	1
Eupa_00-01-17.263	18-SCONJ|som|17|MD	1
Eupa_00-01-17.263	4-ADP|av|2|OA	1
Eupa_00-01-17.264	13-ADP|i|21|RA	1
Eupa_00-01-17.264	18-ADP|i|21|MD	1
Eupa_00-01-17.264	25-ADP|i|24|MD	1
Eupa_00-01-17.264	23-ADP|från|21|OA	1
Eupa_00-01-17.264	5-AUX|är|0|-- 11-SCONJ|eftersom|5|MD	2
Eupa_00-01-17.265	4-ADP|med|3|MD	1
Eupa_00-01-17.265	2-AUX|kan|0|--	1
Eupa_00-01-17.266	2-DET|den|4|DT	1
Eupa_00-01-17.266	5-ADP|av|4|MD	1
Eupa_00-01-17.266	17-AUX|bör|0|-- 1-SCONJ|Om|17|DF 10-AUX|skulle|1|OO 7-ADP|i|10|RA	4
Eupa_00-01-17.266	12-ADP|till|11|OA	1
Eupa_00-01-17.267	4-AUX|har|0|--	1
Eupa_00-01-17.268	6-SCONJ|som|2|MD	1
Eupa_00-01-17.268	15-SCONJ|där|13|MD	1
Eupa_00-01-17.268	11-ADP|från|2|RA	1
Eupa_00-01-17.269	7-ADP|för|4|MD	1
Eupa_00-01-17.269	15-SCONJ|som|14|JF	1
Eupa_00-01-17.269	13-ADP|för|11|MD	1
Eupa_00-01-17.269	2-AUX|skall|0|--	1
Eupa_00-01-17.270	13-ADP|av|12|MD	1
Eupa_00-01-17.270	20-SCONJ|som|18|JF	1
Eupa_00-01-17.270	16-ADP|på|11|OA	1
Eupa_00-01-17.270	9-ADP|för|7|MD 10-PART|att|9|OO	2
Eupa_00-01-17.270	4-SCONJ|att|3|OO 6-AUX|bör|4|OO	2
Eupa_00-01-17.272	17-ADP|med|16|MD	1
Eupa_00-01-17.272	22-PART|att|21|OO	1
Eupa_00-01-17.272	9-ADP|till|6|MD	1
Eupa_00-01-17.272	4-ADP|med|3|OA 5-PART|att|4|OO	2
Eupa_00-01-17.272	2-AUX|vill|0|--	1
Eupa_00-01-17.273	6-ADP|av|5|OA	1
Eupa_00-01-17.273	3-SCONJ|att|2|OO	1
Eupa_00-01-17.273	13-ADP|från|12|MD	1
Eupa_00-01-17.273	26-ADP|för|25|MD	1
Eupa_00-01-17.273	24-ADP|med|23|MD 33-ADP|med|24|AN	2
Eupa_00-01-17.274	12-ADP|av|11|AG	1
Eupa_00-01-17.274	9-SCONJ|som|8|MD 10-AUX|har|9|OO	2
Eupa_00-01-17.274	16-ADP|för|15|MD	1
Eupa_00-01-17.274	18-AUX|har|4|conj	1
Eupa_00-01-17.274	26-AUX|kan|4|conj 22-ADP|i|26|MD	2
Eupa_00-01-17.274	43-ADP|i|42|MD	1
Eupa_00-01-17.274	40-SCONJ|som|39|MD	1
Eupa_00-01-17.274	37-SCONJ|än|35|JF	1
Eupa_00-01-17.274	33-SCONJ|som|32|MD 34-AUX|är|33|OO	2
Eupa_00-01-17.274	30-ADP|med|28|MD	1
Eupa_00-01-17.274	54-DET|den|56|DT	1
Eupa_00-01-17.274	57-ADP|i|53|MD	1
Eupa_00-01-17.274	46-ADP|med|28|MD 49-SCONJ|att|46|OO 52-AUX|har|49|OO	3
Eupa_00-01-17.275	9-ADP|för|5|OA	1
Eupa_00-01-17.275	2-AUX|vill|0|--	1
Eupa_00-01-17.276	17-SCONJ|som|15|OP	1
Eupa_00-01-17.276	11-SCONJ|att|7|MD 14-AUX|får|11|OO	2
Eupa_00-01-17.276	6-ADP|i|5|OA	1
Eupa_00-01-17.277	10-ADP|vid|9|MD	1
Eupa_00-01-17.277	5-ADP|av|4|MD 8-ADP|av|5|AN	2
Eupa_00-01-17.277	2-ADP|med|1|MD	1
Eupa_00-01-17.277	15-SCONJ|som|14|MD 16-AUX|måste|15|OO	2
Eupa_00-01-17.277	12-AUX|är|0|--	1
Eupa_00-01-17.278	4-AUX|vill|0|-- 1-ADP|I|4|MD	2
Eupa_00-01-17.278	11-ADP|med|10|MD	1
Eupa_00-01-17.278	14-SCONJ|som|10|MD	1
Eupa_00-01-17.278	40-ADP|om|38|OA 41-PART|att|40|OO	2
Eupa_00-01-17.278	4-AUX|vill|0|-- 1-ADP|I|4|MD 36-AUX|måste|4|parataxis	3
Eupa_00-01-17.279	9-ADP|på|8|MD	1
Eupa_00-01-17.279	7-SCONJ|som|6|MD	1
Eupa_00-01-17.279	3-ADP|av|2|MD	1
Eupa_00-01-17.279	13-AUX|var|0|-- 1-ADP|Vid|13|MD	2
Eupa_00-01-17.279	19-ADP|i|18|MD	1
Eupa_00-01-17.280	8-ADP|i|11|MD	1
Eupa_00-01-17.280	7-SCONJ|som|4|MD	1
Eupa_00-01-17.280	15-AUX|kom|0|-- 16-PART|att|15|IV	2
Eupa_00-01-17.281	13-SCONJ|som|12|MD	1
Eupa_00-01-17.281	9-AUX|kan|6|OO	1
Eupa_00-01-17.281	5-ADP|över|4|OA	1
Eupa_00-01-17.281	2-AUX|måste|0|--	1
Eupa_00-01-17.282	12-ADP|av|11|MD	1
Eupa_00-01-17.282	9-ADP|vid|8|MD	1
Eupa_00-01-17.282	5-SCONJ|att|4|OO 7-AUX|måste|5|OO	2
Eupa_00-01-17.282	2-AUX|vill|0|--	1
Eupa_00-01-17.283	1-DET|Den|3|DT	1
Eupa_00-01-17.283	14-ADP|vid|13|MD	1
Eupa_00-01-17.283	12-ADP|om|11|OA	1
Eupa_00-01-17.283	9-SCONJ|där|6|MD	1
Eupa_00-01-17.283	21-ADP|med|20|MD	1
Eupa_00-01-17.283	17-ADP|till|6|MD	1
Eupa_00-01-17.283	4-AUX|skall|0|--	1
Eupa_00-01-17.284	16-ADP|av|15|AG	1
Eupa_00-01-17.284	14-SCONJ|som|13|MD	1
Eupa_00-01-17.284	9-SCONJ|att|8|OO 11-AUX|är|9|OO	2
Eupa_00-01-17.284	7-AUX|vill|0|--	1
Eupa_00-01-17.285	7-ADP|i|6|MD	1
Eupa_00-01-17.285	12-AUX|får|0|-- 2-SCONJ|som|12|MD 4-AUX|kommer|2|OO 5-PART|att|4|IV	4
Eupa_00-01-17.285	16-SCONJ|tills|15|MD	1
Eupa_00-01-17.285	25-ADP|med|23|OA	1
Eupa_00-01-17.285	21-SCONJ|innan|15|MD	1
Eupa_00-01-17.286	31-ADP|av|30|MD	1
Eupa_00-01-17.286	28-ADP|på|27|MD	1
Eupa_00-01-17.286	24-ADP|med|21|OA	1
Eupa_00-01-17.286	19-ADP|på|18|MD 23-AUX|är|19|OO	2
Eupa_00-01-17.286	16-SCONJ|än|15|JF	1
Eupa_00-01-17.286	12-SCONJ|som|11|MD	1
Eupa_00-01-17.286	9-ADP|utanför|5|MD	1
Eupa_00-01-17.287	11-SCONJ|som|10|MD 12-AUX|har|11|OO	2
Eupa_00-01-17.287	9-ADP|till|6|OA	1
Eupa_00-01-17.287	2-AUX|vill|0|--	1
Eupa_00-01-17.289	6-ADP|i|4|MD	1
Eupa_00-01-17.289	2-AUX|kommer|0|-- 3-PART|att|2|IV	2
Eupa_00-01-17.291	2-ADP|av|1|MD	1
Eupa_00-01-17.291	5-ADP|på|1|MD	1
Eupa_00-01-17.292	3-ADP|på|2|MD	1
Eupa_00-01-17.292	12-ADP|av|6|MD	1
Eupa_00-01-17.292	16-ADP|för|15|MD	1
Eupa_00-01-17.292	14-ADP|för|6|MD	1
Eupa_00-01-17.292	46-ADP|på|45|MD	1
Eupa_00-01-17.292	43-ADP|av|42|MD	1
Eupa_00-01-17.292	41-ADP|om|40|MD	1
Eupa_00-01-17.292	38-ADP|av|37|MD	1
Eupa_00-01-17.292	36-ADP|om|30|MD	1
Eupa_00-01-17.292	29-ADP|av|28|MD	1
Eupa_00-01-17.292	27-ADP|om|26|MD	1
Eupa_00-01-17.292	22-ADP|om|6|MD	1
Eupa_00-01-17.292	5-AUX|är|0|--	1
Eupa_00-01-17.294	3-SCONJ|som|2|MD	1
Eupa_00-01-17.294	21-ADP|på|20|MD	1
Eupa_00-01-17.294	18-ADP|av|17|MD	1
Eupa_00-01-17.294	16-ADP|om|15|MD	1
Eupa_00-01-17.294	13-ADP|av|12|MD	1
Eupa_00-01-17.294	11-ADP|om|2|MD	1
Eupa_00-01-17.294	34-ADP|till|33|MD 35-SCONJ|att|34|OO	2
Eupa_00-01-17.294	30-AUX|är|25|MD	1
Eupa_00-01-17.295	6-ADP|i|5|MD	1
Eupa_00-01-17.295	3-SCONJ|som|2|MD 4-AUX|har|3|OO	2
Eupa_00-01-17.295	15-ADP|av|14|MD	1
Eupa_00-01-17.295	13-ADP|med|12|MD	1
Eupa_00-01-17.295	11-ADP|till|9|OA	1
Eupa_00-01-17.296	3-AUX|kan|0|-- 1-ADP|Framför|3|MD	2
Eupa_00-01-17.296	7-ADP|i|6|MD	1
Eupa_00-01-17.297	14-AUX|har|11|MD	1
Eupa_00-01-17.297	7-AUX|måste|2|conj	1
Eupa_00-01-17.298	1-ADP|I|4|MD	1
Eupa_00-01-17.298	10-ADP|av|9|MD	1
Eupa_00-01-17.298	19-AUX|skall|18|OO	1
Eupa_00-01-17.298	8-ADP|om|7|MD	1
Eupa_00-01-17.299	5-ADP|från|4|OA 6-PART|att|5|OO	2
Eupa_00-01-17.299	9-AUX|skulle|0|-- 1-SCONJ|Om|9|MD	2
Eupa_00-01-17.299	13-PART|att|11|OO	1
Eupa_00-01-17.299	25-SCONJ|tills|22|MD 28-AUX|har|25|OO	2
Eupa_00-01-17.299	9-AUX|skulle|0|-- 1-SCONJ|Om|9|MD 19-ADP|för|9|MD	3
Eupa_00-01-17.300	8-ADP|på|7|MD	1
Eupa_00-01-17.300	5-SCONJ|som|4|MD	1
Eupa_00-01-17.300	3-ADP|av|2|MD	1
Eupa_00-01-17.300	19-ADP|av|18|MD	1
Eupa_00-01-17.300	17-ADP|av|16|MD	1
Eupa_00-01-17.300	22-SCONJ|som|16|MD	1
Eupa_00-01-17.300	14-ADP|i|13|MD	1
Eupa_00-01-17.301	1-ADP|Genom|3|MD	1
Eupa_00-01-17.301	15-SCONJ|som|14|MD 18-AUX|är|15|OO	2
Eupa_00-01-17.301	31-ADP|av|30|MD	1
Eupa_00-01-17.301	48-ADP|av|47|MD	1
Eupa_00-01-17.301	54-ADP|på|47|MD	1
Eupa_00-01-17.301	38-ADP|av|37|MD	1
Eupa_00-01-17.301	27-ADP|vid|26|MD	1
Eupa_00-01-17.301	24-SCONJ|att|23|OO	1
Eupa_00-01-17.301	6-ADP|genom|3|MD 7-SCONJ|att|6|OO	2
Eupa_00-01-17.302	4-ADP|av|3|MD	1
Eupa_00-01-17.302	7-ADP|i|2|OA	1
Eupa_00-01-17.303	3-SCONJ|huruvida|2|OO 5-AUX|kan|3|OO	2
Eupa_00-01-17.304	3-ADP|efter|2|MD	1
Eupa_00-01-17.304	10-ADP|av|9|MD	1
Eupa_00-01-17.304	8-ADP|för|7|MD	1
Eupa_00-01-17.304	5-ADP|av|2|AG	1
Eupa_00-01-17.305	6-SCONJ|som|5|MD	1
Eupa_00-01-17.305	2-ADP|för|1|MD 9-AUX|skall|2|OO	2
Eupa_00-01-17.305	16-ADP|från|15|MD	1
Eupa_00-01-17.305	13-ADP|i|12|MD	1
Eupa_00-01-17.305	11-AUX|har|0|--	1
Eupa_00-01-17.306	12-ADP|på|11|MD	1
Eupa_00-01-17.306	9-ADP|av|8|MD	1
Eupa_00-01-17.306	5-ADP|av|4|MD	1
Eupa_00-01-17.306	3-ADP|till|2|MD	1
Eupa_00-01-17.306	15-SCONJ|som|2|MD 16-AUX|skall|15|OO	2
Eupa_00-01-17.306	20-AUX|är|0|-- 22-ADP|från|20|SP	2
Eupa_00-01-17.307	4-ADP|av|7|AG	1
Eupa_00-01-17.307	10-ADP|i|9|MD	1
Eupa_00-01-17.307	14-DET|detta|16|DT	1
Eupa_00-01-17.308	8-ADP|i|10|MD	1
Eupa_00-01-17.308	11-ADP|till|10|MD	1
Eupa_00-01-17.308	5-SCONJ|att|4|OO	1
Eupa_00-01-17.308	2-AUX|skulle|0|-- 3-AUX|vilja|2|IV	2
Eupa_00-01-17.309	6-ADP|av|5|MD	1
Eupa_00-01-17.309	4-ADP|till|2|MD	1
Eupa_00-01-17.310	13-ADP|för|9|MD	1
Eupa_00-01-17.310	6-PART|att|4|OO	1
Eupa_00-01-17.310b	5-ADP|för|4|OA	1
Eupa_00-01-17.310b	2-AUX|är|0|--	1
Eupa_00-01-17.311	17-ADP|i|16|OO	1
Eupa_00-01-17.311	15-SCONJ|som|14|MD	1
Eupa_00-01-17.311	26-ADP|av|25|MD	1
Eupa_00-01-17.311	19-ADP|mellan|10|MD	1
Eupa_00-01-17.311	37-ADP|på|36|MD	1
Eupa_00-01-17.311	32-SCONJ|att|10|MD	1
Eupa_00-01-17.311	8-PART|att|5|EO	1
Eupa_00-01-17.311	4-AUX|skall|0|--	1
Eupa_00-01-17.312	14-ADP|mot|13|MD	1
Eupa_00-01-17.312	6-ADP|om|5|OA 7-SCONJ|att|6|OO 10-AUX|är|7|OO	3
Eupa_00-01-17.312	2-SCONJ|om|17|MD 4-AUX|är|2|OO	2
Eupa_00-01-17.315	7-ADP|vid|6|MD	1
Eupa_00-01-17.315	2-AUX|är|0|--	1
Eupa_00-01-17.316	17-ADP|på|16|MD	1
Eupa_00-01-17.316	14-ADP|av|13|MD	1
Eupa_00-01-17.316	12-ADP|om|11|MD	1
Eupa_00-01-17.316	10-ADP|av|9|MD	1
Eupa_00-01-17.316	8-ADP|till|7|MD	1
Eupa_00-01-17.316	2-AUX|skulle|0|-- 4-AUX|vilja|2|IV	2
Eupa_00-01-17.317	2-AUX|är|0|-- 4-SCONJ|att|2|ES	2
Eupa_00-01-17.317	21-ADP|för|17|MD	1
Eupa_00-01-17.317	16-PART|att|15|OO	1
Eupa_00-01-17.317	2-AUX|är|0|-- 4-SCONJ|att|2|ES 9-SCONJ|eftersom|2|MD 14-AUX|skulle|9|OO 35-AUX|skulle|14|DF 31-ADP|i|35|MD	6
Eupa_00-01-17.317	46-ADP|över|45|MD	1
Eupa_00-01-17.318	4-AUX|har|0|-- 1-ADP|I|4|MD	2
Eupa_00-01-17.318	15-ADP|till|21|MD	1
Eupa_00-01-17.318	14-SCONJ|som|12|MD	1
Eupa_00-01-17.318	10-ADP|till|8|OA	1
Eupa_00-01-17.319	10-ADP|i|9|MD	1
Eupa_00-01-17.319	8-SCONJ|som|6|MD	1
Eupa_00-01-17.319	14-ADP|till|4|MD	1
Eupa_00-01-17.319	2-AUX|har|0|--	1
Eupa_00-01-17.320	12-ADP|av|11|MD	1
Eupa_00-01-17.320	10-ADP|för|9|MD	1
Eupa_00-01-17.320	8-SCONJ|som|7|MD	1
Eupa_00-01-17.320	5-ADP|hos|4|MD	1
Eupa_00-01-17.321	4-AUX|skulle|0|-- 1-ADP|Enligt|4|MD	2
Eupa_00-01-17.321	7-ADP|med|6|OA	1
Eupa_00-01-17.321	12-ADP|vid|14|MD	1
Eupa_00-01-17.321	22-ADP|i|21|MD	1
Eupa_00-01-17.321	20-SCONJ|att|18|OO 24-AUX|skulle|20|OO 25-AUX|kunna|24|IV	3
Eupa_00-01-17.321	17-PART|att|16|OA	1
Eupa_00-01-17.322	2-ADP|i|4|MD	1
Eupa_00-01-17.322	15-SCONJ|som|14|MD	1
Eupa_00-01-17.323	8-ADP|till|7|MD	1
Eupa_00-01-17.323	4-SCONJ|att|2|OO 6-AUX|skall|4|OO	2
Eupa_00-01-17.324	10-ADP|i|9|MD	1
Eupa_00-01-17.324	5-ADP|för|4|OA 6-PART|att|5|OO	2
Eupa_00-01-17.324	2-AUX|är|0|--	1
Eupa_00-01-17.325	9-ADP|i|8|MD	1
Eupa_00-01-17.325	7-ADP|vid|6|MD	1
Eupa_00-01-17.325	3-SCONJ|att|2|OO	1
Eupa_00-01-17.327	6-ADP|av|5|MD	1
Eupa_00-01-17.327	19-ADP|på|15|MD	1
Eupa_00-01-17.327	23-ADP|för|22|MD	1
Eupa_00-01-17.327	21-ADP|under|15|MD	1
Eupa_00-01-17.327	14-PART|att|13|MD	1
Eupa_00-01-17.327	11-ADP|för|10|MD	1
Eupa_00-01-17.327	3-SCONJ|att|1|OO	1
Eupa_00-01-17.328	2-AUX|var|0|--	1
Eupa_00-01-17.329	1-ADP|Till|5|DF	1
Eupa_00-01-17.329	17-ADP|på|16|OO	1
Eupa_00-01-17.329	15-SCONJ|som|14|MD	1
Eupa_00-01-17.329	27-AUX|är|31|MD 25-SCONJ|om|27|MD	2
Eupa_00-01-17.329	34-SCONJ|som|32|JF	1
Eupa_00-01-17.329	12-ADP|på|11|OA 13-SCONJ|att|12|OO	2
Eupa_00-01-17.329	6-SCONJ|att|5|OO 9-AUX|måste|6|OO 10-AUX|kunna|9|IV	3
Eupa_00-01-17.330	5-ADP|till|4|MD	1
Eupa_00-01-17.330	2-AUX|är|0|--	1
Eupa_00-01-17.331	6-AUX|är|0|--	1
Eupa_00-01-17.332	11-AUX|har|9|MD	1
Eupa_00-01-17.332	7-ADP|för|6|OA	1
Eupa_00-01-17.332	4-SCONJ|som|1|MD	1
Eupa_00-01-17.332	17-ADP|i|19|MD	1
Eupa_00-01-17.332	39-ADP|med|38|OA 40-PART|att|39|OO	2
Eupa_00-01-17.332	35-SCONJ|som|33|MD 36-AUX|är|35|OO	2
Eupa_00-01-17.332	32-ADP|från|31|MD	1
Eupa_00-01-17.332	30-ADP|för|29|OA	1
Eupa_00-01-17.332	25-SCONJ|om|23|MD 28-AUX|hade|25|OO	2
Eupa_00-01-17.332	16-SCONJ|att|15|OO 21-AUX|hade|16|OO 22-AUX|kunnat|21|IV	3
Eupa_00-01-17.332	14-AUX|har|0|--	1
Eupa_00-01-17.333	28-ADP|på|27|MD	1
Eupa_00-01-17.333	25-ADP|av|24|MD	1
Eupa_00-01-17.333	23-ADP|av|22|MD	1
Eupa_00-01-17.333	12-ADP|om|11|OA 14-SCONJ|att|12|OO	2
Eupa_00-01-17.333	47-ADP|på|46|MD	1
Eupa_00-01-17.333	32-SCONJ|att|11|MD	1
Eupa_00-01-17.333	2-AUX|kan|0|--	1
Eupa_00-01-17.335	13-SCONJ|som|11|MD 14-AUX|är|13|OO	2
Eupa_00-01-17.335	9-ADP|för|6|MD	1
Eupa_00-01-17.335	4-ADP|med|3|OA 5-PART|att|4|OO	2
Eupa_00-01-17.335	21-PART|inte|19|MD	1
Eupa_00-01-17.335	24-PART|att|23|MD	1
Eupa_00-01-17.336	6-ADP|i|5|MD	1
Eupa_00-01-17.336	18-SCONJ|som|16|MD	1
Eupa_00-01-17.336	10-SCONJ|att|9|OO 14-AUX|är|10|OO 15-ADP|i|14|RA	3
Eupa_00-01-17.336	10-SCONJ|att|9|OO 14-AUX|är|10|OO 15-ADP|i|14|RA 28-SCONJ|som|14|SP	4
Eupa_00-01-17.336	2-AUX|vill|0|--	1
Eupa_00-01-17.337	9-ADP|i|8|MD	1
Eupa_00-01-17.337	11-ADP|för|8|MD	1
Eupa_00-01-17.337	5-ADP|på|4|OA	1
Eupa_00-01-17.338	3-SCONJ|att|2|OO 6-AUX|är|3|OO 7-ADP|i|6|RA	3
Eupa_00-01-17.338	3-SCONJ|att|2|OO 6-AUX|är|3|OO 7-ADP|i|6|RA 30-SCONJ|som|6|SP 35-AUX|kan|30|OO 32-ADP|i|35|MD	6
Eupa_00-01-17.339	4-ADP|för|2|OA 5-SCONJ|att|4|OO 11-AUX|skall|5|OO 8-ADP|i|11|MD	4
Eupa_00-01-17.339	14-ADP|till|12|RA	1
Eupa_00-01-17.340	4-AUX|måste|0|-- 1-ADP|I|4|MD	2
Eupa_00-01-17.340	7-ADP|för|6|MD	1
Eupa_00-01-17.340	14-ADP|av|13|MD	1
Eupa_00-01-17.340	12-ADP|i|9|MD	1
Eupa_00-01-17.341	10-ADP|på|9|MD	1
Eupa_00-01-17.341	5-SCONJ|som|4|MD 8-AUX|har|5|OO	2
Eupa_00-01-17.341	3-ADP|på|1|OA	1
Eupa_00-01-17.342	11-ADP|inom|10|MD	1
Eupa_00-01-17.342	9-ADP|av|8|MD	1
Eupa_00-01-17.342	5-SCONJ|att|4|OO 7-AUX|är|5|OO	2
Eupa_00-01-17.342	2-AUX|vill|0|--	1
Eupa_00-01-17.343	5-AUX|måste|0|-- 1-ADP|För|5|MD 2-PART|att|1|OO	3
Eupa_00-01-17.343	17-AUX|kan|15|OO	1
Eupa_00-01-17.343	14-ADP|om|13|MD	1
Eupa_00-01-17.344	12-DET|några|13|DT	1
Eupa_00-01-17.344	14-ADP|med|10|OA	1
Eupa_00-01-17.344	4-ADP|på|3|OA 5-SCONJ|att|4|OO 8-AUX|kommer|5|OO 9-PART|att|8|IV	4
Eupa_00-01-17.344	20-SCONJ|att|17|OO 26-AUX|kommer|20|OO 23-ADP|i|26|MD	3
Eupa_00-01-17.344	29-ADP|på|28|OA	1
Eupa_00-01-17.344	20-SCONJ|att|17|OO 26-AUX|kommer|20|OO 23-ADP|i|26|MD 27-PART|att|26|IV	4
Eupa_00-01-17.346	3-SCONJ|som|2|MD	1
Eupa_00-01-17.346	8-ADP|i|7|MD	1
Eupa_00-01-17.347	3-ADP|av|2|MD	1
Eupa_00-01-17.347	6-ADP|av|5|OA	1
Eupa_00-01-17.348	5-PART|att|4|OA	1
Eupa_00-01-17.348	15-ADP|av|14|MD	1
Eupa_00-01-17.348	10-SCONJ|som|9|MD	1
Eupa_00-01-17.348	20-ADP|ur|19|OA	1
Eupa_00-01-17.348	2-AUX|är|0|-- 7-SCONJ|att|2|ES 17-AUX|är|7|OO	3
Eupa_00-01-17.349	4-ADP|i|2|RA	1
Eupa_00-01-17.349	12-ADP|på|2|RA	1
Eupa_00-01-17.350	13-AUX|skall|11|OO	1
Eupa_00-01-17.350	10-ADP|för|9|MD	1
Eupa_00-01-17.350	7-ADP|med|6|OA	1
Eupa_00-01-17.350	3-SCONJ|att|2|OO 5-AUX|är|3|OO	2
Eupa_00-01-17.351	1-ADP|På|5|RA	1
Eupa_00-01-17.351	10-ADP|för|9|MD	1
Eupa_00-01-17.352	2-AUX|är|0|--	1
Eupa_00-01-17.353	9-ADP|för|8|MD	1
Eupa_00-01-17.353	2-AUX|är|0|--	1
Eupa_00-01-17.354	12-AUX|är|0|-- 1-SCONJ|Om|12|MD 3-AUX|skall|1|OO 4-AUX|få|3|IV 8-SCONJ|att|4|IV	5
Eupa_00-01-17.354	12-AUX|är|0|-- 1-SCONJ|Om|12|MD 3-AUX|skall|1|OO 4-AUX|få|3|IV 8-SCONJ|att|4|IV 18-SCONJ|att|12|ES	6
Eupa_00-01-17.355	9-SCONJ|som|8|MD 11-AUX|är|9|OO	2
Eupa_00-01-17.355	18-ADP|av|17|AG	1
Eupa_00-01-17.355	2-AUX|vill|0|--	1
Eupa_00-01-17.356	1-ADP|På|4|MD	1
Eupa_00-01-17.356	7-ADP|från|4|MD	1
Eupa_00-01-17.356	10-ADP|till|4|MD	1
Eupa_00-01-17.357	1-ADP|Genom|7|MD 2-PART|att|1|OO	2
Eupa_00-01-17.357	17-ADP|av|16|MD	1
Eupa_00-01-17.357	10-ADP|till|9|MD 11-SCONJ|att|10|OO 19-AUX|kan|11|OO 13-ADP|i|19|RA	4
Eupa_00-01-17.357	10-ADP|till|9|MD 11-SCONJ|att|10|OO 19-AUX|kan|11|OO 13-ADP|i|19|RA 20-AUX|vara|19|IV	5
Eupa_00-01-17.358	17-ADP|av|16|AG	1
Eupa_00-01-17.358	11-ADP|till|10|MD	1
Eupa_00-01-17.358	3-SCONJ|att|2|OO 5-AUX|är|3|OO 7-SCONJ|att|5|ES	3
Eupa_00-01-17.359	5-AUX|är|0|-- 7-SCONJ|att|5|ES 13-AUX|kan|7|OO 9-ADP|i|13|MD	4
Eupa_00-01-17.359	5-AUX|är|0|-- 7-SCONJ|att|5|ES 13-AUX|kan|7|OO 9-ADP|i|13|MD 14-AUX|vara|13|IV	5
Eupa_00-01-17.360	2-AUX|är|0|-- 5-SCONJ|att|2|ES 7-AUX|kan|5|OO	3
Eupa_00-01-17.362	2-AUX|vill|0|--	1
Eupa_00-01-17.363	15-ADP|av|14|MD 17-ADP|på|15|MD	2
Eupa_00-01-17.363	2-AUX|har|0|-- 8-SCONJ|emedan|2|MD 11-AUX|har|8|OO	3
Eupa_00-01-17.364	19-ADP|i|18|MD	1
Eupa_00-01-17.364	6-SCONJ|om|3|OO 9-AUX|kan|6|OO	2
Eupa_00-01-17.364	2-AUX|vill|0|--	1
Eupa_00-01-17.365	13-ADP|inom|12|MD	1
Eupa_00-01-17.365	7-SCONJ|om|17|MD	1
Eupa_00-01-17.365	21-ADP|vid|17|RA	1
Eupa_00-01-17.365	5-SCONJ|att|3|ES	1
Eupa_00-01-17.366	6-ADP|med|5|OA	1
Eupa_00-01-17.366	2-AUX|är|0|--	1
Eupa_00-01-17.367	8-ADP|på|7|MD	1
Eupa_00-01-17.367	12-AUX|vore|0|-- 1-SCONJ|Om|12|MD 4-AUX|är|1|OO 6-PART|att|4|ES	4
Eupa_00-01-17.367	40-ADP|för|39|MD	1
Eupa_00-01-17.367	34-ADP|mellan|33|MD	1
Eupa_00-01-17.367	32-ADP|med|30|MD	1
Eupa_00-01-17.367	22-ADP|om|21|MD	1
Eupa_00-01-17.367	12-AUX|vore|0|-- 1-SCONJ|Om|12|MD 4-AUX|är|1|OO 6-PART|att|4|ES 16-SCONJ|att|12|ES	5
Eupa_00-01-17.369	5-ADP|till|4|MD	1
Eupa_00-01-17.369	12-DET|det|14|DT	1
Eupa_00-01-17.369	11-ADP|med|10|MD	1
Eupa_00-01-17.369	30-ADP|i|29|MD	1
Eupa_00-01-17.369	35-ADP|per|34|MD	1
Eupa_00-01-17.369	33-ADP|om|27|MD	1
Eupa_00-01-17.369	25-ADP|till|24|MD	1
Eupa_00-01-17.369	16-SCONJ|som|10|MD 21-AUX|har|16|OO	2
Eupa_00-01-17.369	8-ADP|för|4|MD	1
Eupa_00-01-17.370	15-ADP|inom|19|MD	1
Eupa_00-01-17.370	31-ADP|inom|30|MD	1
Eupa_00-01-17.370	27-ADP|för|26|MD	1
Eupa_00-01-17.370	25-SCONJ|som|24|MD	1
Eupa_00-01-17.370	22-ADP|av|21|MD	1
Eupa_00-01-17.370	14-SCONJ|att|13|MD	1
Eupa_00-01-17.370	4-SCONJ|att|2|OO 11-AUX|har|4|OO	2
Eupa_00-01-17.371	1-DET|Den|3|DT	1
Eupa_00-01-17.371	6-ADP|av|5|MD	1
Eupa_00-01-17.371	23-ADP|i|22|MD	1
Eupa_00-01-17.371	21-ADP|på|20|OA	1
Eupa_00-01-17.371	19-SCONJ|som|18|MD	1
Eupa_00-01-17.371	12-SCONJ|att|11|OO 14-AUX|kan|12|OO	2
Eupa_00-01-17.372	4-ADP|sedan|5|MD	1
Eupa_00-01-17.372	7-ADP|om|5|MD 13-ADP|om|7|AN	2
Eupa_00-01-17.373	28-ADP|i|27|MD	1
Eupa_00-01-17.373	33-ADP|i|36|MD	1
Eupa_00-01-17.373	37-ADP|till|36|MD	1
Eupa_00-01-17.373	49-ADP|av|48|MD	1
Eupa_00-01-17.373	45-ADP|på|44|MD	1
Eupa_00-01-17.373	32-SCONJ|som|27|MD	1
Eupa_00-01-17.373	24-ADP|på|23|OA	1
Eupa_00-01-17.373	22-SCONJ|som|21|MD	1
Eupa_00-01-17.373	15-SCONJ|att|14|OO 17-AUX|bör|15|OO	2
Eupa_00-01-17.374	5-ADP|om|4|MD	1
Eupa_00-01-17.374	23-SCONJ|som|21|JF	1
Eupa_00-01-17.374	18-PART|att|16|IV	1
Eupa_00-01-17.374	13-SCONJ|att|11|OO 15-AUX|har|13|OO	2
Eupa_00-01-17.374	9-AUX|kan|0|--	1
Eupa_00-01-17.375	20-ADP|av|19|MD	1
Eupa_00-01-17.375	16-SCONJ|som|15|MD	1
Eupa_00-01-17.375	6-AUX|kan|0|-- 8-SCONJ|att|6|SB 10-AUX|har|8|OO	3
Eupa_00-01-17.375	28-ADP|från|27|MD	1
Eupa_00-01-17.375	26-ADP|om|25|MD	1
Eupa_00-01-17.375	6-AUX|kan|0|-- 8-SCONJ|att|6|SB 10-AUX|har|8|OO 24-AUX|har|6|parataxis	4
Eupa_00-01-17.376	3-ADP|från|2|MD	1
Eupa_00-01-17.376	13-ADP|till|12|MD	1
Eupa_00-01-17.376	10-SCONJ|som|2|MD 11-AUX|har|10|OO	2
Eupa_00-01-17.376	19-ADP|i|2|AN	1
Eupa_00-01-17.376	24-ADP|av|23|AG	1
Eupa_00-01-17.376	22-AUX|har|0|--	1
Eupa_00-01-17.377	11-ADP|för|9|MD	1
Eupa_00-01-17.377	7-SCONJ|som|6|MD 8-AUX|har|7|OO	2
Eupa_00-01-17.379	6-ADP|i|4|OA	1
Eupa_00-01-17.379	2-AUX|kommer|0|-- 3-PART|att|2|IV	2
Eupa_00-01-17.382	3-ADP|på|2|MD	1
Eupa_00-01-17.382	12-ADP|av|6|MD	1
Eupa_00-01-17.382	16-ADP|för|15|MD	1
Eupa_00-01-17.382	14-ADP|för|6|MD	1
Eupa_00-01-17.382	24-ADP|från|23|MD	1
Eupa_00-01-17.382	28-ADP|av|27|MD	1
Eupa_00-01-17.382	26-ADP|om|23|MD	1
Eupa_00-01-17.382	22-ADP|om|6|MD	1
Eupa_00-01-17.382	36-ADP|för|35|MD	1
Eupa_00-01-17.382	34-ADP|för|33|MD	1
Eupa_00-01-17.382	5-AUX|är|0|--	1
Eupa_00-01-17.385	12-SCONJ|att|11|OO 15-AUX|skulle|12|OO	2
Eupa_00-01-17.385	10-SCONJ|som|9|MD	1
Eupa_00-01-17.386	2-ADP|till|1|MD	1
Eupa_00-01-17.388	8-ADP|på|7|MD	1
Eupa_00-01-17.388	14-ADP|till|13|OA	1
Eupa_00-01-17.388	5-ADP|för|4|OA 6-SCONJ|att|5|OO 12-AUX|är|6|OO	3
Eupa_00-01-17.388	2-AUX|kan|0|--	1
Eupa_00-01-17.389	14-ADP|mellan|13|MD	1
Eupa_00-01-17.389	11-ADP|i|10|OA	1
Eupa_00-01-17.389	9-SCONJ|som|8|MD	1
Eupa_00-01-17.389	3-AUX|skall|0|--	1
Eupa_00-01-17.390	9-ADP|i|8|MD	1
Eupa_00-01-17.390	7-ADP|om|6|MD	1
Eupa_00-01-17.390	3-ADP|i|11|MD	1
Eupa_00-01-17.390	14-ADP|i|13|MD	1
Eupa_00-01-17.390	23-SCONJ|som|21|JF 24-ADP|i|23|OO	2
Eupa_00-01-17.390	12-SCONJ|att|11|ES 18-AUX|var|12|OO	2
Eupa_00-01-17.390	1-SCONJ|Medan|29|MD	1
Eupa_00-01-17.390	31-ADP|i|29|MD	1
Eupa_00-01-17.390	35-ADP|om|29|OA	1
Eupa_00-01-17.390	46-ADP|från|45|MD	1
Eupa_00-01-17.390	52-ADP|i|50|MD	1
Eupa_00-01-17.390	43-ADP|trots|29|MD 44-SCONJ|att|43|OO	2
Eupa_00-01-17.391	12-ADP|av|11|MD	1
Eupa_00-01-17.391	10-ADP|i|16|MD	1
Eupa_00-01-17.391	23-ADP|på|22|MD	1
Eupa_00-01-17.391	34-PART|att|33|MD	1
Eupa_00-01-17.391	30-ADP|i|22|MD	1
Eupa_00-01-17.391	18-ADP|på|17|MD 19-SCONJ|att|18|OO 21-AUX|skall|19|OO	3
Eupa_00-01-17.391	42-ADP|för|16|DF 43-SCONJ|att|42|OO	2
Eupa_00-01-17.391	6-ADP|över|5|OA 7-SCONJ|att|6|OO	2
Eupa_00-01-17.391	2-AUX|blir|0|--	1
Eupa_00-01-17.392	4-ADP|framför|6|MD	1
Eupa_00-01-17.392	10-ADP|på|9|MD	1
Eupa_00-01-17.393	6-ADP|i|2|OA	1
Eupa_00-01-17.394	7-AUX|ville|2|conj	1
Eupa_00-01-17.395	3-ADP|i|2|MD	1
Eupa_00-01-17.395	1-ADP|Av|6|MD	1
Eupa_00-01-17.396	12-ADP|till|11|OA 13-SCONJ|att|12|OO 18-AUX|kan|13|OO	3
Eupa_00-01-17.396	10-SCONJ|som|9|MD	1
Eupa_00-01-17.396	6-SCONJ|att|3|IV	1
Eupa_00-01-17.397	13-ADP|för|11|MD 14-PART|att|13|OO	2
Eupa_00-01-17.397	5-ADP|på|4|OA 6-SCONJ|att|5|OO	2
Eupa_00-01-17.397	2-SCONJ|om|30|MD	1
Eupa_00-01-17.397	43-ADP|om|42|MD	1
Eupa_00-01-17.397	41-ADP|i|37|MD	1
Eupa_00-01-17.397	33-SCONJ|att|32|MD 35-AUX|kommer|33|OO 36-PART|att|35|IV	3
Eupa_00-01-17.398	3-AUX|måste|0|-- 6-SCONJ|om|3|MD 11-AUX|vill|6|OO 8-ADP|på|11|MD	4
Eupa_00-01-17.398	14-ADP|på|13|OA	1
Eupa_00-01-17.398	3-AUX|måste|0|-- 6-SCONJ|om|3|MD 11-AUX|vill|6|OO 8-ADP|på|11|MD 12-AUX|bli|11|IV	5
Eupa_00-01-17.399	10-ADP|i|9|MD	1
Eupa_00-01-17.399	8-ADP|på|6|OA	1
Eupa_00-01-17.399	5-PART|att|4|MD	1
Eupa_00-01-17.399	20-AUX|var|17|OO	1
Eupa_00-01-17.399	13-SCONJ|eftersom|2|MD	1
Eupa_00-01-17.400	4-AUX|är|2|OO	1
Eupa_00-01-17.400	8-AUX|är|0|-- 12-SCONJ|att|8|ES	2
Eupa_00-01-17.401	6-ADP|med|2|MD	1
Eupa_00-01-17.401	11-ADP|i|2|MD	1
Eupa_00-01-17.401	14-ADP|på|2|MD	1
Eupa_00-01-17.402	1-ADP|För|7|DF	1
Eupa_00-01-17.402	5-ADP|i|7|MD	1
Eupa_00-01-17.402	11-ADP|i|10|MD	1
Eupa_00-01-17.402	9-ADP|av|7|AG	1
Eupa_00-01-17.403	1-ADP|För|6|DF	1
Eupa_00-01-17.403	8-ADP|i|7|MD	1
Eupa_00-01-17.404	2-AUX|har|0|-- 3-ADP|till|2|MD	2
Eupa_00-01-17.404	15-ADP|av|14|MD	1
Eupa_00-01-17.404	11-ADP|i|9|MD	1
Eupa_00-01-17.405	4-ADP|i|2|MD	1
Eupa_00-01-17.405	14-ADP|på|16|RA	1
Eupa_00-01-17.405	20-ADP|med|16|MD	1
Eupa_00-01-17.405	13-SCONJ|att|11|IV	1
Eupa_00-01-17.405	10-SCONJ|som|9|MD	1
Eupa_00-01-17.405	6-ADP|efter|2|OA	1
Eupa_00-01-17.406	9-SCONJ|som|8|MD	1
Eupa_00-01-17.406	6-AUX|har|0|-- 13-PART|inte|6|MD	2
Eupa_00-01-17.408	13-ADP|i|11|MD	1
Eupa_00-01-17.408	9-SCONJ|som|8|MD 10-AUX|har|9|OO	2
Eupa_00-01-17.408	4-SCONJ|att|2|OO	1
Eupa_00-01-17.409	16-ADP|över|15|AN	1
Eupa_00-01-17.409	21-ADP|enligt|20|MD 24-AUX|vill|21|OO	2
Eupa_00-01-17.409	12-SCONJ|att|3|OO	1
Eupa_00-01-17.409	7-ADP|från|6|MD	1
Eupa_00-01-17.409	2-AUX|är|0|--	1
Eupa_00-01-17.410	9-ADP|till|6|RA	1
Eupa_00-01-17.410	14-ADP|för|13|MD	1
Eupa_00-01-17.410	21-ADP|om|20|MD	1
Eupa_00-01-17.410	27-ADP|i|26|MD	1
Eupa_00-01-17.410	24-AUX|skall|17|OO	1
Eupa_00-01-17.410	2-AUX|kan|0|--	1
Eupa_00-01-17.411	3-SCONJ|att|2|OO	1
Eupa_00-01-17.412	7-SCONJ|att|6|MD	1
Eupa_00-01-17.412	2-AUX|får|0|--	1
Eupa_00-01-17.413	3-ADP|i|2|MD	1
Eupa_00-01-17.413	10-SCONJ|där|9|MD 14-AUX|vill|10|OO	2
Eupa_00-01-17.413	7-ADP|i|6|MD	1
Eupa_00-01-17.413	5-ADP|till|2|MD	1
Eupa_00-01-17.413	46-ADP|på|45|OA	1
Eupa_00-01-17.413	42-SCONJ|att|41|OO 44-AUX|är|42|OO	2
Eupa_00-01-17.414	6-ADP|på|3|OA	1
Eupa_00-01-17.415	11-ADP|i|9|MD	1
Eupa_00-01-17.415	15-PART|inte|13|conj	1
Eupa_00-01-17.415	7-ADP|för|6|MD 8-SCONJ|huruvida|7|OO	2
Eupa_00-01-17.415	2-AUX|måste|0|--	1
Eupa_00-01-17.416	13-SCONJ|som|11|MD	1
Eupa_00-01-17.416	24-ADP|för|23|MD	1
Eupa_00-01-17.416	10-SCONJ|att|8|OO 20-AUX|får|10|OO	2
Eupa_00-01-17.416	4-SCONJ|att|2|OO 6-AUX|kommer|4|OO 7-PART|att|6|IV	3
Eupa_00-01-17.418	17-ADP|i|16|MD	1
Eupa_00-01-17.418	13-SCONJ|som|4|JF 14-ADP|till|13|OO	2
Eupa_00-01-17.418	11-ADP|i|10|MD	1
Eupa_00-01-17.418	9-ADP|till|8|OA	1
Eupa_00-01-17.418	35-ADP|i|34|MD	1
Eupa_00-01-17.418	39-ADP|för|38|MD	1
Eupa_00-01-17.418	23-SCONJ|att|22|MD	1
Eupa_00-01-17.418	19-SCONJ|liksom|8|MD 20-ADP|till|19|OO	2
Eupa_00-01-17.418	3-SCONJ|att|2|OO 7-AUX|måste|3|OO	2
Eupa_00-01-17.419	9-ADP|av|8|MD	1
Eupa_00-01-17.419	4-SCONJ|att|2|OO 6-AUX|får|4|OO	2
Eupa_00-01-17.420	3-AUX|skall|0|-- 6-AUX|få|3|IV 8-PART|att|6|IV	3
Eupa_00-01-17.420	3-AUX|skall|0|-- 6-AUX|få|3|IV 8-PART|att|6|IV 10-SCONJ|om|3|MD 15-SCONJ|om|10|AN	5
Eupa_00-01-17.421	2-AUX|kan|0|--	1
Eupa_00-01-17.422	16-ADP|med|12|MD	1
Eupa_00-01-17.422	11-PART|att|10|MD	1
Eupa_00-01-17.422	7-SCONJ|som|6|MD	1
Eupa_00-01-17.422	3-AUX|är|0|--	1
Eupa_00-01-17.423	15-PART|att|14|OO	1
Eupa_00-01-17.423	9-AUX|blir|2|conj	1
Eupa_00-01-17.424	3-AUX|är|0|--	1
Eupa_00-01-17.425	7-SCONJ|att|5|OO 11-AUX|skall|7|OO 9-ADP|i|11|MD	3
Eupa_00-01-17.425	15-ADP|på|12|OA	1
Eupa_00-01-17.425	2-AUX|är|0|--	1
Eupa_00-01-17.427	5-ADP|för|4|OA	1
Eupa_00-01-17.427	25-ADP|av|24|MD	1
Eupa_00-01-17.427	31-ADP|i|30|RA	1
Eupa_00-01-17.427	28-SCONJ|som|24|MD	1
Eupa_00-01-17.427	22-ADP|i|21|MD	1
Eupa_00-01-17.427	18-AUX|vara|17|IV	1
Eupa_00-01-17.427	14-ADP|om|11|MD 16-SCONJ|som|14|OO	2
Eupa_00-01-17.427	12-ADP|i|8|RA	1
Eupa_00-01-17.427	2-AUX|är|0|-- 7-PART|att|2|ES	2
Eupa_00-01-17.429	2-ADP|av|1|MD	1
Eupa_00-01-17.429	4-AUX|har|0|-- 6-SCONJ|som|4|DF	2
Eupa_00-01-17.429	13-ADP|enligt|11|MD	1
Eupa_00-01-17.430	8-ADP|i|7|MD	1
Eupa_00-01-17.430	12-ADP|på|10|OA	1
Eupa_00-01-17.430	23-ADP|av|22|MD	1
Eupa_00-01-17.430	29-ADP|utan|31|MD	1
Eupa_00-01-17.430	27-SCONJ|som|22|MD	1
Eupa_00-01-17.430	19-PART|att|18|ES	1
Eupa_00-01-17.430	6-SCONJ|att|5|MD	1
Eupa_00-01-17.431	7-ADP|i|6|RA	1
Eupa_00-01-17.431	14-ADP|sedan|12|MD	1
Eupa_00-01-17.431	11-AUX|har|6|conj	1
Eupa_00-01-17.431	4-SCONJ|att|3|OO	1
Eupa_00-01-17.431	2-AUX|har|0|--	1
Eupa_00-01-17.432	5-ADP|mellan|4|MD	1
Eupa_00-01-17.432	2-AUX|har|0|--	1
Eupa_00-01-17.433	5-ADP|på|2|OA	1
Eupa_00-01-17.433	13-ADP|till|12|OA	1
Eupa_00-01-17.433	10-ADP|för|2|MD 11-PART|att|10|OO	2
Eupa_00-01-17.434	7-ADP|för|6|OA	1
Eupa_00-01-17.434	10-AUX|är|0|-- 2-SCONJ|som|10|SB 4-AUX|är|2|OO	3
Eupa_00-01-17.434	16-ADP|från|15|MD	1
Eupa_00-01-17.434	14-ADP|av|13|MD	1
Eupa_00-01-17.434	20-SCONJ|som|19|MD 27-AUX|varit|20|OO 22-ADP|på|27|MD	3
Eupa_00-01-17.434	30-ADP|för|29|MD	1
Eupa_00-01-17.434	12-SCONJ|att|11|MD 18-AUX|är|12|OO	2
Eupa_00-01-17.435	13-SCONJ|som|12|MD	1
Eupa_00-01-17.435	8-ADP|av|7|MD	1
Eupa_00-01-17.435	2-AUX|är|0|--	1
Eupa_00-01-17.436	16-SCONJ|att|15|OO 18-AUX|måste|16|OO	2
Eupa_00-01-17.436	13-SCONJ|som|12|MD	1
Eupa_00-01-17.436	10-ADP|av|9|MD	1
Eupa_00-01-17.436	7-AUX|vill|5|OO	1
Eupa_00-01-17.436	4-ADP|till|3|MD	1
Eupa_00-01-17.436	2-AUX|är|0|--	1
Eupa_00-01-17.437	4-ADP|till|2|OA	1
Eupa_00-01-17.437	16-ADP|med|15|OA	1
Eupa_00-01-17.437	14-PART|att|13|IV	1
Eupa_00-01-17.437	12-SCONJ|som|11|MD	1
Eupa_00-01-17.437	10-ADP|med|8|OA	1
Eupa_00-01-17.437	6-ADP|för|2|MD 7-PART|att|6|OO	2
Eupa_00-01-17.438	10-ADP|på|13|MD	1
Eupa_00-01-17.438	16-ADP|i|15|MD	1
Eupa_00-01-17.438	14-AUX|har|13|IV	1
Eupa_00-01-17.438	7-SCONJ|att|6|MD	1
Eupa_00-01-17.438	2-AUX|är|0|-- 4-ADP|med|2|OA	2
Eupa_00-01-17.439	5-ADP|till|2|OA	1
Eupa_00-01-17.439	16-ADP|för|15|MD	1
Eupa_00-01-17.439	11-SCONJ|att|9|OO	1
Eupa_00-01-17.439	7-ADP|för|2|MD 8-PART|att|7|OO	2
Eupa_00-01-17.440	4-ADP|till|2|OA	1
Eupa_00-01-17.440	6-ADP|för|2|MD 7-PART|att|6|OO	2
Eupa_00-01-17.441	4-ADP|till|2|MD	1
Eupa_00-01-17.441	13-ADP|från|12|MD	1
Eupa_00-01-17.441	16-ADP|på|15|MD	1
Eupa_00-01-17.441	11-SCONJ|att|9|OO	1
Eupa_00-01-17.441	8-PART|att|2|IV	1
Eupa_00-01-17.442	7-ADP|i|6|MD	1
Eupa_00-01-17.442	3-ADP|av|2|MD 5-SCONJ|som|3|OO	2
Eupa_00-01-17.442	10-AUX|är|0|--	1
Eupa_00-01-17.443	11-ADP|på|9|MD	1
Eupa_00-01-17.443	5-ADP|inom|4|MD 8-AUX|kan|5|OO	2
Eupa_00-01-17.443	2-AUX|är|0|--	1
Eupa_00-01-17.445	6-ADP|ur|3|MD	1
Eupa_00-01-17.445	16-ADP|om|15|MD	1
Eupa_00-01-17.445	13-AUX|skall|3|conj	1
Eupa_00-01-17.446	8-ADP|i|12|MD	1
Eupa_00-01-17.446	22-ADP|i|21|MD	1
Eupa_00-01-17.446	37-ADP|i|36|MD	1
Eupa_00-01-17.446	45-ADP|för|42|IO	1
Eupa_00-01-17.446	51-ADP|i|49|RA	1
Eupa_00-01-17.446	48-PART|att|42|EO	1
Eupa_00-01-17.446	32-SCONJ|att|31|MD	1
Eupa_00-01-17.446	24-ADP|genom|20|MD 25-PART|att|24|OO	2
Eupa_00-01-17.446	16-ADP|om|15|MD 17-SCONJ|att|16|OO 19-AUX|borde|17|OO	3
Eupa_00-01-17.446	5-ADP|på|2|OA 6-SCONJ|att|5|OO	2
Eupa_00-01-17.447	4-ADP|genom|3|MD	1
Eupa_00-01-17.447	2-AUX|kan|0|--	1
Eupa_00-01-17.448	10-ADP|ur|9|MD	1
Eupa_00-01-17.448	4-SCONJ|som|3|MD 7-AUX|skulle|4|OO 8-AUX|vilja|7|IV	3
Eupa_00-01-17.448	29-ADP|av|28|MD	1
Eupa_00-01-17.448	26-ADP|av|25|MD	1
Eupa_00-01-17.448	24-ADP|vid|21|OA	1
Eupa_00-01-17.448	40-ADP|av|39|MD	1
Eupa_00-01-17.448	19-SCONJ|att|18|OO	1
Eupa_00-01-17.448	14-AUX|är|0|-- 15-SCONJ|att|14|SP	2
Eupa_00-01-17.449	7-ADP|mellan|6|MD	1
Eupa_00-01-17.450	9-ADP|inom|8|MD	1
Eupa_00-01-17.450	5-SCONJ|där|4|MD	1
Eupa_00-01-17.450	2-AUX|var|0|--	1
Eupa_00-01-17.451	4-AUX|har|0|-- 5-ADP|enligt|4|MD	2
Eupa_00-01-17.451	9-ADP|i|12|MD	1
Eupa_00-01-17.451	14-ADP|till|12|OA	1
Eupa_00-01-17.451	16-ADP|i|12|MD	1
Eupa_00-01-17.451	24-ADP|för|23|MD	1
Eupa_00-01-17.451	22-ADP|å|27|MD	1
Eupa_00-01-17.451	31-ADP|på|28|OA	1
Eupa_00-01-17.452	3-AUX|skulle|0|-- 1-ADP|Till|3|MD	2
Eupa_00-01-17.452	9-ADP|för|8|MD	1
Eupa_00-01-17.452	3-AUX|skulle|0|-- 1-ADP|Till|3|MD 5-ADP|i|3|MD	3
Eupa_00-01-17.452	15-ADP|i|19|MD	1
Eupa_00-01-17.452	24-ADP|från|23|MD	1
Eupa_00-01-17.452	21-ADP|för|20|MD	1
Eupa_00-01-17.452	13-SCONJ|att|12|OO	1
Eupa_00-01-17.452	3-AUX|skulle|0|-- 1-ADP|Till|3|MD 5-ADP|i|3|MD 11-AUX|ha|3|IV	4
Eupa_00-01-17.455	13-ADP|i|11|MD	1
Eupa_00-01-17.455	7-ADP|för|4|OA	1
Eupa_00-01-17.455	18-ADP|för|17|OA	1
Eupa_00-01-17.455	21-SCONJ|att|17|OO	1
Eupa_00-01-17.455	35-ADP|för|34|MD	1
Eupa_00-01-17.455	33-ADP|för|31|MD	1
Eupa_00-01-17.455	30-SCONJ|som|26|MD	1
Eupa_00-01-17.455	24-ADP|på|17|MD	1
Eupa_00-01-17.455	2-AUX|vill|0|--	1
Eupa_00-01-17.456	16-ADP|för|15|MD	1
Eupa_00-01-17.456	14-ADP|av|12|AG	1
Eupa_00-01-17.456	26-ADP|för|25|MD	1
Eupa_00-01-17.456	24-ADP|av|23|AG	1
Eupa_00-01-17.456	5-ADP|på|3|RA	1
Eupa_00-01-17.456	2-AUX|vill|0|--	1
Eupa_00-01-17.457	21-ADP|av|20|MD	1
Eupa_00-01-17.457	25-ADP|av|24|MD	1
Eupa_00-01-17.457	19-ADP|för|18|MD	1
Eupa_00-01-17.457	9-ADP|av|8|MD 10-PART|att|9|OO	2
Eupa_00-01-17.458	4-AUX|har|0|-- 1-ADP|Under|4|MD	2
Eupa_00-01-17.458	16-ADP|av|15|MD	1
Eupa_00-01-17.458	10-SCONJ|som|6|OP	1
Eupa_00-01-17.459	15-SCONJ|som|14|MD	1
Eupa_00-01-17.459	8-SCONJ|att|7|MD 11-AUX|är|8|OO	2
Eupa_00-01-17.459	5-ADP|med|3|OA	1
Eupa_00-01-17.460	7-PART|att|6|IV	1
Eupa_00-01-17.460	5-SCONJ|som|4|MD	1
Eupa_00-01-17.460	24-ADP|efter|23|OA	1
Eupa_00-01-17.460	22-SCONJ|som|21|MD	1
Eupa_00-01-17.460	15-PART|att|14|MD	1
Eupa_00-01-17.460	3-SCONJ|att|2|OO	1
Eupa_00-01-17.461	1-ADP|I|4|MD	1
Eupa_00-01-17.461	13-ADP|i|16|MD	1
Eupa_00-01-17.461	19-SCONJ|fast|16|MD	1
Eupa_00-01-17.461	10-ADP|inom|9|MD	1
Eupa_00-01-17.461	7-ADP|på|4|OA	1
Eupa_00-01-17.462	1-ADP|I|4|MD	1
Eupa_00-01-17.462	6-ADP|till|4|OA	1
Eupa_00-01-17.463	6-SCONJ|att|5|OA	1
Eupa_00-01-17.463	19-ADP|från|17|MD	1
Eupa_00-01-17.463	21-ADP|till|17|MD	1
Eupa_00-01-17.463	15-ADP|med|14|MD 16-PART|att|15|OO	2
Eupa_00-01-17.463	28-ADP|för|25|MD	1
Eupa_00-01-17.463	31-ADP|under|25|MD	1
Eupa_00-01-17.463	3-AUX|är|0|-- 13-SCONJ|då|3|MD 23-AUX|kommer|13|OO 24-PART|att|23|IV	4
Eupa_00-01-17.464	26-ADP|från|25|MD	1
Eupa_00-01-17.464	32-ADP|efter|31|MD	1
Eupa_00-01-17.464	30-AUX|skall|29|OO	1
Eupa_00-01-17.464	24-ADP|mellan|23|MD	1
Eupa_00-01-17.464	16-ADP|om|15|MD 19-AUX|skall|16|OO	2
Eupa_00-01-17.464	9-SCONJ|att|8|MD	1
Eupa_00-01-17.464	4-SCONJ|att|3|OO	1
Eupa_00-01-17.464	2-AUX|kan|0|--	1
Eupa_00-01-17.465	23-ADP|på|20|MD	1
Eupa_00-01-17.465	16-SCONJ|som|15|MD 19-AUX|skall|16|OO	2
Eupa_00-01-17.465	10-ADP|om|9|MD 11-SCONJ|att|10|OO	2
Eupa_00-01-17.465	3-SCONJ|att|2|OO 5-AUX|kan|3|OO	2
Eupa_00-01-17.467	3-SCONJ|som|2|MD 5-AUX|har|3|OO	2
Eupa_00-01-17.467	18-ADP|för|17|MD	1
Eupa_00-01-17.467	23-SCONJ|som|16|SP	1
Eupa_00-01-17.468	23-ADP|på|21|OA	1
Eupa_00-01-17.468	34-ADP|inom|33|MD	1
Eupa_00-01-17.468	47-ADP|på|46|MD	1
Eupa_00-01-17.468	45-SCONJ|som|44|MD	1
Eupa_00-01-17.468	38-ADP|på|33|MD	1
Eupa_00-01-17.468	32-PART|att|30|IV	1
Eupa_00-01-17.468	29-SCONJ|som|28|MD	1
Eupa_00-01-17.468	26-ADP|med|21|MD	1
Eupa_00-01-17.468	20-PART|att|18|IV	1
Eupa_00-01-17.468	17-PART|att|11|MD	1
Eupa_00-01-17.468	6-SCONJ|att|5|OO	1
Eupa_00-01-17.468	3-AUX|vill|0|--	1
Eupa_00-01-17.469	6-ADP|i|5|MD	1
Eupa_00-01-17.469	13-SCONJ|som|12|MD 16-AUX|är|13|OO 14-ADP|i|16|MD	3
Eupa_00-01-17.469	4-ADP|med|1|MD	1
Eupa_00-01-17.469	27-ADP|från|26|MD	1
Eupa_00-01-17.470	5-ADP|på|4|OA	1
Eupa_00-01-17.471	2-AUX|är|0|-- 4-SCONJ|som|2|EF	2
Eupa_00-01-17.471	13-ADP|i|11|RA	1
Eupa_00-01-17.471	2-AUX|är|0|-- 4-SCONJ|som|2|EF 7-SCONJ|som|2|DF	3
Eupa_00-01-17.471	20-ADP|på|18|MD	1
Eupa_00-01-17.471	2-AUX|är|0|-- 4-SCONJ|som|2|EF 7-SCONJ|som|2|DF 17-SCONJ|som|2|DF	4
Eupa_00-01-17.472	10-ADP|av|9|MD	1
Eupa_00-01-17.472	14-ADP|av|13|MD	1
Eupa_00-01-17.472	8-ADP|för|7|MD	1
Eupa_00-01-17.472	4-AUX|är|0|--	1
Eupa_00-01-17.473	11-ADP|av|10|MD	1
Eupa_00-01-17.473	5-SCONJ|att|3|OO	1
Eupa_00-01-17.473	2-AUX|bör|0|--	1
Eupa_00-01-17.474	1-ADP|Inom|3|MD	1
Eupa_00-01-17.474	10-ADP|i|9|MD	1
Eupa_00-01-17.474	7-ADP|av|6|MD	1
Eupa_00-01-17.475	5-ADP|av|4|MD	1
Eupa_00-01-17.475	9-SCONJ|som|2|MD	1
Eupa_00-01-17.475	19-ADP|till|18|MD	1
Eupa_00-01-17.475	15-ADP|av|14|OA	1
Eupa_00-01-17.475	13-AUX|är|2|conj	1
Eupa_00-01-17.476	12-ADP|i|11|MD	1
Eupa_00-01-17.476	8-SCONJ|som|7|MD 10-AUX|bör|8|OO	2
Eupa_00-01-17.476	2-ADP|av|1|MD	1
Eupa_00-01-17.476	25-ADP|på|22|RA	1
Eupa_00-01-17.476	28-ADP|utanför|22|MD	1
Eupa_00-01-17.476	41-ADP|av|40|MD	1
Eupa_00-01-17.476	45-ADP|av|44|MD	1
Eupa_00-01-17.476	33-SCONJ|som|32|MD	1
Eupa_00-01-17.476	31-ADP|inom|22|MD	1
Eupa_00-01-17.476	20-ADP|om|18|OA 21-PART|att|20|OO	2
Eupa_00-01-17.476	15-AUX|är|0|-- 17-PART|att|15|SP	2
Eupa_00-01-17.477	2-SCONJ|om|10|MD	1
Eupa_00-01-17.477	25-ADP|i|24|MD	1
Eupa_00-01-17.477	21-SCONJ|att|20|IV	1
Eupa_00-01-17.477	18-ADP|för|14|OA 19-PART|att|18|OO	2
Eupa_00-01-17.477	12-PART|att|10|IV 13-AUX|vara|12|OO	2
Eupa_00-01-17.478	9-ADP|för|8|MD	1
Eupa_00-01-17.478	19-SCONJ|som|18|MD 21-AUX|har|19|OO	2
Eupa_00-01-17.478	16-ADP|med|15|OA	1
Eupa_00-01-17.478	14-SCONJ|som|8|MD	1
Eupa_00-01-17.478	4-SCONJ|att|2|OO	1
Eupa_00-01-17.479	9-ADP|för|8|MD	1
Eupa_00-01-17.479	20-ADP|för|19|MD	1
Eupa_00-01-17.479	18-ADP|från|17|MD	1
Eupa_00-01-17.479	30-SCONJ|som|28|MD 35-AUX|har|30|OO 32-ADP|i|35|MD	3
Eupa_00-01-17.479	39-ADP|för|38|MD	1
Eupa_00-01-17.479	37-ADP|av|36|OA	1
Eupa_00-01-17.479	45-ADP|under|36|MD	1
Eupa_00-01-17.479	25-ADP|i|16|MD	1
Eupa_00-01-17.479	2-AUX|är|0|-- 4-PART|att|2|ES	2
Eupa_00-01-17.480	15-ADP|för|14|MD	1
Eupa_00-01-17.480	13-ADP|av|12|MD	1
Eupa_00-01-17.480	11-ADP|vid|10|MD	1
Eupa_00-01-17.480	6-SCONJ|att|4|OO	1
Eupa_00-01-17.480	2-AUX|vill|0|--	1
Eupa_00-01-17.482	11-ADP|för|8|OA	1
Eupa_00-01-17.482	6-ADP|med|3|OA 7-PART|att|6|OO	2
Eupa_00-01-17.482	2-AUX|vill|0|--	1
Eupa_00-01-17.483	3-SCONJ|att|2|OO 5-AUX|är|3|OO	2
Eupa_00-01-17.484	11-ADP|med|10|MD	1
Eupa_00-01-17.484	34-SCONJ|än|33|JF 36-AUX|hade|34|OO	2
Eupa_00-01-17.484	30-SCONJ|som|28|MD 32-AUX|var|30|OO	2
Eupa_00-01-17.484	27-ADP|av|26|MD	1
Eupa_00-01-17.484	24-ADP|inför|21|MD	1
Eupa_00-01-17.484	18-AUX|var|16|OO 20-PART|att|18|ES	2
Eupa_00-01-17.484	9-ADP|till|8|MD	1
Eupa_00-01-17.484	6-ADP|för|4|OA	1
Eupa_00-01-17.484	2-AUX|vill|0|--	1
Eupa_00-01-17.485	1-ADP|För|5|OA	1
Eupa_00-01-17.485	11-ADP|av|10|AG	1
Eupa_00-01-17.485	9-SCONJ|som|8|MD	1
Eupa_00-01-17.485	19-ADP|av|18|MD	1
Eupa_00-01-17.485	14-ADP|av|13|AG	1
Eupa_00-01-17.485	3-AUX|är|0|-- 6-SCONJ|att|3|ES	2
Eupa_00-01-17.486	12-ADP|i|11|MD	1
Eupa_00-01-17.486	10-ADP|av|9|OA	1
Eupa_00-01-17.486	25-ADP|i|24|AN	1
Eupa_00-01-17.486	28-ADP|i|23|MD	1
Eupa_00-01-17.486	33-ADP|av|32|MD	1
Eupa_00-01-17.486	31-ADP|om|23|OA	1
Eupa_00-01-17.486	22-SCONJ|som|21|MD	1
Eupa_00-01-17.486	20-ADP|till|18|OA	1
Eupa_00-01-17.486	39-AUX|har|36|OO	1
Eupa_00-01-17.486	15-SCONJ|att|9|ES 17-AUX|bör|15|OO	2
Eupa_00-01-17.486	2-AUX|är|0|-- 3-SCONJ|att|2|SP	2
Eupa_00-01-17.487	4-AUX|har|0|-- 1-ADP|I|4|MD	2
Eupa_00-01-17.487	17-ADP|mellan|16|MD	1
Eupa_00-01-17.487	11-SCONJ|att|10|ES	1
Eupa_00-01-17.487	27-ADP|av|26|MD	1
Eupa_00-01-17.487	29-ADP|på|38|MD 33-ADP|på|29|AN	2
Eupa_00-01-17.487	46-ADP|mellan|45|MD	1
Eupa_00-01-17.487	44-ADP|av|43|MD	1
Eupa_00-01-17.487	40-ADP|i|38|OA	1
Eupa_00-01-17.487	25-SCONJ|att|24|MD	1
Eupa_00-01-17.488	12-ADP|till|11|MD 13-PART|att|12|OO	2
Eupa_00-01-17.488	5-PART|att|4|MD	1
Eupa_00-01-17.488	2-SCONJ|som|18|MD	1
Eupa_00-01-17.488	26-SCONJ|som|25|MD	1
Eupa_00-01-17.488	35-SCONJ|som|34|MD 37-AUX|är|35|OO	2
Eupa_00-01-17.488	41-SCONJ|som|40|MD 43-AUX|kan|41|OO	2
Eupa_00-01-17.488	49-AUX|vill|25|AN	1
Eupa_00-01-17.488	30-ADP|i|29|OA	1
Eupa_00-01-17.488	24-SCONJ|att|23|OO	1
Eupa_00-01-17.488	20-SCONJ|att|18|OO 22-AUX|är|20|OO	2
Eupa_00-01-17.489	2-ADP|av|1|MD	1
Eupa_00-01-17.489	5-AUX|måste|0|-- 6-ADP|i|5|MD	2
Eupa_00-01-17.489	14-ADP|till|8|OA	1
Eupa_00-01-17.490	39-AUX|har|0|-- 1-SCONJ|Om|39|DF 4-AUX|skulle|1|OO 5-AUX|vara|4|IV	4
Eupa_00-01-17.490	39-AUX|har|0|-- 1-SCONJ|Om|39|DF 4-AUX|skulle|1|OO 5-AUX|vara|4|IV 8-SCONJ|om|1|AN	5
Eupa_00-01-17.490	27-ADP|i|23|OA	1
Eupa_00-01-17.490	39-AUX|har|0|-- 1-SCONJ|Om|39|DF 4-AUX|skulle|1|OO 5-AUX|vara|4|IV 8-SCONJ|om|1|AN 14-SCONJ|om|1|AN 17-AUX|får|14|OO	7
Eupa_00-01-17.490	48-ADP|på|45|MD	1
Eupa_00-01-17.490	44-PART|att|43|MD	1
Eupa_00-01-17.491	7-ADP|för|24|MD 8-PART|att|7|OO	2
Eupa_00-01-17.491	16-ADP|mellan|15|MD	1
Eupa_00-01-17.491	12-ADP|för|24|MD 13-PART|att|12|OO	2
Eupa_00-01-17.491	26-ADP|på|24|OA	1
Eupa_00-01-17.491	2-AUX|är|0|-- 5-SCONJ|att|2|ES	2
Eupa_00-01-17.492	21-ADP|från|20|MD	1
Eupa_00-01-17.492	19-ADP|med|16|OA	1
Eupa_00-01-17.492	29-ADP|till|28|MD	1
Eupa_00-01-17.492	26-SCONJ|som|16|MD	1
Eupa_00-01-17.492	31-ADP|utan|16|MD 32-SCONJ|att|31|OO 38-AUX|skall|32|OO 35-ADP|för|38|MD	4
Eupa_00-01-17.492	13-SCONJ|som|12|MD 14-ADP|genom|13|OO 15-PART|att|14|OO	3
Eupa_00-01-17.492	9-ADP|av|8|MD	1
Eupa_00-01-17.492	7-ADP|med|2|MD	1
Eupa_00-01-17.492	47-SCONJ|som|46|MD 48-AUX|kommer|47|OO 49-PART|att|48|IV	3
Eupa_00-01-17.492	45-AUX|är|0|--	1
Eupa_00-01-17.494	11-ADP|om|5|OA	1
Eupa_00-01-17.494	4-PART|att|2|ES	1
Eupa_00-01-17.495	7-SCONJ|som|6|MD	1
Eupa_00-01-17.495	3-ADP|på|2|OA	1
Eupa_00-01-17.496	14-AUX|var|8|OO	1
Eupa_00-01-17.496	23-ADP|rörande|22|MD	1
Eupa_00-01-17.496	20-ADP|mot|18|OA	1
Eupa_00-01-17.496	34-ADP|från|33|MD	1
Eupa_00-01-17.496	37-ADP|angående|33|MD	1
Eupa_00-01-17.496	29-ADP|i|28|OA	1
Eupa_00-01-17.496	6-ADP|om|4|OA 7-SCONJ|att|6|OO	2
Eupa_00-01-17.497	17-ADP|för|16|MD	1
Eupa_00-01-17.497	14-ADP|rörande|13|MD	1
Eupa_00-01-17.497	5-ADP|om|3|OA 6-SCONJ|att|5|OO	2
Eupa_00-01-17.497	2-AUX|kan|0|--	1
Eupa_00-01-17.498	3-SCONJ|att|2|OO	1
Eupa_00-01-17.499	12-SCONJ|som|11|MD	1
Eupa_00-01-17.499	8-ADP|till|4|MD	1
Eupa_00-01-17.499	3-AUX|har|0|--	1
Eupa_00-01-17.500	7-ADP|på|5|OA	1
Eupa_00-01-17.500	3-SCONJ|att|2|OO	1
Eupa_00-01-17.501	15-ADP|av|14|MD	1
Eupa_00-01-17.501	11-ADP|för|6|MD	1
Eupa_00-01-17.501	22-ADP|på|26|MD	1
Eupa_00-01-17.501	28-ADP|i|26|MD	1
Eupa_00-01-17.501	20-ADP|för|4|MD 21-SCONJ|att|20|OO	2
Eupa_00-01-17.501	2-AUX|är|0|-- 3-PART|att|2|SP	2
Eupa_00-01-17.502	12-ADP|i|11|RA	1
Eupa_00-01-17.502	15-ADP|inom|11|RA	1
Eupa_00-01-17.502	10-SCONJ|som|9|MD	1
Eupa_00-01-17.502	2-AUX|är|0|-- 4-PART|att|2|ES	2
Eupa_00-01-17.503	9-ADP|i|8|MD	1
Eupa_00-01-17.503	21-ADP|till|19|OA	1
Eupa_00-01-17.503	24-ADP|i|19|MD	1
Eupa_00-01-17.503	18-PART|att|16|OO	1
Eupa_00-01-17.503	13-SCONJ|att|12|OO	1
Eupa_00-01-17.503	11-SCONJ|som|8|MD	1
Eupa_00-01-17.503	7-ADP|av|6|MD	1
Eupa_00-01-17.503	2-AUX|är|0|-- 5-ADP|mot|2|MD	2
Eupa_00-01-17.504	2-ADP|inom|1|MD	1
Eupa_00-01-17.504	8-ADP|på|6|MD	1
Eupa_00-01-17.504	15-AUX|skall|12|OO	1
Eupa_00-01-17.505	5-ADP|om|4|OA 6-PART|att|5|OO	2
Eupa_00-01-17.505	2-AUX|skall|0|--	1
Eupa_00-01-17.506	15-ADP|genom|14|MD	1
Eupa_00-01-17.506	20-ADP|i|19|OA	1
Eupa_00-01-17.506	27-ADP|i|19|MD	1
Eupa_00-01-17.506	31-ADP|av|30|MD	1
Eupa_00-01-17.506	29-ADP|mot|19|MD	1
Eupa_00-01-17.506	5-ADP|om|4|OA 6-PART|att|5|OO	2
Eupa_00-01-17.506	2-AUX|skall|0|--	1
Eupa_00-01-17.507	4-ADP|av|3|MD	1
Eupa_00-01-17.507	15-ADP|vid|14|MD	1
Eupa_00-01-17.507	12-ADP|av|11|MD	1
Eupa_00-01-17.507	9-ADP|till|8|OA	1
Eupa_00-01-17.507	6-AUX|kan|0|--	1
Eupa_00-01-17.508	7-ADP|vid|6|MD	1
Eupa_00-01-17.508	20-ADP|av|19|MD	1
Eupa_00-01-17.508	11-SCONJ|som|10|JF	1
Eupa_00-01-17.508	2-AUX|måste|0|--	1
Eupa_00-01-17.509	23-SCONJ|som|22|MD	1
Eupa_00-01-17.509	16-ADP|för|10|MD 17-PART|att|16|OO	2
Eupa_00-01-17.509	8-SCONJ|att|6|OO	1
Eupa_00-01-17.509	3-SCONJ|att|2|OO 5-AUX|måste|3|OO	2
Eupa_00-01-17.510	7-ADP|av|6|MD	1
Eupa_00-01-17.510	9-ADP|i|4|RA	1
Eupa_00-01-17.510	17-AUX|kommer|0|-- 1-SCONJ|Om|17|MD 3-AUX|kan|1|OO	3
Eupa_00-01-17.510	17-AUX|kommer|0|-- 1-SCONJ|Om|17|MD 3-AUX|kan|1|OO 19-ADP|till|17|MD	4
Eupa_00-01-17.510	24-ADP|på|22|OP	1
Eupa_00-01-17.510	32-ADP|till|31|OA	1
Eupa_00-01-17.510	43-ADP|till|42|MD	1
Eupa_00-01-17.510	38-SCONJ|som|36|MD 39-AUX|kommer|38|OO 40-PART|att|39|IV 41-AUX|vara|40|OO	4
Eupa_00-01-17.510	30-PART|att|29|ES	1
Eupa_00-01-17.510	17-AUX|kommer|0|-- 1-SCONJ|Om|17|MD 3-AUX|kan|1|OO 19-ADP|till|17|MD 21-PART|att|17|IV	5
Eupa_00-01-17.511	2-AUX|är|0|-- 5-AUX|skall|2|SP 13-SCONJ|Om|5|MD 23-AUX|kan|13|OO 16-ADP|med|23|MD	5
Eupa_00-01-17.511	31-ADP|för|30|OA	1
Eupa_00-01-17.511	39-ADP|efter|41|MD	1
Eupa_00-01-17.511	42-ADP|till|41|OA	1
Eupa_00-01-17.511	38-SCONJ|att|28|EO	1
Eupa_00-01-17.513	5-ADP|för|3|OA	1
Eupa_00-01-17.513	2-AUX|vill|0|--	1
Eupa_00-01-17.514	2-AUX|har|0|-- 3-ADP|med|2|MD	2
Eupa_00-01-17.514	8-ADP|i|5|OA	1
Eupa_00-01-17.514	11-ADP|under|17|MD	1
Eupa_00-01-17.514	13-ADP|på|17|MD	1
Eupa_00-01-17.514	23-ADP|i|22|MD	1
Eupa_00-01-17.514	21-SCONJ|som|20|MD	1
Eupa_00-01-17.515	10-ADP|i|12|MD	1
Eupa_00-01-17.515	13-ADP|angående|12|OA	1
Eupa_00-01-17.515	7-SCONJ|att|6|OO	1
Eupa_00-01-17.515	2-AUX|har|0|--	1
Eupa_00-01-17.516	6-ADP|i|5|OA	1
Eupa_00-01-17.516	2-AUX|är|0|--	1
Eupa_00-01-17.517	9-ADP|av|8|MD	1
Eupa_00-01-17.517	7-ADP|vid|2|MD	1
Eupa_00-01-17.517	11-ADP|efter|2|MD	1
Eupa_00-01-17.518	3-ADP|på|2|MD	1
Eupa_00-01-17.518	5-AUX|har|0|-- 1-ADP|Med|5|MD	2
Eupa_00-01-17.518	7-ADP|under|6|MD	1
Eupa_00-01-17.519	10-ADP|med|11|MD	1
Eupa_00-01-17.519	16-ADP|i|14|MD	1
Eupa_00-01-17.519	12-SCONJ|som|11|JF	1
Eupa_00-01-17.519	2-AUX|har|0|--	1
Eupa_00-01-17.520	4-AUX|är|0|-- 1-ADP|I|4|MD	2
Eupa_00-01-17.520	18-DET|den|20|DT	1
Eupa_00-01-17.520	13-ADP|på|12|OO 21-AUX|skulle|13|OO 17-ADP|genom|21|MD	3
Eupa_00-01-17.520	13-ADP|på|12|OO 21-AUX|skulle|13|OO 17-ADP|genom|21|MD 22-AUX|kunna|21|IV	4
Eupa_00-01-17.520	10-ADP|på|8|OA 11-PART|att|10|OO	2
Eupa_00-01-17.520	4-AUX|är|0|-- 1-ADP|I|4|MD 7-PART|att|4|ES	3
Eupa_00-01-17.520	28-ADP|på|27|MD 29-SCONJ|att|28|OO 31-AUX|är|29|OO 32-PART|att|31|SP	4
Eupa_00-01-17.520	4-AUX|är|0|-- 1-ADP|I|4|MD 7-PART|att|4|ES 26-ADP|med|4|MD	4
Eupa_00-01-17.521	17-ADP|av|16|MD	1
Eupa_00-01-17.521	13-ADP|vid|3|MD	1
Eupa_00-01-17.522	16-ADP|av|15|MD	1
Eupa_00-01-17.522	12-ADP|i|6|OA	1
Eupa_00-01-17.522	2-AUX|är|0|-- 5-PART|att|2|ES	2
Eupa_00-01-17.523	12-ADP|till|11|MD	1
Eupa_00-01-17.523	8-PART|att|6|EO	1
Eupa_00-01-17.523	23-ADP|mellan|22|MD	1
Eupa_00-01-17.523	20-AUX|vill|3|conj	1
Eupa_00-01-17.524	8-ADP|från|7|MD	1
Eupa_00-01-17.524	26-ADP|av|25|MD	1
Eupa_00-01-17.524	22-ADP|vid|20|MD	1
Eupa_00-01-17.524	19-SCONJ|som|18|MD	1
Eupa_00-01-17.524	16-SCONJ|att|15|OO	1
Eupa_00-01-17.525	8-ADP|av|7|MD	1
Eupa_00-01-17.525	6-ADP|med|5|MD	1
Eupa_00-01-17.525	4-SCONJ|som|3|MD	1
Eupa_00-01-17.525	2-ADP|av|1|MD	1
Eupa_00-01-17.525	17-ADP|av|16|MD	1
Eupa_00-01-17.525	15-ADP|på|14|MD	1
Eupa_00-01-17.525	11-AUX|har|0|--	1
Eupa_00-01-17.526	8-SCONJ|som|7|MD	1
Eupa_00-01-17.526	6-ADP|till|4|MD	1
Eupa_00-01-17.526	2-AUX|har|0|--	1
Eupa_00-01-17.527	2-AUX|måste|0|--	1
Eupa_00-01-17.528	5-ADP|av|4|MD	1
Eupa_00-01-17.528	3-ADP|med|2|MD	1
Eupa_00-01-17.528	1-ADP|I|7|MD	1
Eupa_00-01-17.528	16-ADP|i|15|MD	1
Eupa_00-01-17.528	13-ADP|om|12|MD	1
Eupa_00-01-17.529	5-ADP|för|4|MD	1
Eupa_00-01-17.529	2-AUX|var|0|--	1
Eupa_00-01-17.530	11-ADP|bakom|9|OA	1
Eupa_00-01-17.530	2-AUX|är|0|--	1
Eupa_00-01-17.532	15-SCONJ|som|14|MD	1
Eupa_00-01-17.532	4-ADP|på|3|MD 5-SCONJ|att|4|OO 10-AUX|har|5|OO	3
Eupa_00-01-17.532	21-AUX|är|0|-- 1-SCONJ|Som|21|SP	2
Eupa_00-01-17.532	25-ADP|från|24|MD	1
Eupa_00-01-17.532	33-ADP|i|32|MD	1
Eupa_00-01-17.532	44-ADP|under|43|MD	1
Eupa_00-01-17.532	47-ADP|för|43|MD	1
Eupa_00-01-17.532	40-ADP|för|39|MD	1
Eupa_00-01-17.532	54-ADP|på|51|OA	1
Eupa_00-01-17.532	37-ADP|av|36|MD 38-SCONJ|att|37|OO 50-AUX|har|38|OO	3
Eupa_00-01-17.532	35-ADP|på|32|MD	1
Eupa_00-01-17.533	3-ADP|till|2|MD	1
Eupa_00-01-17.533	5-AUX|måste|0|-- 1-ADP|Med|5|MD	2
Eupa_00-01-17.533	17-ADP|för|16|MD	1
Eupa_00-01-17.533	5-AUX|måste|0|-- 1-ADP|Med|5|MD 12-SCONJ|innan|5|MD	3
Eupa_00-01-17.533	29-ADP|i|28|RA	1
Eupa_00-01-17.533	52-ADP|i|50|RA	1
Eupa_00-01-17.533	49-PART|att|48|MD	1
Eupa_00-01-17.533	46-ADP|på|45|OA	1
Eupa_00-01-17.533	42-SCONJ|där|36|MD	1
Eupa_00-01-17.533	33-ADP|av|32|MD	1
Eupa_00-01-17.533	31-ADP|i|28|MD	1
Eupa_00-01-17.533	24-SCONJ|att|23|OO	1
Eupa_00-01-17.535	17-ADP|av|16|MD	1
Eupa_00-01-17.535	11-ADP|med|10|MD	1
Eupa_00-01-17.535	6-SCONJ|att|4|OO 19-AUX|är|6|OO 20-PART|att|19|SP	3
Eupa_00-01-17.535	2-AUX|får|0|--	1
Eupa_00-01-17.536	8-ADP|av|7|MD	1
Eupa_00-01-17.536	6-ADP|till|5|OA	1
Eupa_00-01-17.536	14-ADP|av|13|MD	1
Eupa_00-01-17.536	12-ADP|i|5|conj	1
Eupa_00-01-17.536	4-PART|att|3|OO	1
Eupa_00-01-17.536	2-AUX|är|0|--	1
Eupa_00-01-17.537	3-ADP|för|1|MD 4-SCONJ|att|3|OO 6-AUX|är|4|OO 9-ADP|i|6|MD	4
Eupa_00-01-17.538	13-ADP|för|12|MD 14-PART|att|13|OO	2
Eupa_00-01-17.538	4-SCONJ|att|3|OO 6-AUX|är|4|OO	2
Eupa_00-01-17.538	2-AUX|kan|0|--	1
Eupa_00-01-17.539	7-ADP|per|6|MD	1
Eupa_00-01-17.539	9-SCONJ|som|6|MD	1
Eupa_00-01-17.539	5-ADP|av|3|OA	1
Eupa_00-01-17.539	13-AUX|kan|0|-- 1-SCONJ|Om|13|MD	2
Eupa_00-01-17.540	2-ADP|av|1|MD	1
Eupa_00-01-17.540	7-ADP|om|6|OA	1
Eupa_00-01-17.540	4-AUX|har|0|--	1
Eupa_00-01-17.541	23-SCONJ|än|22|JF 24-ADP|i|23|OO	2
Eupa_00-01-17.541	19-SCONJ|där|18|MD 21-AUX|är|19|OO	2
Eupa_00-01-17.541	15-ADP|i|14|MD	1
Eupa_00-01-17.541	10-PART|att|8|OO	1
Eupa_00-01-17.541	7-SCONJ|som|5|MD	1
Eupa_00-01-17.541	2-AUX|borde|0|--	1
Eupa_00-01-17.542	11-ADP|inför|9|MD	1
Eupa_00-01-17.542	6-SCONJ|som|5|MD 8-AUX|har|6|OO	2
Eupa_00-01-17.542	3-ADP|av|2|MD	1
Eupa_00-01-17.542	1-ADP|Av|14|OA	1
Eupa_00-01-17.542	18-ADP|i|17|MD	1
Eupa_00-01-17.542	29-SCONJ|än|28|JF 30-ADP|i|29|OO	2
Eupa_00-01-17.542	16-SCONJ|att|14|ES 25-AUX|är|16|OO	2
Eupa_00-01-17.543	11-ADP|på|10|MD	1
Eupa_00-01-17.543	9-PART|att|2|OO	1
Eupa_00-01-17.544	25-PART|att|10|MD	1
Eupa_00-01-17.544	17-ADP|för|14|MD 18-SCONJ|att|17|OO 21-AUX|skulle|18|OO 22-AUX|vara|21|IV	4
Eupa_00-01-17.544	4-ADP|om|2|OA 5-SCONJ|att|4|OO	2
Eupa_00-01-17.545	5-SCONJ|att|3|OO 7-AUX|kommer|5|OO 8-PART|att|7|IV	3
Eupa_00-01-17.546	10-ADP|med|9|MD	1
Eupa_00-01-17.546	25-ADP|i|24|OA	1
Eupa_00-01-17.546	22-SCONJ|innan|21|MD	1
Eupa_00-01-17.546	19-SCONJ|som|18|MD 20-AUX|har|19|OO	2
Eupa_00-01-17.546	16-ADP|för|15|MD	1
Eupa_00-01-17.546	32-ADP|för|31|MD	1
Eupa_00-01-17.546	28-AUX|skall|6|OO 29-AUX|kunna|28|IV	2
Eupa_00-01-17.546	5-ADP|över|4|OA	1
Eupa_00-01-17.547	7-ADP|med|6|MD	1
Eupa_00-01-17.547	5-ADP|av|4|MD	1
Eupa_00-01-17.548	12-ADP|för|11|MD	1
Eupa_00-01-17.548	14-AUX|har|9|OO	1
Eupa_00-01-17.548	5-SCONJ|att|4|MD 24-AUX|skall|5|OO	2
Eupa_00-01-17.548	30-ADP|för|2|MD 32-AUX|är|30|OO	2
Eupa_00-01-17.549	13-ADP|till|15|MD	1
Eupa_00-01-17.549	10-ADP|på|8|MD	1
Eupa_00-01-17.549	5-SCONJ|att|4|OO	1
Eupa_00-01-17.549	2-AUX|kan|0|--	1
Eupa_00-01-17.550	4-SCONJ|att|2|OO	1
Eupa_00-01-17.551	2-AUX|är|0|-- 6-AUX|vill|2|EF	2
Eupa_00-01-17.552	10-SCONJ|som|9|MD	1
Eupa_00-01-17.552	3-SCONJ|att|2|OO 14-AUX|kommer|3|OO 6-ADP|efter|14|MD	3
Eupa_00-01-17.552	28-ADP|för|27|MD	1
Eupa_00-01-17.552	26-ADP|till|25|MD	1
Eupa_00-01-17.552	18-ADP|på|16|OA 19-PART|att|18|OO	2
Eupa_00-01-17.552	3-SCONJ|att|2|OO 14-AUX|kommer|3|OO 6-ADP|efter|14|MD 15-PART|att|14|IV	4
Eupa_00-01-17.554	12-ADP|för|11|MD	1
Eupa_00-01-17.554	8-ADP|av|7|MD	1
Eupa_00-01-17.554	6-ADP|rörande|5|MD	1
Eupa_00-01-17.554	4-ADP|i|3|MD	1
Eupa_00-01-17.554	31-ADP|ur|30|MD	1
Eupa_00-01-17.554	29-ADP|till|28|MD	1
Eupa_00-01-17.554	23-AUX|måste|20|AN	1
Eupa_00-01-17.555	10-ADP|mellan|6|MD	1
Eupa_00-01-17.555	22-AUX|skall|19|OO	1
Eupa_00-01-17.555	18-ADP|till|17|MD	1
Eupa_00-01-17.555	16-ADP|med|6|MD	1
Eupa_00-01-17.555	3-SCONJ|att|2|OO 5-AUX|måste|3|OO	2
Eupa_00-01-17.556	15-ADP|mellan|14|MD	1
Eupa_00-01-17.556	13-ADP|av|12|MD	1
Eupa_00-01-17.556	10-ADP|för|9|MD	1
Eupa_00-01-17.556	7-ADP|vid|4|OA	1
Eupa_00-01-17.556	3-PART|att|2|IV	1
Eupa_00-01-17.557	5-ADP|av|4|OA	1
Eupa_00-01-17.558	4-ADP|av|3|MD	1
Eupa_00-01-17.558	2-SCONJ|som|1|JF 7-AUX|är|2|OO	2
Eupa_00-01-17.558	21-ADP|av|20|MD	1
Eupa_00-01-17.558	32-ADP|i|31|RA	1
Eupa_00-01-17.558	30-SCONJ|som|29|MD	1
Eupa_00-01-17.558	28-ADP|för|27|MD	1
Eupa_00-01-17.558	26-ADP|av|25|MD	1
Eupa_00-01-17.558	19-ADP|mellan|18|MD	1
Eupa_00-01-17.558	16-ADP|i|13|MD	1
Eupa_00-01-17.558	10-AUX|måste|0|--	1
Eupa_00-01-17.559	4-ADP|för|2|OA	1
Eupa_00-01-17.559	13-ADP|av|12|OA	1
Eupa_00-01-17.559	10-SCONJ|som|9|MD	1
Eupa_00-01-17.559	6-PART|att|2|OO	1
Eupa_00-01-17.560	14-ADP|i|13|MD	1
Eupa_00-01-17.560	9-ADP|av|8|MD	1
Eupa_00-01-17.560	7-ADP|för|6|MD	1
Eupa_00-01-17.560	30-ADP|med|29|MD	1
Eupa_00-01-17.560	27-SCONJ|som|26|MD	1
Eupa_00-01-17.560	21-ADP|av|20|MD	1
Eupa_00-01-17.560	19-ADP|genom|3|MD	1
Eupa_00-01-17.560	2-AUX|har|0|--	1
Eupa_00-01-17.561	10-ADP|för|9|MD	1
Eupa_00-01-17.561	16-ADP|av|15|AG	1
Eupa_00-01-17.561	22-ADP|i|21|MD	1
Eupa_00-01-17.561	20-ADP|vid|15|MD	1
Eupa_00-01-17.561	30-ADP|av|29|AG	1
Eupa_00-01-17.561	35-ADP|i|34|MD	1
Eupa_00-01-17.561	32-ADP|vid|29|MD	1
Eupa_00-01-17.561	8-ADP|med|7|MD	1
Eupa_00-01-17.561	6-ADP|i|5|MD	1
Eupa_00-01-17.561	3-AUX|kommer|0|-- 4-PART|att|3|IV	2
Eupa_00-01-17.562	3-ADP|mellan|2|MD	1
Eupa_00-01-17.562	25-ADP|i|24|MD	1
Eupa_00-01-17.562	20-ADP|i|19|MD	1
Eupa_00-01-17.562	15-PART|att|13|IV	1
Eupa_00-01-17.562	11-AUX|har|0|--	1
Eupa_00-01-17.563	11-SCONJ|som|10|MD	1
Eupa_00-01-17.563	3-AUX|är|0|-- 5-PART|att|3|SP	2
Eupa_00-01-17.564	15-ADP|i|14|MD	1
Eupa_00-01-17.564	28-ADP|inom|26|RA	1
Eupa_00-01-17.564	23-SCONJ|där|22|MD 25-AUX|kan|23|OO	2
Eupa_00-01-17.564	20-ADP|i|19|OA	1
Eupa_00-01-17.564	5-SCONJ|att|4|OO	1
Eupa_00-01-17.564	2-AUX|kommer|0|-- 3-PART|att|2|IV	2
Eupa_00-01-17.565	8-ADP|från|6|OA	1
Eupa_00-01-17.565	34-ADP|i|33|MD	1
Eupa_00-01-17.565	31-ADP|till|30|MD	1
Eupa_00-01-17.565	19-SCONJ|att|17|OO 22-AUX|har|19|OO	2
Eupa_00-01-17.565	15-AUX|bör|0|--	1
Eupa_00-01-17.566	7-ADP|för|6|MD	1
Eupa_00-01-17.566	16-SCONJ|som|15|MD	1
Eupa_00-01-17.566	14-ADP|för|13|MD	1
Eupa_00-01-17.566	22-ADP|till|21|PL	1
Eupa_00-01-17.566	40-ADP|vid|38|MD	1
Eupa_00-01-17.566	37-SCONJ|som|36|MD	1
Eupa_00-01-17.566	52-ADP|hos|51|MD	1
Eupa_00-01-17.566	28-ADP|till|27|OA 29-PART|att|28|OO	2
Eupa_00-01-17.566	26-SCONJ|som|25|MD	1
Eupa_00-01-17.566	2-AUX|har|0|--	1
Eupa_00-01-17.568	8-ADP|med|7|OA	1
Eupa_00-01-17.568	2-AUX|har|0|-- 6-AUX|varit|2|IV	2
Eupa_00-01-17.569	10-ADP|i|9|MD	1
Eupa_00-01-17.569	8-PART|att|6|OO	1
Eupa_00-01-17.569	4-SCONJ|om|2|MD	1
Eupa_00-01-17.569	18-SCONJ|som|17|MD	1
Eupa_00-01-17.569	20-AUX|skulle|2|conj 15-ADP|i|20|MD	2
Eupa_00-01-17.569	20-AUX|skulle|2|conj 15-ADP|i|20|MD 22-AUX|vilja|20|IV	3
Eupa_00-01-17.570	4-SCONJ|som|3|MD 6-AUX|skulle|4|OO 7-AUX|vilja|6|IV	3
Eupa_00-01-17.570	22-ADP|för|21|MD	1
Eupa_00-01-17.570	20-ADP|av|19|MD	1
Eupa_00-01-17.570	18-ADP|i|17|MD	1
Eupa_00-01-17.570	13-SCONJ|som|12|MD	1
Eupa_00-01-17.570	10-AUX|är|0|--	1
Eupa_00-01-17.571	8-ADP|till|7|OA	1
Eupa_00-01-17.571	10-SCONJ|som|7|MD	1
Eupa_00-01-17.571	5-SCONJ|att|4|OO	1
Eupa_00-01-17.571	2-AUX|skulle|0|--	1
Eupa_00-01-17.572	2-AUX|har|0|--	1
Eupa_00-01-17.573	4-ADP|för|2|MD 5-PART|att|4|OO	2
Eupa_00-01-17.574	4-SCONJ|som|3|MD 6-AUX|skulle|4|OO 7-AUX|vilja|6|IV	3
Eupa_00-01-17.574	15-ADP|i|13|MD	1
Eupa_00-01-17.574	19-ADP|i|24|MD	1
Eupa_00-01-17.574	25-ADP|från|24|OA	1
Eupa_00-01-17.574	10-AUX|är|0|-- 11-SCONJ|att|10|SP	2
Eupa_00-01-17.575	6-ADP|för|5|MD	1
Eupa_00-01-17.575	3-ADP|till|2|OA	1
Eupa_00-01-17.575	19-ADP|om|18|MD	1
Eupa_00-01-17.575	26-ADP|i|28|MD	1
Eupa_00-01-17.575	10-AUX|vill|2|parataxis	1
Eupa_00-01-17.576	10-ADP|i|9|MD	1
Eupa_00-01-17.576	2-AUX|kan|0|--	1
Eupa_00-01-17.577	6-ADP|av|5|MD	1
Eupa_00-01-17.577	2-AUX|skulle|0|-- 4-ADP|i|2|MD	2
Eupa_00-01-17.577	14-ADP|om|13|MD	1
Eupa_00-01-17.577	10-SCONJ|att|9|OO	1
Eupa_00-01-17.577	2-AUX|skulle|0|-- 4-ADP|i|2|MD 8-AUX|vilja|2|IV	3
Eupa_00-01-17.578	7-ADP|vid|2|OA	1
Eupa_00-01-17.578	12-AUX|är|2|conj	1
Eupa_00-01-17.579	7-ADP|av|6|MD	1
Eupa_00-01-17.579	5-SCONJ|som|4|MD	1
Eupa_00-01-17.579	9-AUX|har|0|-- 1-ADP|Under|9|MD	2
Eupa_00-01-17.580	5-AUX|kommer|0|-- 7-ADP|i|5|MD	2
Eupa_00-01-17.580	5-AUX|kommer|0|-- 7-ADP|i|5|MD 9-PART|att|5|IV	3
Eupa_00-01-17.581	2-AUX|borde|0|--	1
Eupa_00-01-17.582	11-PART|att|10|MD	1
Eupa_00-01-17.582	26-ADP|på|23|MD	1
Eupa_00-01-17.582	6-AUX|är|0|-- 17-AUX|måste|6|parataxis	2
Eupa_00-01-17.583	4-ADP|i|3|MD	1
Eupa_00-01-17.583	6-AUX|vill|0|-- 1-ADP|Beträffande|6|MD	2
Eupa_00-01-17.583	17-ADP|mellan|16|MD	1
Eupa_00-01-17.583	15-ADP|för|14|MD	1
Eupa_00-01-17.583	24-ADP|i|23|MD	1
Eupa_00-01-17.583	22-SCONJ|som|14|MD	1
Eupa_00-01-17.583	9-ADP|om|8|OA 10-SCONJ|att|9|OO	2
Eupa_00-01-17.584	4-ADP|om|3|OA 5-SCONJ|att|4|OO 8-AUX|kommer|5|OO 9-PART|att|8|IV	4
Eupa_00-01-17.584	2-AUX|är|0|--	1
Eupa_00-01-17.586	10-ADP|till|9|MD	1
Eupa_00-01-17.586	13-AUX|skulle|0|-- 1-ADP|Under|13|MD	2
Eupa_00-01-17.586	13-AUX|skulle|0|-- 1-ADP|Under|13|MD 15-ADP|till|13|MD 16-PART|att|15|OO	4
Eupa_00-01-17.586	13-AUX|skulle|0|-- 1-ADP|Under|13|MD 15-ADP|till|13|MD 16-PART|att|15|OO 19-AUX|vilja|13|IV	5
Eupa_00-01-17.587	3-SCONJ|att|2|OO	1
Eupa_00-01-17.587	25-ADP|från|24|MD	1
Eupa_00-01-17.587	23-ADP|för|22|OA	1
Eupa_00-01-17.587	16-SCONJ|eftersom|14|MD 18-AUX|varit|16|OO	2
Eupa_00-01-17.587	12-SCONJ|att|11|OO	1
Eupa_00-01-17.588	9-ADP|på|13|MD	1
Eupa_00-01-17.588	16-ADP|i|13|OA	1
Eupa_00-01-17.588	6-ADP|över|5|MD 7-SCONJ|att|6|OO	2
Eupa_00-01-17.588	3-ADP|i|2|OA	1
Eupa_00-01-17.588	25-ADP|med|24|MD	1
Eupa_00-01-17.588	38-SCONJ|att|37|OO	1
Eupa_00-01-17.588	36-PART|att|35|OA	1
Eupa_00-01-17.588	32-SCONJ|att|31|MD 34-AUX|är|32|OO	2
Eupa_00-01-17.588	23-SCONJ|eftersom|2|MD 28-AUX|har|23|OO	2
Eupa_00-01-17.589	7-ADP|i|9|MD	1
Eupa_00-01-17.589	14-ADP|för|13|MD	1
Eupa_00-01-17.589	16-ADP|efter|12|MD	1
Eupa_00-01-17.589	28-ADP|av|27|MD	1
Eupa_00-01-17.589	30-ADP|efter|24|MD	1
Eupa_00-01-17.589	4-SCONJ|som|2|OA 5-SCONJ|om|4|OO	2
Eupa_00-01-17.590	14-ADP|för|13|MD	1
Eupa_00-01-17.590	32-ADP|inför|31|OA	1
Eupa_00-01-17.590	29-SCONJ|att|28|MD	1
Eupa_00-01-17.590	18-SCONJ|som|13|MD 20-AUX|får|18|OO 21-AUX|vara|20|IV 25-ADP|av|21|MD	4
Eupa_00-01-17.590	11-ADP|i|9|OA	1
Eupa_00-01-17.590	7-SCONJ|att|6|OO	1
Eupa_00-01-17.590	2-AUX|skulle|0|-- 5-AUX|vilja|2|IV	2
Eupa_00-01-17.591	7-ADP|för|6|MD	1
Eupa_00-01-17.591	14-ADP|för|13|MD	1
Eupa_00-01-17.591	5-ADP|av|4|MD	1
Eupa_00-01-17.592	14-ADP|i|12|MD	1
Eupa_00-01-17.592	5-ADP|för|2|OA 6-PART|att|5|OO	2
Eupa_00-01-17.593	8-AUX|måste|6|MD	1
Eupa_00-01-17.593	26-ADP|för|25|MD	1
Eupa_00-01-17.593	22-ADP|med|20|OA	1
Eupa_00-01-17.593	17-SCONJ|att|15|OO	1
Eupa_00-01-17.593	2-AUX|är|0|-- 13-AUX|kan|2|parataxis	2
Eupa_00-01-17.594	14-ADP|på|10|MD	1
Eupa_00-01-17.594	8-SCONJ|som|6|MD	1
Eupa_00-01-17.594	5-ADP|om|4|OA	1
Eupa_00-01-17.595	9-PART|att|7|OO	1
Eupa_00-01-17.595	5-SCONJ|som|4|MD	1
Eupa_00-01-17.595	2-AUX|är|0|--	1
Eupa_00-01-17.596	4-ADP|av|3|MD	1
Eupa_00-01-17.596	6-AUX|skulle|0|-- 1-ADP|I|6|MD	2
Eupa_00-01-17.596	13-ADP|om|12|MD	1
Eupa_00-01-17.596	6-AUX|skulle|0|-- 1-ADP|I|6|MD 9-AUX|vilja|6|IV	3
Eupa_00-01-17.597	12-ADP|av|11|MD	1
Eupa_00-01-17.597	8-PART|att|5|ES	1
Eupa_00-01-17.597	3-SCONJ|att|2|OO	1
Eupa_00-01-17.598	11-PART|att|10|MD	1
Eupa_00-01-17.598	6-SCONJ|som|5|JF	1
Eupa_00-01-17.598	14-SCONJ|att|5|AN	1
Eupa_00-01-17.598	2-AUX|får|0|--	1
Eupa_00-01-17.599	9-ADP|för|2|OA 10-PART|att|9|OO 11-AUX|vara|10|OO	3
Eupa_00-01-17.599	20-ADP|av|19|MD	1
Eupa_00-01-17.599	13-SCONJ|medan|2|MD 15-AUX|skall|13|OO	2
Eupa_00-01-17.600	3-SCONJ|att|2|OO 5-AUX|måste|3|OO 6-AUX|kunna|5|IV	3
Eupa_00-01-17.601	15-ADP|om|14|MD	1
Eupa_00-01-17.601	13-ADP|för|12|OA	1
Eupa_00-01-17.601	11-PART|att|9|OO	1
Eupa_00-01-17.601	29-ADP|av|28|AG	1
Eupa_00-01-17.601	27-SCONJ|som|26|MD	1
Eupa_00-01-17.601	23-ADP|för|22|OA 24-PART|att|23|OO	2
Eupa_00-01-17.601	3-SCONJ|att|2|OO 6-AUX|måste|3|OO	2
Eupa_00-01-17.603	2-ADP|av|1|MD	1
Eupa_00-01-17.603	10-ADP|i|9|MD	1
Eupa_00-01-17.604	7-AUX|är|0|-- 1-ADP|För|7|MD	2
Eupa_00-01-17.604	18-ADP|i|17|RA	1
Eupa_00-01-17.604	7-AUX|är|0|-- 1-ADP|För|7|MD 13-SCONJ|att|7|SP	3
Eupa_00-01-17.605	5-ADP|till|4|OA 6-PART|att|5|OO	2
Eupa_00-01-17.605	3-AUX|har|0|--	1
Eupa_00-01-17.606	6-SCONJ|som|5|MD 7-AUX|kan|6|OO	2
Eupa_00-01-17.606	3-ADP|med|2|MD	1
Eupa_00-01-17.606	12-ADP|till|11|OA 13-PART|att|12|OO	2
Eupa_00-01-17.607	9-SCONJ|som|8|MD	1
Eupa_00-01-17.607	5-ADP|till|4|OA 6-SCONJ|att|5|OO 11-AUX|skulle|6|OO	3
Eupa_00-01-17.607	2-AUX|skulle|0|--	1
Eupa_00-01-17.608	3-ADP|framför|2|MD	1
Eupa_00-01-17.608	22-ADP|av|21|MD	1
Eupa_00-01-17.608	27-ADP|av|26|MD	1
Eupa_00-01-17.608	29-ADP|på|20|MD	1
Eupa_00-01-17.608	18-SCONJ|som|17|MD 19-AUX|kan|18|OO	2
Eupa_00-01-17.608	16-ADP|till|15|OA	1
Eupa_00-01-17.608	14-PART|att|13|OA	1
Eupa_00-01-17.608	9-SCONJ|som|7|MD 10-AUX|skulle|9|OO	2
Eupa_00-01-17.609	5-PART|att|4|OO	1
Eupa_00-01-17.609	12-ADP|med|9|MD	1
Eupa_00-01-17.610	3-SCONJ|som|2|MD	1
Eupa_00-01-17.610	8-ADP|på|7|MD	1
Eupa_00-01-17.611	11-ADP|för|10|MD	1
Eupa_00-01-17.611	7-ADP|mot|6|MD	1
Eupa_00-01-17.611	5-ADP|på|4|MD	1
Eupa_00-01-17.611	2-AUX|är|0|--	1
Eupa_00-01-17.612	11-ADP|för|10|OA	1
Eupa_00-01-17.612	7-SCONJ|att|6|OO 9-AUX|kan|7|OO	2
Eupa_00-01-17.612	3-AUX|är|0|-- 5-SCONJ|som|3|EF	2
Eupa_00-01-17.614	6-ADP|för|4|OA	1
Eupa_00-01-17.614	3-AUX|vill|0|--	1
Eupa_00-01-17.615	2-SCONJ|än|1|JF	1
Eupa_00-01-17.615	5-AUX|kommer|0|-- 7-ADP|under|5|MD	2
Eupa_00-01-17.615	17-SCONJ|som|16|MD	1
Eupa_00-01-17.615	14-ADP|av|13|MD	1
Eupa_00-01-17.615	5-AUX|kommer|0|-- 7-ADP|under|5|MD 12-ADP|på|5|MD	3
Eupa_00-01-17.615	38-ADP|på|37|MD	1
Eupa_00-01-17.615	33-ADP|för|32|MD 34-SCONJ|att|33|OO	2
Eupa_00-01-17.615	5-AUX|kommer|0|-- 7-ADP|under|5|MD 12-ADP|på|5|MD 23-PART|att|5|IV	4
Eupa_00-01-17.616	4-AUX|måste|0|-- 1-ADP|I|4|MD	2
Eupa_00-01-17.616	6-SCONJ|som|5|MD	1
Eupa_00-01-17.616	14-ADP|på|17|MD	1
Eupa_00-01-17.616	29-SCONJ|som|28|MD 30-AUX|är|29|OO	2
Eupa_00-01-17.617	1-ADP|För|5|MD 2-PART|att|1|OO	2
Eupa_00-01-17.617	9-SCONJ|som|8|MD 16-AUX|är|9|OO 11-ADP|utöver|16|MD	3
Eupa_00-01-17.617	18-ADP|i|17|MD	1
Eupa_00-01-17.618	2-ADP|till|1|MD	1
Eupa_00-01-17.618	4-AUX|har|0|-- 5-ADP|under|4|MD	2
Eupa_00-01-17.618	14-PART|att|13|ES	1
Eupa_00-01-17.618	20-ADP|på|9|MD 18-ADP|framför|20|MD	2
Eupa_00-01-17.618	39-ADP|på|38|MD	1
Eupa_00-01-17.618	33-ADP|från|32|MD	1
Eupa_00-01-17.618	22-ADP|av|21|MD	1
Eupa_00-01-17.619	2-AUX|är|0|-- 4-ADP|i|2|MD	2
Eupa_00-01-17.619	2-AUX|är|0|-- 4-ADP|i|2|MD 10-AUX|vill|2|EF	3
Eupa_00-01-17.619	16-ADP|för|19|MD	1
Eupa_00-01-17.619	22-ADP|på|25|MD	1
Eupa_00-01-17.619	40-ADP|i|39|OA	1
Eupa_00-01-17.619	30-PART|att|29|MD	1
Eupa_00-01-17.619	27-SCONJ|som|25|MD	1
Eupa_00-01-17.619	44-ADP|för|25|MD 45-PART|att|44|OO	2
Eupa_00-01-17.619	21-SCONJ|att|19|ES	1
Eupa_00-01-17.620	4-AUX|måste|0|-- 1-ADP|För|4|MD	2
Eupa_00-01-17.620	31-ADP|till|30|MD	1
Eupa_00-01-17.620	36-ADP|framför|44|MD	1
Eupa_00-01-17.620	35-SCONJ|som|34|MD	1
Eupa_00-01-17.620	27-SCONJ|att|26|MD	1
Eupa_00-01-17.620	24-ADP|till|22|OA	1
Eupa_00-01-17.620	4-AUX|måste|0|-- 1-ADP|För|4|MD 14-SCONJ|eftersom|4|MD	3
Eupa_00-01-17.622	12-ADP|i|16|MD	1
Eupa_00-01-17.622	24-ADP|framför|26|MD	1
Eupa_00-01-17.622	27-ADP|mot|26|MD	1
Eupa_00-01-17.622	19-ADP|åt|16|OA	1
Eupa_00-01-17.622	5-SCONJ|att|4|OO 7-AUX|är|5|OO 10-SCONJ|att|7|ES	3
Eupa_00-01-17.624	3-ADP|med|2|MD	1
Eupa_00-01-17.624	1-ADP|I|8|MD	1
Eupa_00-01-17.624	18-ADP|i|16|RA	1
Eupa_00-01-17.624	25-ADP|i|24|MD	1
Eupa_00-01-17.624	28-ADP|om|21|MD	1
Eupa_00-01-17.624	10-SCONJ|att|8|OO 12-AUX|är|10|OO 15-PART|att|12|ES	3
Eupa_00-01-17.624	55-ADP|i|57|MD	1
Eupa_00-01-17.624	58-ADP|från|57|MD	1
Eupa_00-01-17.624	54-ADP|av|52|OA	1
Eupa_00-01-17.624	50-SCONJ|som|45|MD	1
Eupa_00-01-17.624	43-ADP|av|42|MD	1
Eupa_00-01-17.624	37-ADP|av|36|MD 38-SCONJ|att|37|OO	2
Eupa_00-01-17.624	10-SCONJ|att|8|OO 12-AUX|är|10|OO 15-PART|att|12|ES 35-ADP|på|12|MD	4
Eupa_00-01-17.625	6-ADP|i|5|RA	1
Eupa_00-01-17.625	8-ADP|i|5|MD	1
Eupa_00-01-17.625	4-SCONJ|som|3|MD	1
Eupa_00-01-17.625	25-AUX|kan|23|OO 16-SCONJ|om|25|MD 19-AUX|är|16|OO	3
Eupa_00-01-17.625	46-ADP|av|44|OA	1
Eupa_00-01-17.625	42-SCONJ|som|41|MD	1
Eupa_00-01-17.625	39-ADP|för|38|OA	1
Eupa_00-01-17.625	35-SCONJ|som|34|MD	1
Eupa_00-01-17.625	31-SCONJ|som|30|MD	1
Eupa_00-01-17.625	14-ADP|på|13|MD	1
Eupa_00-01-17.625	10-AUX|är|0|--	1
Eupa_00-01-17.626	2-ADP|i|1|MD	1
Eupa_00-01-17.626	11-SCONJ|som|20|MD	1
Eupa_00-01-17.627	17-ADP|till|14|MD	1
Eupa_00-01-17.627	4-ADP|till|3|MD	1
Eupa_00-01-17.627	26-ADP|från|23|MD	1
Eupa_00-01-17.627	2-AUX|är|0|-- 21-ADP|för|2|DF 22-PART|att|21|OO	3
Eupa_00-01-17.628	6-AUX|har|4|OO	1
Eupa_00-01-17.629	4-AUX|vill|0|-- 1-ADP|För|4|MD	2
Eupa_00-01-17.629	13-ADP|på|12|MD	1
Eupa_00-01-17.629	8-SCONJ|att|6|OO	1
Eupa_00-01-17.630	10-ADP|i|9|MD	1
Eupa_00-01-17.630	8-ADP|för|7|MD	1
Eupa_00-01-17.630	6-ADP|av|5|MD	1
Eupa_00-01-17.630	4-ADP|i|2|MD	1
Eupa_00-01-17.630	14-SCONJ|att|2|OO	1
Eupa_00-01-17.631	16-SCONJ|som|15|MD	1
Eupa_00-01-17.631	27-ADP|av|26|MD	1
Eupa_00-01-17.631	25-SCONJ|där|24|MD	1
Eupa_00-01-17.631	23-ADP|under|15|MD	1
Eupa_00-01-17.631	11-ADP|av|10|MD 13-SCONJ|som|11|OO 14-AUX|är|13|OO	3
Eupa_00-01-17.631	9-ADP|med|8|OA	1
Eupa_00-01-17.631	7-PART|att|5|OO	1
Eupa_00-01-17.632	24-ADP|av|23|MD	1
Eupa_00-01-17.632	22-ADP|vid|19|MD	1
Eupa_00-01-17.632	17-AUX|kommer|16|OO 18-PART|att|17|IV	2
Eupa_00-01-17.632	11-ADP|inom|10|MD	1
Eupa_00-01-17.632	7-SCONJ|att|6|OO	1
Eupa_00-01-17.632	2-AUX|får|0|--	1
Eupa_00-01-17.633	3-ADP|igenom|10|MD	1
Eupa_00-01-17.633	15-PART|att|14|MD	1
Eupa_00-01-17.633	25-AUX|vara|23|IV	1
Eupa_00-01-17.633	20-SCONJ|om|10|MD	1
Eupa_00-01-17.634	1-ADP|I|4|MD	1
Eupa_00-01-17.634	15-ADP|för|14|MD	1
Eupa_00-01-17.634	13-ADP|om|12|MD	1
Eupa_00-01-17.634	34-SCONJ|som|33|MD 37-AUX|får|34|OO	2
Eupa_00-01-17.634	31-ADP|mot|30|MD	1
Eupa_00-01-17.634	22-SCONJ|att|21|MD 26-AUX|kan|22|OO	2
Eupa_00-01-17.634	59-ADP|på|56|MD	1
Eupa_00-01-17.634	54-SCONJ|att|53|OO	1
Eupa_00-01-17.634	52-SCONJ|som|51|MD	1
Eupa_00-01-17.634	43-SCONJ|att|42|MD 46-AUX|kan|43|OO	2
Eupa_00-01-17.634	7-ADP|till|4|OA 8-SCONJ|att|7|OO 10-AUX|skall|8|OO	3
Eupa_00-01-17.635	17-ADP|av|16|MD	1
Eupa_00-01-17.635	15-ADP|vid|14|MD	1
Eupa_00-01-17.635	13-SCONJ|som|12|MD	1
Eupa_00-01-17.636	7-ADP|från|6|MD	1
Eupa_00-01-17.636	22-ADP|av|21|MD	1
Eupa_00-01-17.636	20-ADP|vid|16|MD	1
Eupa_00-01-17.636	14-AUX|kommer|13|OO 15-PART|att|14|IV	2
Eupa_00-01-17.636	2-AUX|bör|0|--	1
Eupa_00-01-17.637	20-PART|att|19|MD	1
Eupa_00-01-17.637	18-AUX|är|17|OO	1
Eupa_00-01-17.637	9-ADP|för|8|MD 10-PART|att|9|OO 11-AUX|vara|10|OO	3
Eupa_00-01-17.637	2-AUX|måste|0|-- 7-ADP|i|2|MD	2
Eupa_00-01-17.637	2-AUX|måste|0|-- 7-ADP|i|2|MD 27-SCONJ|eftersom|2|MD	3
Eupa_00-01-17.638	4-AUX|kommer|0|-- 1-ADP|På|4|MD	2
Eupa_00-01-17.638	9-ADP|av|8|MD	1
Eupa_00-01-17.638	15-ADP|av|14|MD	1
Eupa_00-01-17.638	13-ADP|med|12|MD	1
Eupa_00-01-17.638	4-AUX|kommer|0|-- 1-ADP|På|4|MD 11-ADP|i|4|MD	3
Eupa_00-01-17.638	4-AUX|kommer|0|-- 1-ADP|På|4|MD 11-ADP|i|4|MD 18-PART|att|4|IV	4
Eupa_00-01-17.639	12-ADP|av|11|MD	1
Eupa_00-01-17.639	10-ADP|på|9|OA	1
Eupa_00-01-17.639	2-AUX|kommer|0|-- 4-PART|att|2|IV	2
Eupa_00-01-17.640	4-ADP|av|3|MD	1
Eupa_00-01-17.640	7-ADP|av|6|AG	1
Eupa_00-01-17.640	1-SCONJ|Om|11|MD	1
Eupa_00-01-17.640	30-SCONJ|som|29|MD	1
Eupa_00-01-17.640	23-SCONJ|då|21|MD 25-AUX|kan|23|OO	2
Eupa_00-01-17.640	37-ADP|på|42|MD	1
Eupa_00-01-17.640	48-ADP|i|47|MD	1
Eupa_00-01-17.640	44-ADP|i|43|MD	1
Eupa_00-01-17.640	51-PART|att|42|IV	1
Eupa_00-01-17.640	58-ADP|genom|42|MD 59-PART|att|58|OO	2
Eupa_00-01-17.640	23-SCONJ|då|21|MD 25-AUX|kan|23|OO 36-SCONJ|att|23|AN	3
Eupa_00-01-17.640	19-ADP|till|17|MD	1
Eupa_00-01-17.640	13-SCONJ|att|11|OO 15-AUX|kommer|13|OO 16-PART|att|15|IV	3
Eupa_00-01-17.641	4-PART|att|2|IV	1
Eupa_00-01-17.643	10-ADP|för|8|MD	1
Eupa_00-01-17.643	3-AUX|skulle|0|-- 4-AUX|vilja|3|IV	2
Eupa_00-01-17.644	20-ADP|för|19|MD	1
Eupa_00-01-17.644	16-ADP|för|15|MD 17-PART|att|16|OO	2
Eupa_00-01-17.644	5-ADP|om|4|MD 6-SCONJ|att|5|OO 12-AUX|är|6|OO	3
Eupa_00-01-17.645	4-SCONJ|som|3|MD	1
Eupa_00-01-17.645	1-ADP|Trots|6|MD	1
Eupa_00-01-17.645	11-ADP|i|13|MD	1
Eupa_00-01-17.645	21-SCONJ|än|20|JF 23-AUX|kan|21|OO	2
Eupa_00-01-17.645	17-AUX|är|6|conj	1
Eupa_00-01-17.646	8-ADP|i|7|MD	1
Eupa_00-01-17.646	12-AUX|är|0|-- 1-ADP|För|12|MD 2-SCONJ|att|1|OO 6-AUX|skall|2|OO	4
Eupa_00-01-17.646	12-AUX|är|0|-- 1-ADP|För|12|MD 2-SCONJ|att|1|OO 6-AUX|skall|2|OO 15-SCONJ|att|12|ES	5
Eupa_00-01-17.647	12-AUX|är|10|OO	1
Eupa_00-01-17.647	26-ADP|av|24|OA	1
Eupa_00-01-17.647	23-SCONJ|som|21|MD	1
Eupa_00-01-17.647	18-ADP|för|16|OA	1
Eupa_00-01-17.647	5-SCONJ|att|4|OO 15-AUX|är|5|OO	2
Eupa_00-01-17.647	2-AUX|får|0|--	1
Eupa_00-01-17.648	5-SCONJ|att|4|OO 8-AUX|måste|5|OO	2
Eupa_00-01-17.648	2-AUX|får|0|--	1
Eupa_00-01-17.649	6-SCONJ|att|5|OO 11-AUX|måste|6|OO 8-ADP|i|11|MD	3
Eupa_00-01-17.649	20-ADP|till|19|MD	1
Eupa_00-01-17.649	47-SCONJ|som|46|MD	1
Eupa_00-01-17.649	43-ADP|i|41|RA	1
Eupa_00-01-17.649	40-AUX|har|37|OO	1
Eupa_00-01-17.649	35-SCONJ|som|33|MD	1
Eupa_00-01-17.649	26-AUX|kan|19|conj	1
Eupa_00-01-17.649	17-SCONJ|att|16|MD	1
Eupa_00-01-17.649	2-AUX|skulle|0|-- 4-AUX|vilja|2|IV	2
Eupa_00-01-17.651	4-ADP|utan|3|MD	1
Eupa_00-01-17.651	13-AUX|vill|3|conj	1
Eupa_00-01-17.652	4-SCONJ|att|2|OO 6-AUX|borde|4|OO	2
Eupa_00-01-17.653	10-ADP|ifrån|14|MD 11-PART|att|10|OO	2
Eupa_00-01-17.653	16-ADP|genom|14|MD	1
Eupa_00-01-17.653	5-SCONJ|att|4|OO	1
Eupa_00-01-17.653	2-AUX|kan|0|--	1
Eupa_00-01-17.654	9-SCONJ|som|8|MD	1
Eupa_00-01-17.654	6-ADP|av|4|AG	1
Eupa_00-01-17.654	17-ADP|på|16|MD	1
Eupa_00-01-17.654	15-ADP|för|14|MD	1
Eupa_00-01-17.654	26-ADP|i|4|RA 24-ADP|framför|26|MD	2
Eupa_00-01-17.655	6-ADP|inom|4|RA	1
Eupa_00-01-17.656	5-ADP|i|4|MD	1
Eupa_00-01-17.656	10-AUX|skall|0|-- 1-SCONJ|Om|10|MD	2
Eupa_00-01-17.656	20-ADP|under|18|MD	1
Eupa_00-01-17.656	13-SCONJ|att|12|OO 17-AUX|har|13|OO	2
Eupa_00-01-17.657	4-PART|inte|5|MD	1
Eupa_00-01-17.657	17-ADP|om|16|MD	1
Eupa_00-01-17.657	15-ADP|i|14|MD	1
Eupa_00-01-17.657	26-ADP|till|25|OA	1
Eupa_00-01-17.657	13-SCONJ|där|11|MD	1
Eupa_00-01-17.657	9-ADP|i|8|MD	1
Eupa_00-01-17.658	2-ADP|för|1|MD	1
Eupa_00-01-17.658	6-ADP|av|4|AG	1
Eupa_00-01-17.658	16-ADP|över|18|OA	1
Eupa_00-01-17.659	3-ADP|av|2|MD	1
Eupa_00-01-17.659	10-SCONJ|som|6|MD	1
Eupa_00-01-17.660	20-ADP|genom|19|MD 21-SCONJ|att|20|OO	2
Eupa_00-01-17.660	15-ADP|på|14|OA 16-SCONJ|att|15|OO 18-AUX|kan|16|OO	3
Eupa_00-01-17.660	13-SCONJ|som|12|MD	1
Eupa_00-01-17.662	13-SCONJ|som|11|MD	1
Eupa_00-01-17.662	7-ADP|för|3|MD 8-PART|att|7|OO	2
Eupa_00-01-17.663	13-ADP|vid|12|OA	1
Eupa_00-01-17.663	9-SCONJ|som|8|MD	1
Eupa_00-01-17.663	3-AUX|är|0|--	1
Eupa_00-01-17.664	13-ADP|av|12|MD	1
Eupa_00-01-17.664	11-ADP|för|10|MD	1
Eupa_00-01-17.664	7-ADP|om|6|MD 8-SCONJ|att|7|OO	2
Eupa_00-01-17.664	5-ADP|över|2|MD	1
Eupa_00-01-17.665	12-SCONJ|som|6|OA	1
Eupa_00-01-17.665	5-PART|att|4|OO	1
Eupa_00-01-17.665	2-AUX|kommer|0|-- 3-PART|att|2|IV	2
Eupa_00-01-17.666	1-ADP|För|4|DF	1
Eupa_00-01-17.666	17-ADP|angående|13|OO 14-ADP|från|17|MD	2
Eupa_00-01-17.666	12-AUX|har|9|MD	1
Eupa_00-01-17.666	7-ADP|om|4|OA	1
Eupa_00-01-17.666	26-ADP|i|25|MD	1
Eupa_00-01-17.666	22-AUX|vill|4|conj	1
Eupa_00-01-17.667	2-AUX|skulle|0|-- 3-ADP|i|2|MD	2
Eupa_00-01-17.667	13-ADP|i|12|MD	1
Eupa_00-01-17.667	11-ADP|av|10|MD	1
Eupa_00-01-17.667	9-ADP|i|8|MD	1
Eupa_00-01-17.667	18-SCONJ|som|6|MD 19-ADP|beträffande|18|OO	2
Eupa_00-01-17.667	2-AUX|skulle|0|-- 3-ADP|i|2|MD 5-AUX|vilja|2|IV	3
Eupa_00-01-17.668	20-ADP|om|19|MD	1
Eupa_00-01-17.668	25-SCONJ|som|19|MD 27-AUX|har|25|OO	2
Eupa_00-01-17.668	16-ADP|till|15|MD 17-SCONJ|att|16|OO 32-AUX|är|17|OO	3
Eupa_00-01-17.668	14-ADP|för|13|OA	1
Eupa_00-01-17.668	9-ADP|om|8|OA 11-AUX|skulle|9|OO 12-AUX|kunna|11|IV	3
Eupa_00-01-17.668	7-PART|att|6|MD	1
Eupa_00-01-17.668	4-ADP|på|3|OA	1
Eupa_00-01-17.668	2-AUX|vill|0|--	1
Eupa_00-01-17.670	15-ADP|från|14|MD	1
Eupa_00-01-17.670	18-ADP|i|12|MD	1
Eupa_00-01-17.670	11-PART|att|10|MD	1
Eupa_00-01-17.670	8-ADP|för|4|MD	1
Eupa_00-01-17.670	2-AUX|vill|0|--	1
Eupa_00-01-17.672	3-ADP|av|2|MD	1
Eupa_00-01-17.672	5-AUX|skall|0|-- 1-ADP|Med|5|MD	2
Eupa_00-01-17.672	16-ADP|för|15|MD	1
Eupa_00-01-17.672	14-ADP|inom|12|MD	1
Eupa_00-01-17.672	10-ADP|i|9|MD 11-PART|att|10|OO	2
Eupa_00-01-17.673	9-ADP|på|8|MD 10-PART|att|9|OO 11-AUX|vilja|10|OO	3
Eupa_00-01-17.673	7-ADP|tvärtemot|2|MD	1
Eupa_00-01-17.673	23-ADP|inom|22|MD	1
Eupa_00-01-17.673	20-ADP|över|19|MD	1
Eupa_00-01-17.673	17-ADP|i|2|OA	1
Eupa_00-01-17.674	11-ADP|på|10|OA 13-SCONJ|som|11|OO 14-AUX|bör|13|OO	3
Eupa_00-01-17.674	2-AUX|är|0|-- 6-PART|att|2|SP	2
Eupa_00-01-17.675	15-ADP|till|14|MD	1
Eupa_00-01-17.675	21-ADP|av|20|MD	1
Eupa_00-01-17.675	6-ADP|om|5|MD 7-SCONJ|att|6|OO	2
Eupa_00-01-17.675	39-ADP|för|38|MD	1
Eupa_00-01-17.675	54-ADP|för|53|MD	1
Eupa_00-01-17.675	52-ADP|inklusive|51|MD	1
Eupa_00-01-17.675	49-ADP|för|48|MD	1
Eupa_00-01-17.675	61-ADP|för|60|MD	1
Eupa_00-01-17.675	63-ADP|inklusive|60|MD	1
Eupa_00-01-17.675	68-ADP|på|67|MD	1
Eupa_00-01-17.675	66-SCONJ|liksom|35|JF	1
Eupa_00-01-17.675	33-ADP|till|32|OA 34-PART|att|33|OO	2
Eupa_00-01-17.675	29-SCONJ|som|28|MD 30-SCONJ|att|29|OO	2
Eupa_00-01-17.675	26-AUX|vill|2|conj	1
Eupa_00-01-17.676	9-ADP|från|8|MD	1
Eupa_00-01-17.676	12-ADP|under|8|MD	1
Eupa_00-01-17.676	23-ADP|i|26|MD	1
Eupa_00-01-17.676	31-ADP|av|30|MD	1
Eupa_00-01-17.676	27-ADP|i|26|MD	1
Eupa_00-01-17.676	19-SCONJ|att|18|OO	1
Eupa_00-01-17.676	17-AUX|skall|16|OO	1
Eupa_00-01-17.676	6-ADP|åt|5|OA	1
Eupa_00-01-17.676	3-AUX|vill|0|--	1
Eupa_00-01-17.677	14-ADP|på|13|MD	1
Eupa_00-01-17.677	7-SCONJ|om|6|OO 17-AUX|ville|7|OO 12-ADP|med|17|MD	3
Eupa_00-01-17.677	22-ADP|i|18|MD	1
Eupa_00-01-17.677	5-AUX|skulle|0|--	1
Eupa_00-01-17.679	3-ADP|för|2|MD	1
Eupa_00-01-17.679	7-AUX|var|0|-- 1-ADP|I|7|MD	2
Eupa_00-01-17.679	30-ADP|bland|29|MD	1
Eupa_00-01-17.679	26-ADP|för|25|MD	1
Eupa_00-01-17.679	12-ADP|på|11|MD 13-SCONJ|att|12|OO 19-AUX|var|13|OO 20-PART|att|19|SP	4
Eupa_00-01-17.679	10-ADP|om|9|MD	1
Eupa_00-01-17.680	7-ADP|i|6|MD	1
Eupa_00-01-17.680	35-ADP|på|39|MD	1
Eupa_00-01-17.680	56-ADP|i|55|MD	1
Eupa_00-01-17.680	51-ADP|från|49|OA	1
Eupa_00-01-17.680	48-SCONJ|som|47|MD	1
Eupa_00-01-17.680	44-PART|att|39|IV	1
Eupa_00-01-17.680	31-ADP|på|17|MD	1
Eupa_00-01-17.680	27-ADP|i|26|MD	1
Eupa_00-01-17.680	20-SCONJ|som|19|MD 23-AUX|kommer|20|OO 24-PART|att|23|IV 25-AUX|få|24|OO	4
Eupa_00-01-17.680	2-AUX|har|0|-- 12-ADP|trots|2|MD 13-SCONJ|att|12|OO	3
Eupa_00-01-17.681	5-PART|att|3|IV	1
Eupa_00-01-17.682	6-ADP|i|5|MD	1
Eupa_00-01-17.682	4-PART|att|2|IV	1
Eupa_00-01-17.682	15-ADP|av|14|MD	1
Eupa_00-01-17.682	12-AUX|får|2|conj	1
Eupa_00-01-17.682	22-AUX|är|2|conj 25-SCONJ|som|22|EF	2
Eupa_00-01-17.682	30-ADP|i|29|MD	1
Eupa_00-01-17.682	34-ADP|beträffande|29|MD	1
Eupa_00-01-17.683	8-ADP|för|7|MD	1
Eupa_00-01-17.683	6-ADP|från|5|MD	1
Eupa_00-01-17.683	23-ADP|för|22|MD	1
Eupa_00-01-17.683	18-AUX|är|4|conj	1
Eupa_00-01-17.684	10-ADP|av|9|MD	1
Eupa_00-01-17.684	6-ADP|med|5|MD	1
Eupa_00-01-17.684	4-ADP|i|3|MD	1
Eupa_00-01-17.684	2-AUX|var|0|--	1
Eupa_00-01-17.686	2-AUX|måste|0|-- 3-ADP|på|2|MD	2
Eupa_00-01-17.686	12-ADP|under|10|MD	1
Eupa_00-01-17.686	32-ADP|bland|28|MD 30-ADP|i|32|MD	2
Eupa_00-01-17.686	19-SCONJ|att|18|MD 22-AUX|kan|19|OO	2
Eupa_00-01-17.686	44-ADP|mellan|43|MD	1
Eupa_00-01-17.686	39-SCONJ|att|38|MD 41-AUX|kan|39|OO	2
Eupa_00-01-17.686	2-AUX|måste|0|-- 3-ADP|på|2|MD 7-AUX|kunna|2|IV	3
Eupa_00-01-17.687	8-ADP|med|6|OO	1
Eupa_00-01-17.687	2-AUX|är|0|-- 5-PART|att|2|ES	2
Eupa_00-01-17.687	53-ADP|i|51|MD	1
Eupa_00-01-17.687	50-ADP|med|49|MD	1
Eupa_00-01-17.687	48-ADP|i|47|MD	1
Eupa_00-01-17.688	2-AUX|måste|0|--	1
Eupa_00-01-17.691	11-SCONJ|som|9|MD 13-AUX|var|11|OO	2
Eupa_00-01-17.691	24-ADP|från|23|MD	1
Eupa_00-01-17.691	22-ADP|med|21|MD	1
Eupa_00-01-17.691	19-ADP|i|17|MD	1
Eupa_00-01-17.691	8-ADP|till|7|MD	1
Eupa_00-01-17.691	2-AUX|var|0|-- 5-SCONJ|att|2|ES	2
Eupa_00-01-17.693	8-AUX|skall|2|DF	1
Eupa_00-01-17.693	21-AUX|må|15|OO	1
Eupa_00-01-17.693	24-SCONJ|eftersom|34|MD 26-AUX|är|24|OO 28-SCONJ|som|26|EF	3
Eupa_00-01-17.693	36-ADP|för|34|MD	1
Eupa_00-01-17.693	43-ADP|vid|42|MD	1
Eupa_00-01-17.693	40-SCONJ|att|34|OO	1
Eupa_00-01-17.693	51-ADP|för|50|MD	1
Eupa_00-01-17.693	66-ADP|för|65|MD	1
Eupa_00-01-17.693	56-AUX|är|34|conj 59-SCONJ|som|56|EF 61-AUX|skall|59|OO	3
Eupa_00-01-17.695	3-ADP|med|2|MD	1
Eupa_00-01-17.695	16-PART|att|12|ES	1
Eupa_00-01-17.695	8-SCONJ|om|26|MD	1
Eupa_00-01-17.695	32-ADP|av|31|MD	1
Eupa_00-01-17.695	42-SCONJ|som|41|JF	1
Eupa_00-01-17.695	63-ADP|av|62|MD	1
Eupa_00-01-17.695	67-ADP|med|65|MD	1
Eupa_00-01-17.695	61-SCONJ|som|59|MD	1
Eupa_00-01-17.695	54-ADP|av|53|MD	1
Eupa_00-01-17.695	49-ADP|för|37|MD 50-PART|att|49|OO	2
Eupa_00-01-17.695	34-SCONJ|att|28|OO	1
Eupa_00-01-17.695	5-ADP|om|2|OA 6-SCONJ|att|5|OO	2
Eupa_00-01-17.697	7-ADP|om|10|MD	1
Eupa_00-01-17.697	11-ADP|till|10|OA	1
Eupa_00-01-17.697	26-SCONJ|som|25|MD 41-AUX|har|26|OO	2
Eupa_00-01-17.697	16-SCONJ|innan|10|MD	1
Eupa_00-01-17.697	6-SCONJ|att|5|OO	1
Eupa_00-01-17.697	2-AUX|skulle|0|-- 4-AUX|ha|2|IV	2
Eupa_00-01-17.698	45-ADP|inom|39|MD	1
Eupa_00-01-17.698	38-ADP|av|35|MD	1
Eupa_00-01-17.698	34-ADP|för|33|MD	1
Eupa_00-01-17.698	51-ADP|med|50|MD	1
Eupa_00-01-17.698	48-SCONJ|liksom|31|MD	1
Eupa_00-01-17.698	29-ADP|med|23|MD 30-PART|att|29|OO	2
Eupa_00-01-17.698	22-PART|att|21|MD	1
Eupa_00-01-17.698	20-ADP|till|19|OA	1
Eupa_00-01-17.698	15-ADP|om|8|OA 16-SCONJ|att|15|OO	2
Eupa_00-01-17.699	14-ADP|från|13|MD 15-PART|att|14|OO	2
Eupa_00-01-17.699	11-ADP|av|10|MD	1
Eupa_00-01-17.699	9-ADP|med|5|MD	1
Eupa_00-01-17.699	3-ADP|om|2|OA 4-PART|att|3|OO	2
Eupa_00-01-17.699	26-ADP|genom|25|MD	1
Eupa_00-01-17.699	24-ADP|till|23|OA	1
Eupa_00-01-17.699	20-SCONJ|som|19|JF	1
Eupa_00-01-17.700	20-ADP|av|19|MD	1
Eupa_00-01-17.700	29-ADP|vid|32|MD	1
Eupa_00-01-17.700	46-ADP|av|45|MD	1
Eupa_00-01-17.700	40-ADP|till|39|OA	1
Eupa_00-01-17.700	37-AUX|är|35|OO 38-PART|att|37|SP	2
Eupa_00-01-17.700	28-SCONJ|att|23|OO	1
Eupa_00-01-17.700	10-ADP|till|9|OA	1
Eupa_00-01-17.700	3-AUX|är|0|-- 5-SCONJ|att|3|SP 8-AUX|skall|5|OO	3
Eupa_00-01-17.701	5-ADP|om|4|MD	1
Eupa_00-01-17.701	11-ADP|på|8|OA	1
Eupa_00-01-17.703	9-ADP|om|8|MD	1
Eupa_00-01-17.703	15-ADP|till|14|MD	1
Eupa_00-01-17.704	4-ADP|med|3|MD	1
Eupa_00-01-17.705	8-SCONJ|som|5|MD	1
Eupa_00-01-17.705	34-ADP|av|32|MD	1
Eupa_00-01-17.705	22-SCONJ|som|21|MD	1
Eupa_00-01-17.705	18-ADP|om|5|OA	1
Eupa_00-01-17.706	7-ADP|för|6|MD	1
Eupa_00-01-17.706	11-ADP|för|6|MD 12-SCONJ|att|11|OO 13-ADP|inom|12|OO	3
Eupa_00-01-17.707	2-ADP|för|1|MD	1
Eupa_00-01-17.708	4-ADP|av|3|MD	1
Eupa_00-01-17.708	12-AUX|vara|11|IV	1
Eupa_00-01-17.708	10-SCONJ|som|9|MD	1
Eupa_00-01-17.708	14-AUX|skall|0|-- 2-SCONJ|eftersom|14|MD	2
Eupa_00-01-17.708	29-SCONJ|att|28|MD	1
Eupa_00-01-17.708	26-ADP|av|25|OA	1
Eupa_00-01-17.708	24-SCONJ|som|23|MD	1
Eupa_00-01-17.708	20-ADP|i|19|MD	1
Eupa_00-01-17.708	50-SCONJ|som|49|MD	1
Eupa_00-01-17.709	2-AUX|kan|0|-- 4-ADP|i|2|MD	2
Eupa_00-01-17.709	15-ADP|till|13|OA	1
Eupa_00-01-17.709	12-SCONJ|som|9|MD	1
Eupa_00-01-17.709	8-ADP|till|7|OA	1
Eupa_00-01-17.709	28-ADP|av|25|MD	1
Eupa_00-01-17.709	24-ADP|i|23|MD	1
Eupa_00-01-17.709	22-ADP|till|21|OA	1
Eupa_00-01-17.709	46-ADP|av|45|MD	1
Eupa_00-01-17.709	44-SCONJ|som|43|MD	1
Eupa_00-01-17.709	39-ADP|för|38|MD 40-PART|att|39|OO	2
Eupa_00-01-17.709	17-SCONJ|att|7|OO 33-AUX|har|17|OO	2
Eupa_00-01-17.710	10-ADP|från|9|MD	1
Eupa_00-01-17.711	2-AUX|måste|0|--	1
Eupa_00-01-17.712	9-ADP|för|8|MD	1
Eupa_00-01-17.712	7-ADP|med|6|MD	1
Eupa_00-01-17.712	4-ADP|i|2|OA	1
Eupa_00-01-17.712	19-ADP|inom|18|MD	1
Eupa_00-01-17.712	25-DET|några|26|DT	1
Eupa_00-01-17.712	45-ADP|från|44|MD	1
Eupa_00-01-17.712	34-ADP|i|33|MD	1
Eupa_00-01-17.712	32-SCONJ|som|31|MD	1
Eupa_00-01-17.712	27-ADP|för|23|MD 28-PART|att|27|OO	2
Eupa_00-01-17.712	21-SCONJ|att|18|OO	1
Eupa_00-01-17.712	58-ADP|för|57|MD	1
Eupa_00-01-17.712	53-ADP|för|52|OA 54-SCONJ|att|53|OO	2
Eupa_00-01-17.714	6-ADP|av|5|MD	1
Eupa_00-01-17.714	23-ADP|emellan|18|MD	1
Eupa_00-01-17.714	4-SCONJ|som|3|MD	1
Eupa_00-01-17.714	42-SCONJ|än|41|JF	1
Eupa_00-01-17.714	38-ADP|på|44|MD	1
Eupa_00-01-17.714	36-ADP|genom|35|MD 37-SCONJ|att|36|OO	2
Eupa_00-01-17.714	26-ADP|om|25|OA 27-PART|att|26|OO	2
Eupa_00-01-17.716	7-ADP|mellan|6|MD	1
Eupa_00-01-17.716	11-ADP|för|13|MD	1
Eupa_00-01-17.716	14-SCONJ|att|13|OO 16-AUX|är|14|OO	2
Eupa_00-01-17.716	4-ADP|med|3|MD	1
Eupa_00-01-17.717	11-ADP|på|8|MD 9-ADP|framför|11|MD	2
Eupa_00-01-17.717	20-ADP|i|17|OA	1
Eupa_00-01-17.717	16-PART|att|14|OO	1
Eupa_00-01-17.717	11-ADP|på|8|MD 9-ADP|framför|11|MD 12-SCONJ|att|11|OO	3
Eupa_00-01-17.717	7-ADP|med|3|MD	1
Eupa_00-01-17.717	34-SCONJ|som|33|MD 37-AUX|kan|34|OO	2
Eupa_00-01-17.717	30-AUX|är|0|--	1
Eupa_00-01-17.718	6-ADP|i|5|MD	1
Eupa_00-01-17.718	14-ADP|för|13|MD	1
Eupa_00-01-17.718	12-ADP|inom|4|MD	1
Eupa_00-01-17.719	1-ADP|I|3|MD	1
Eupa_00-01-17.719	18-ADP|i|17|OA	1
Eupa_00-01-17.719	32-ADP|sedan|28|MD	1
Eupa_00-01-17.719	44-ADP|i|43|MD	1
Eupa_00-01-17.719	42-SCONJ|som|41|MD	1
Eupa_00-01-17.719	39-ADP|på|38|OA	1
Eupa_00-01-17.719	25-SCONJ|som|24|MD	1
Eupa_00-01-17.719	22-ADP|om|21|MD	1
Eupa_00-01-17.719	59-ADP|för|55|MD 57-ADP|framför|59|MD	2
Eupa_00-01-17.719	68-ADP|för|67|MD	1
Eupa_00-01-17.719	72-ADP|för|71|MD	1
Eupa_00-01-17.719	53-ADP|om|52|OA	1
Eupa_00-01-17.719	5-ADP|till|4|MD	1
Eupa_00-01-17.720	3-ADP|för|1|conj 4-PART|att|3|OO	2
Eupa_00-01-17.720	19-ADP|i|18|MD	1
Eupa_00-01-17.720	29-ADP|för|28|MD	1
Eupa_00-01-17.720	35-ADP|bland|39|MD	1
Eupa_00-01-17.720	43-ADP|till|42|MD	1
Eupa_00-01-17.720	34-SCONJ|som|28|MD	1
Eupa_00-01-17.720	26-ADP|av|25|MD	1
Eupa_00-01-17.720	22-ADP|om|18|OA	1
Eupa_00-01-17.721	14-ADP|till|13|MD	1
Eupa_00-01-17.721	12-ADP|av|11|MD	1
Eupa_00-01-17.721	10-SCONJ|som|9|OA	1
Eupa_00-01-17.721	4-ADP|för|2|OA 6-SCONJ|som|4|OO 7-AUX|skulle|6|OO 8-AUX|kunna|7|IV	4
Eupa_00-01-17.721	25-ADP|i|23|MD	1
Eupa_00-01-17.721	22-ADP|på|19|MD	1
Eupa_00-01-17.721	34-ADP|om|33|OA	1
Eupa_00-01-17.721	40-ADP|om|39|OA	1
Eupa_00-01-17.721	31-AUX|vill|19|conj 37-SCONJ|eftersom|31|MD	2
Eupa_00-01-17.721	31-AUX|vill|19|conj 37-SCONJ|eftersom|31|MD 43-SCONJ|att|31|DF 46-AUX|är|43|OO 44-ADP|för|46|MD	5
Eupa_00-01-17.721	60-ADP|i|59|MD	1
Eupa_00-01-17.721	57-ADP|för|54|OA	1
Eupa_00-01-17.721	31-AUX|vill|19|conj 37-SCONJ|eftersom|31|MD 43-SCONJ|att|31|DF 46-AUX|är|43|OO 44-ADP|för|46|MD 52-AUX|har|46|DF 53-AUX|varit|52|IV	7
Eupa_00-01-17.721	63-ADP|för|56|MD 64-PART|att|63|OO 65-AUX|kunna|64|OO	3
Eupa_00-01-17.721	76-ADP|av|75|MD	1
Eupa_00-01-17.721	84-ADP|inom|83|OA	1
Eupa_00-01-17.721	74-AUX|är|2|parataxis	1
Eupa_00-01-17.722	7-AUX|vill|3|parataxis 8-ADP|i|7|MD	2
Eupa_00-01-17.722	7-AUX|vill|3|parataxis 8-ADP|i|7|MD 11-ADP|för|7|MD 12-PART|att|11|OO	4
Eupa_00-01-17.722	27-ADP|inom|26|MD	1
Eupa_00-01-17.722	25-ADP|av|24|MD	1
Eupa_00-01-17.722	22-SCONJ|som|20|MD 23-AUX|är|22|OO	2
Eupa_00-01-17.723	10-ADP|per|9|MD	1
Eupa_00-01-17.723	8-ADP|efter|7|MD	1
Eupa_00-01-17.723	4-ADP|till|3|MD 5-SCONJ|att|4|OO	2
Eupa_00-01-17.723	17-ADP|på|16|MD	1
Eupa_00-01-17.723	20-ADP|utifrån|16|MD	1
Eupa_00-01-17.723	30-ADP|med|29|MD	1
Eupa_00-01-17.723	28-ADP|i|16|MD	1
Eupa_00-01-17.723	2-AUX|var|0|-- 13-SCONJ|eftersom|2|MD 15-AUX|måste|13|OO	3
Eupa_00-01-17.724	21-ADP|om|10|MD 17-ADP|till|21|MD 18-PART|att|17|OO	3
Eupa_00-01-17.724	8-ADP|av|7|MD	1
Eupa_00-01-17.724	2-AUX|skulle|0|-- 5-AUX|vilja|2|IV	2
Eupa_00-01-17.725	3-SCONJ|att|2|ES	1
Eupa_00-01-17.726	9-ADP|av|8|AG	1
Eupa_00-01-17.726	14-ADP|av|13|MD	1
Eupa_00-01-17.726	12-ADP|i|8|MD	1
Eupa_00-01-17.726	17-ADP|i|8|MD	1
Eupa_00-01-17.726	31-ADP|om|30|MD	1
Eupa_00-01-17.726	29-ADP|av|28|MD	1
Eupa_00-01-17.726	25-SCONJ|som|24|MD 26-AUX|skulle|25|OO	2
Eupa_00-01-17.726	21-ADP|efter|8|MD	1
Eupa_00-01-17.726	37-ADP|till|34|MD	1
Eupa_00-01-17.726	39-ADP|av|34|AG	1
Eupa_00-01-17.726	4-ADP|om|3|OA 5-SCONJ|att|4|OO	2
Eupa_00-01-17.727	9-ADP|till|8|MD	1
Eupa_00-01-17.727	4-ADP|på|3|MD	1
Eupa_00-01-17.727	11-AUX|var|0|-- 2-ADP|med|11|MD	2
Eupa_00-01-17.727	11-AUX|var|0|-- 2-ADP|med|11|MD 14-ADP|efter|11|SP 15-SCONJ|att|14|OO	4
Eupa_00-01-17.727	11-AUX|var|0|-- 2-ADP|med|11|MD 14-ADP|efter|11|SP 15-SCONJ|att|14|OO 20-ADP|i|11|MD	5
Eupa_00-01-17.727	11-AUX|var|0|-- 2-ADP|med|11|MD 14-ADP|efter|11|SP 15-SCONJ|att|14|OO 20-ADP|i|11|MD 24-SCONJ|som|11|EF 26-AUX|kunde|24|OO	7
Eupa_00-01-17.728	6-ADP|bland|4|RA	1
Eupa_00-01-17.728	30-ADP|för|29|MD	1
Eupa_00-01-17.728	25-SCONJ|som|23|MD 28-AUX|har|25|OO	2
Eupa_00-01-17.728	22-ADP|om|21|MD	1
Eupa_00-01-17.728	18-ADP|om|16|OA 19-SCONJ|att|18|OO 42-AUX|kommer|19|OO 20-ADP|i|42|MD	4
Eupa_00-01-17.728	39-ADP|om|37|OA	1
Eupa_00-01-17.728	18-ADP|om|16|OA 19-SCONJ|att|18|OO 42-AUX|kommer|19|OO 20-ADP|i|42|MD 46-PART|att|42|IV	5
Eupa_00-01-17.728	14-AUX|vill|0|--	1
Eupa_00-01-17.729	15-SCONJ|som|14|MD	1
Eupa_00-01-17.729	13-ADP|inför|12|MD	1
Eupa_00-01-17.729	18-ADP|efter|11|MD	1
Eupa_00-01-17.729	22-SCONJ|såsom|11|MD	1
Eupa_00-01-17.729	36-ADP|i|35|MD	1
Eupa_00-01-17.729	7-ADP|om|5|OA 8-SCONJ|att|7|OO 26-AUX|kommer|8|OO 29-PART|att|26|IV	4
Eupa_00-01-17.729	3-AUX|kan|0|--	1
Eupa_00-01-17.730	15-SCONJ|att|13|OO 17-AUX|är|15|OO 19-ADP|inom|17|SP	3
Eupa_00-01-17.730	34-SCONJ|som|30|MD 36-AUX|är|34|OO	2
Eupa_00-01-17.730	28-ADP|om|27|MD	1
Eupa_00-01-17.730	25-PART|att|24|ES	1
Eupa_00-01-17.730	15-SCONJ|att|13|OO 17-AUX|är|15|OO 19-ADP|inom|17|SP 22-SCONJ|som|17|EF	4
Eupa_00-01-17.731	11-ADP|inom|10|MD	1
Eupa_00-01-17.731	8-ADP|av|7|MD	1
Eupa_00-01-17.731	17-ADP|av|16|MD	1
Eupa_00-01-17.731	22-ADP|till|21|MD	1
Eupa_00-01-17.731	26-ADP|för|21|MD 27-SCONJ|att|26|OO	2
Eupa_00-01-17.731	2-AUX|skall|0|--	1
Eupa_00-01-17.732	7-ADP|av|6|MD	1
Eupa_00-01-17.732	23-ADP|om|22|MD	1
Eupa_00-01-17.732	19-SCONJ|såsom|17|AN	1
Eupa_00-01-17.732	15-ADP|under|13|MD	1
Eupa_00-01-17.733	7-ADP|på|5|OA	1
Eupa_00-01-17.733	2-AUX|skulle|0|-- 4-AUX|vilja|2|IV	2
Eupa_00-01-17.734	6-SCONJ|att|5|MD 9-AUX|är|6|OO	2
Eupa_00-01-17.734	4-ADP|på|2|OA	1
Eupa_00-01-17.735	3-ADP|i|2|MD	1
Eupa_00-01-17.735	10-ADP|med|9|MD	1
Eupa_00-01-17.735	8-ADP|i|7|MD	1
Eupa_00-01-17.735	6-AUX|måste|0|--	1
Eupa_00-01-17.736	6-ADP|i|5|MD	1
Eupa_00-01-17.736	13-ADP|om|12|MD	1
Eupa_00-01-17.736	9-ADP|i|5|MD	1
Eupa_00-01-17.736	31-ADP|på|30|OA	1
Eupa_00-01-17.736	29-SCONJ|som|27|MD	1
Eupa_00-01-17.736	19-SCONJ|att|18|ES 22-AUX|skall|19|OO	2
Eupa_00-01-17.736	16-SCONJ|där|5|MD	1
Eupa_00-01-17.736	4-ADP|till|2|OA	1
Eupa_00-01-17.737	2-AUX|är|0|-- 8-ADP|inom|2|DF	2
Eupa_00-01-17.738	19-ADP|i|18|MD	1
Eupa_00-01-17.738	13-SCONJ|som|12|MD 14-AUX|kan|13|OO	2
Eupa_00-01-17.738	8-SCONJ|som|7|MD 9-AUX|måste|8|OO 10-AUX|vara|9|IV	3
Eupa_00-01-17.738	2-AUX|kan|0|--	1
Eupa_00-01-17.740	10-ADP|av|9|MD	1
Eupa_00-01-17.740	8-ADP|för|7|MD	1
Eupa_00-01-17.740	6-ADP|med|5|MD	1
Eupa_00-01-17.740	18-ADP|av|17|MD	1
Eupa_00-01-17.740	16-SCONJ|att|15|OO	1
Eupa_00-01-17.742	11-ADP|i|6|MD	1
Eupa_00-01-17.742	14-ADP|vid|6|OA	1
Eupa_00-01-17.742	16-ADP|inom|6|MD	1
Eupa_00-01-17.742	4-SCONJ|att|3|OO	1
Eupa_00-01-17.742	2-AUX|vill|0|--	1
Eupa_00-01-17.743	14-ADP|för|13|MD	1
Eupa_00-01-17.743	12-ADP|med|11|MD	1
Eupa_00-01-17.743	9-ADP|till|7|MD	1
Eupa_00-01-17.743	19-ADP|i|18|MD	1
Eupa_00-01-17.743	16-ADP|vid|7|MD	1
Eupa_00-01-17.743	6-PART|att|5|MD	1
Eupa_00-01-17.744	8-ADP|av|7|MD	1
Eupa_00-01-17.744	6-SCONJ|som|4|MD	1
Eupa_00-01-17.744	23-SCONJ|som|22|MD	1
Eupa_00-01-17.744	35-ADP|i|34|MD	1
Eupa_00-01-17.744	32-ADP|till|31|OA	1
Eupa_00-01-17.744	45-ADP|i|44|MD	1
Eupa_00-01-17.744	41-ADP|av|40|MD	1
Eupa_00-01-17.746	23-ADP|av|22|MD	1
Eupa_00-01-17.746	15-SCONJ|där|13|MD	1
Eupa_00-01-17.746	5-SCONJ|att|4|ES	1
Eupa_00-01-17.746	2-AUX|måste|0|--	1
Eupa_00-01-17.747	7-ADP|på|6|MD	1
Eupa_00-01-17.747	17-ADP|för|16|MD	1
Eupa_00-01-17.747	27-ADP|för|26|MD	1
Eupa_00-01-17.747	42-ADP|av|41|MD	1
Eupa_00-01-17.747	50-ADP|med|49|MD	1
Eupa_00-01-17.747	37-AUX|är|36|OO 38-PART|att|37|SP	2
Eupa_00-01-17.747	22-ADP|av|21|AG	1
Eupa_00-01-17.747	20-SCONJ|som|16|MD	1
Eupa_00-01-17.747	9-AUX|får|0|--	1
Eupa_00-01-17.748	4-DET|det|6|DT	1
Eupa_00-01-17.748	2-AUX|skulle|0|-- 3-ADP|på|2|MD	2
Eupa_00-01-17.748	21-ADP|inom|20|MD	1
Eupa_00-01-17.748	19-ADP|för|18|MD	1
Eupa_00-01-17.748	17-ADP|i|16|OA	1
Eupa_00-01-17.748	31-ADP|inom|30|MD	1
Eupa_00-01-17.748	28-SCONJ|som|27|JF	1
Eupa_00-01-17.748	25-ADP|på|16|MD	1
Eupa_00-01-17.748	13-SCONJ|att|12|OO 15-AUX|skall|13|OO	2
Eupa_00-01-17.748	10-SCONJ|att|9|OO	1
Eupa_00-01-17.748	2-AUX|skulle|0|-- 3-ADP|på|2|MD 8-AUX|vilja|2|IV	3
Eupa_00-01-17.749	4-DET|den|6|DT	1
Eupa_00-01-17.749	2-AUX|har|0|-- 3-ADP|på|2|MD	2
Eupa_00-01-17.749	10-SCONJ|som|9|MD	1
Eupa_00-01-17.749	2-AUX|har|0|-- 3-ADP|på|2|MD 7-ADP|i|2|MD	3
Eupa_00-01-17.749	17-ADP|för|16|MD	1
Eupa_00-01-17.749	13-SCONJ|att|12|OO 22-AUX|är|13|OO 15-ADP|inom|22|MD	3
Eupa_00-01-17.750	4-AUX|skulle|0|-- 1-SCONJ|Innan|4|MD	2
Eupa_00-01-17.750	8-ADP|till|7|OA	1
Eupa_00-01-17.750	23-SCONJ|som|22|MD	1
Eupa_00-01-17.750	20-ADP|av|19|MD	1
Eupa_00-01-17.750	18-ADP|om|17|MD	1
Eupa_00-01-17.750	10-SCONJ|att|7|OO	1
Eupa_00-01-17.750	4-AUX|skulle|0|-- 1-SCONJ|Innan|4|MD 6-AUX|vilja|4|IV	3
Eupa_00-01-17.752	12-ADP|i|15|MD	1
Eupa_00-01-17.752	33-ADP|av|32|MD	1
Eupa_00-01-17.752	31-ADP|med|28|MD	1
Eupa_00-01-17.752	26-ADP|för|25|MD 27-PART|att|26|OO	2
Eupa_00-01-17.752	24-AUX|kan|22|OO	1
Eupa_00-01-17.752	21-ADP|om|19|MD	1
Eupa_00-01-17.752	16-ADP|med|15|OA	1
Eupa_00-01-17.752	11-SCONJ|som|9|MD	1
Eupa_00-01-17.752	4-ADP|med|2|OA 5-PART|att|4|OO	2
Eupa_00-01-17.753	4-ADP|om|3|OA 5-SCONJ|att|4|OO 9-AUX|skall|5|OO 7-ADP|i|9|MD	4
Eupa_00-01-17.753	12-ADP|över|11|MD	1
Eupa_00-01-17.753	15-ADP|för|11|MD	1
Eupa_00-01-17.753	2-AUX|vill|0|--	1
Eupa_00-01-17.754	19-ADP|av|18|AG	1
Eupa_00-01-17.754	17-SCONJ|som|16|MD	1
Eupa_00-01-17.754	14-ADP|av|13|MD	1
Eupa_00-01-17.754	10-ADP|i|8|RA	1
Eupa_00-01-17.754	6-ADP|för|5|MD 7-PART|att|6|OO	2
Eupa_00-01-17.755	2-AUX|är|0|-- 3-ADP|för|2|MD	2
Eupa_00-01-17.755	2-AUX|är|0|-- 3-ADP|för|2|MD 5-ADP|av|2|SP	3
Eupa_00-01-17.755	21-ADP|av|20|MD	1
Eupa_00-01-17.755	18-SCONJ|som|17|MD	1
Eupa_00-01-17.755	14-ADP|till|13|RA	1
Eupa_00-01-17.755	2-AUX|är|0|-- 3-ADP|för|2|MD 5-ADP|av|2|SP 8-SCONJ|som|2|EF 12-AUX|skall|8|OO	5
Eupa_00-01-17.756	11-ADP|för|7|OA	1
Eupa_00-01-17.756	26-SCONJ|som|25|MD	1
Eupa_00-01-17.756	22-ADP|för|16|OA	1
Eupa_00-01-17.756	42-ADP|från|39|MD	1
Eupa_00-01-17.756	54-ADP|om|53|OA	1
Eupa_00-01-17.756	35-SCONJ|att|34|OO 37-AUX|är|35|OO 52-AUX|har|37|DF	3
Eupa_00-01-17.756	2-AUX|skulle|0|-- 15-AUX|vilja|2|IV	2
Eupa_00-01-17.756	81-ADP|till|80|OA	1
Eupa_00-01-17.756	83-ADP|för|80|MD 84-SCONJ|att|83|OO 86-AUX|skall|84|OO 87-AUX|kunna|86|IV	4
Eupa_00-01-17.756	79-SCONJ|som|77|MD	1
Eupa_00-01-17.756	75-ADP|av|74|MD	1
Eupa_00-01-17.756	72-ADP|till|71|MD	1
Eupa_00-01-17.756	69-ADP|över|68|OA	1
Eupa_00-01-17.756	2-AUX|skulle|0|-- 15-AUX|vilja|2|IV 66-AUX|är|2|parataxis	3
Eupa_00-01-17.757	7-ADP|på|6|OA	1
Eupa_00-01-17.757	14-ADP|från|13|MD	1
Eupa_00-01-17.757	12-ADP|efter|6|MD	1
Eupa_00-01-17.757	2-AUX|kan|0|--	1
Eupa_00-01-17.759	8-ADP|mellan|7|MD	1
Eupa_00-01-17.759	6-ADP|för|5|OA	1
Eupa_00-01-17.759	15-ADP|för|14|MD	1
Eupa_00-01-17.762	6-ADP|i|4|MD	1
Eupa_00-01-17.762	2-AUX|kommer|0|-- 3-PART|att|2|IV	2
Eupa_00-01-17.763	6-ADP|i|5|MD	1
Eupa_00-01-17.764	3-ADP|på|2|MD	1
Eupa_00-01-17.764	14-ADP|av|8|MD	1
Eupa_00-01-17.764	18-ADP|för|17|MD	1
Eupa_00-01-17.764	16-ADP|för|8|MD	1
Eupa_00-01-17.764	34-ADP|i|33|MD	1
Eupa_00-01-17.764	28-ADP|om|27|MD	1
Eupa_00-01-17.764	24-ADP|om|8|MD	1
Eupa_00-01-17.764	7-ADP|om|6|MD	1
Eupa_00-01-17.764	5-AUX|är|0|--	1
Eupa_00-01-17.767	17-ADP|i|16|MD	1
Eupa_00-01-17.767	11-ADP|av|10|MD	1
Eupa_00-01-17.767	26-SCONJ|som|24|MD	1
Eupa_00-01-17.767	39-ADP|på|38|MD	1
Eupa_00-01-17.767	36-ADP|av|35|MD	1
Eupa_00-01-17.767	34-ADP|för|33|MD	1
Eupa_00-01-17.768	8-ADP|i|7|MD	1
Eupa_00-01-17.768	3-SCONJ|att|2|OO 13-AUX|har|3|OO	2
Eupa_00-01-17.769	2-AUX|kan|0|-- 3-ADP|till|2|MD	2
Eupa_00-01-17.769	7-ADP|av|6|AG	1
Eupa_00-01-17.769	13-ADP|mellan|12|MD	1
Eupa_00-01-17.769	11-SCONJ|om|6|MD 21-AUX|är|11|OO	2
Eupa_00-01-17.770	5-ADP|av|4|MD	1
Eupa_00-01-17.770	9-AUX|har|0|-- 1-ADP|I|9|MD	2
Eupa_00-01-17.770	12-ADP|av|11|MD	1
Eupa_00-01-17.771	2-ADP|i|1|MD	1
Eupa_00-01-17.771	8-ADP|med|7|MD	1
Eupa_00-01-17.771	11-ADP|på|7|MD	1
Eupa_00-01-17.771	6-AUX|har|0|--	1
Eupa_00-01-17.772	5-ADP|i|2|DF	1
Eupa_00-01-17.772	9-AUX|är|0|--	1
Eupa_00-01-17.773	2-AUX|har|0|-- 5-ADP|över|2|MD	2
Eupa_00-01-17.773	13-ADP|av|12|MD	1
Eupa_00-01-17.773	10-ADP|genom|9|OA	1
Eupa_00-01-17.774	8-ADP|i|10|MD	1
Eupa_00-01-17.774	18-ADP|på|17|OA	1
Eupa_00-01-17.774	14-ADP|till|12|MD	1
Eupa_00-01-17.774	7-SCONJ|att|2|IV	1
Eupa_00-01-17.775	2-ADP|av|1|MD	1
Eupa_00-01-17.775	4-AUX|har|0|--	1
Eupa_00-01-17.776	2-AUX|har|0|-- 4-ADP|i|2|MD	2
Eupa_00-01-17.776	9-ADP|av|8|MD	1
Eupa_00-01-17.777	6-ADP|för|10|MD	1
Eupa_00-01-17.777	2-AUX|är|0|--	1
Eupa_00-01-17.778	8-ADP|på|7|MD	1
Eupa_00-01-17.778	4-SCONJ|att|2|OO 11-AUX|har|4|OO	2
Eupa_00-01-17.779	1-ADP|I|6|RA	1
Eupa_00-01-17.779	9-ADP|till|6|OA	1
Eupa_00-01-17.780	5-AUX|var|0|-- 1-ADP|För|5|MD	2
Eupa_00-01-17.782	2-ADP|i|15|RA	1
Eupa_00-01-17.782	8-ADP|för|15|DF 9-SCONJ|att|8|OO	2
Eupa_00-01-17.782	25-ADP|för|30|MD	1
Eupa_00-01-17.782	35-ADP|med|34|MD	1
Eupa_00-01-17.782	21-ADP|på|20|MD	1
Eupa_00-01-17.783	7-ADP|av|6|MD	1
Eupa_00-01-17.783	4-SCONJ|att|2|OO 9-AUX|är|4|OO	2
Eupa_00-01-17.784	10-ADP|i|9|MD	1
Eupa_00-01-17.784	13-AUX|måste|0|-- 5-AUX|är|13|DF 8-SCONJ|som|5|EF	3
Eupa_00-01-17.784	15-ADP|i|14|MD	1
Eupa_00-01-17.784	21-ADP|inom|20|MD	1
Eupa_00-01-17.784	19-ADP|av|18|MD	1
Eupa_00-01-17.784	25-ADP|åt|24|MD	1
Eupa_00-01-17.784	13-AUX|måste|0|-- 5-AUX|är|13|DF 8-SCONJ|som|5|EF 17-AUX|vara|13|IV	4
Eupa_00-01-17.786	3-AUX|måste|0|-- 1-ADP|I|3|MD	2
Eupa_00-01-17.786	12-ADP|till|11|MD	1
Eupa_00-01-17.786	9-ADP|i|8|MD	1
Eupa_00-01-17.786	7-AUX|bör|6|OO	1
Eupa_00-01-17.786	19-ADP|för|18|MD 20-PART|att|19|OO	2
Eupa_00-01-17.787	2-AUX|måste|0|-- 4-ADP|i|2|MD	2
Eupa_00-01-17.787	13-ADP|i|12|MD	1
Eupa_00-01-17.787	9-ADP|på|8|OA 10-PART|att|9|OO	2
Eupa_00-01-17.787	2-AUX|måste|0|-- 4-ADP|i|2|MD 7-AUX|vara|2|IV	3
Eupa_00-01-17.788	4-ADP|i|3|MD	1
Eupa_00-01-17.788	11-ADP|med|10|MD	1
Eupa_00-01-17.788	6-AUX|är|0|-- 7-SCONJ|att|6|SP 15-AUX|måste|7|OO 9-ADP|i|15|MD	4
Eupa_00-01-17.788	17-ADP|enligt|16|MD	1
Eupa_00-01-17.789	6-ADP|enligt|3|MD	1
Eupa_00-01-17.790	3-ADP|av|2|MD	1
Eupa_00-01-17.790	1-ADP|I|5|MD	1
Eupa_00-01-17.790	16-ADP|mellan|15|MD	1
Eupa_00-01-17.790	13-ADP|för|12|MD	1
Eupa_00-01-17.790	8-ADP|på|5|OA 9-SCONJ|att|8|OO 22-AUX|måste|9|OO	3
Eupa_00-01-17.790	30-ADP|med|29|MD	1
Eupa_00-01-17.790	35-ADP|för|34|MD 36-SCONJ|att|35|OO 45-AUX|skall|36|OO 42-SCONJ|liksom|45|JF	4
Eupa_00-01-17.790	35-ADP|för|34|MD 36-SCONJ|att|35|OO 45-AUX|skall|36|OO 42-SCONJ|liksom|45|JF 46-AUX|kunna|45|IV	5
Eupa_00-01-17.790	33-SCONJ|som|29|MD	1
Eupa_00-01-17.790	26-ADP|på|25|OA	1
Eupa_00-01-17.791	5-SCONJ|som|4|MD 8-AUX|har|5|OO	2
Eupa_00-01-17.791	14-PART|att|2|IV	1
Eupa_00-01-17.791	29-ADP|från|28|MD	1
Eupa_00-01-17.791	27-ADP|av|26|MD	1
Eupa_00-01-17.791	25-ADP|i|35|MD	1
Eupa_00-01-17.791	39-ADP|för|38|MD	1
Eupa_00-01-17.791	61-ADP|på|60|MD	1
Eupa_00-01-17.791	59-ADP|utan|57|conj	1
Eupa_00-01-17.791	49-ADP|för|47|OA 50-SCONJ|att|49|OO 53-AUX|skall|50|OO 54-AUX|kunna|53|IV	4
Eupa_00-01-17.791	23-SCONJ|att|19|OO	1
Eupa_00-01-17.793	11-ADP|i|10|MD	1
Eupa_00-01-17.793	5-ADP|om|4|MD	1
Eupa_00-01-17.793	20-ADP|av|19|MD	1
Eupa_00-01-17.793	18-ADP|i|17|MD	1
Eupa_00-01-17.793	30-ADP|på|29|MD	1
Eupa_00-01-17.793	33-SCONJ|sedan|29|MD	1
Eupa_00-01-17.793	27-SCONJ|som|25|OO	1
Eupa_00-01-17.794	12-ADP|på|11|OA	1
Eupa_00-01-17.794	6-SCONJ|att|5|MD	1
Eupa_00-01-17.794	20-ADP|av|19|MD	1
Eupa_00-01-17.794	4-SCONJ|att|2|OO	1
Eupa_00-01-17.794	31-ADP|i|30|MD	1
Eupa_00-01-17.794	25-AUX|är|2|conj 29-SCONJ|som|25|SP	2
Eupa_00-01-17.795	4-ADP|till|3|MD	1
Eupa_00-01-17.795	9-ADP|i|3|OA	1
Eupa_00-01-17.795	26-ADP|inom|25|MD	1
Eupa_00-01-17.795	33-ADP|om|32|OA	1
Eupa_00-01-17.795	28-SCONJ|som|25|MD	1
Eupa_00-01-17.795	23-ADP|för|22|MD	1
Eupa_00-01-17.795	38-ADP|på|37|OA	1
Eupa_00-01-17.796	7-ADP|för|6|MD	1
Eupa_00-01-17.796	11-ADP|av|10|MD	1
Eupa_00-01-17.796	28-ADP|för|27|MD	1
Eupa_00-01-17.796	26-ADP|om|25|MD	1
Eupa_00-01-17.796	55-ADP|i|53|MD	1
Eupa_00-01-17.796	50-ADP|av|49|MD	1
Eupa_00-01-17.796	48-ADP|genom|47|MD	1
Eupa_00-01-17.796	42-SCONJ|som|41|MD 45-AUX|kommer|42|OO 46-PART|att|45|IV	3
Eupa_00-01-17.796	39-ADP|av|38|MD	1
Eupa_00-01-17.796	22-ADP|i|21|MD 35-ADP|till|22|AN 36-PART|att|35|OO	3
Eupa_00-01-17.796	17-PART|att|15|IV	1
Eupa_00-01-17.796	14-SCONJ|som|10|MD	1
Eupa_00-01-17.796	4-ADP|åt|2|OA 5-SCONJ|att|4|OO	2
Eupa_00-01-17.797	23-ADP|av|22|MD	1
Eupa_00-01-17.797	18-ADP|för|17|MD	1
Eupa_00-01-17.797	14-ADP|inför|13|MD	1
Eupa_00-01-17.797	5-SCONJ|som|2|JF 6-SCONJ|om|5|OO	2
Eupa_00-01-17.797	35-ADP|mellan|34|MD	1
Eupa_00-01-17.797	33-ADP|av|32|MD	1
Eupa_00-01-17.798	6-PART|att|5|IV	1
Eupa_00-01-17.798	2-SCONJ|om|11|MD	1
Eupa_00-01-17.798	22-ADP|av|21|MD	1
Eupa_00-01-17.798	24-ADP|med|19|MD	1
Eupa_00-01-17.798	29-ADP|via|19|MD	1
Eupa_00-01-17.798	15-SCONJ|att|11|OO 18-AUX|måste|15|OO	2
Eupa_00-01-17.800	5-ADP|i|4|MD	1
Eupa_00-01-17.800	13-SCONJ|som|12|MD 16-AUX|har|13|OO	2
Eupa_00-01-17.800	10-ADP|bakom|8|OA	1
Eupa_00-01-17.800	25-ADP|till|21|MD	1
Eupa_00-01-17.801	4-ADP|i|3|MD	1
Eupa_00-01-17.801	16-ADP|i|15|MD	1
Eupa_00-01-17.801	14-ADP|av|13|MD	1
Eupa_00-01-17.801	6-SCONJ|att|3|OO	1
Eupa_00-01-17.801	2-AUX|bör|0|--	1
Eupa_00-01-17.803	5-ADP|av|4|MD	1
Eupa_00-01-17.803	8-SCONJ|som|4|MD 11-AUX|har|8|OO	2
Eupa_00-01-17.803	2-AUX|vill|0|--	1
Eupa_00-01-17.804	16-ADP|i|15|MD	1
Eupa_00-01-17.804	3-AUX|är|0|-- 4-SCONJ|att|3|SP 7-AUX|har|4|OO	3
Eupa_00-01-17.805	29-ADP|om|28|MD	1
Eupa_00-01-17.805	26-SCONJ|än|12|JF 27-ADP|i|26|OO	2
Eupa_00-01-17.805	18-ADP|av|17|MD	1
Eupa_00-01-17.805	22-ADP|i|21|MD	1
Eupa_00-01-17.805	16-ADP|om|15|MD	1
Eupa_00-01-17.805	14-ADP|i|13|MD	1
Eupa_00-01-17.805	11-ADP|till|10|OA	1
Eupa_00-01-17.805	4-AUX|är|0|-- 5-SCONJ|att|4|SP 9-AUX|har|5|OO	3
Eupa_00-01-17.806	9-ADP|i|12|MD	1
Eupa_00-01-17.806	15-ADP|av|14|MD	1
Eupa_00-01-17.806	13-ADP|till|12|OA	1
Eupa_00-01-17.806	2-AUX|är|0|-- 5-SCONJ|att|2|ES	2
Eupa_00-01-17.807	10-ADP|för|9|MD	1
Eupa_00-01-17.807	6-AUX|är|0|--	1
Eupa_00-01-17.808	11-PART|att|8|IV	1
Eupa_00-01-17.808	2-AUX|vill|0|--	1
Arbt_Fackfientlig.1	3-ADP|bakom|0|--	1
Arbt_Fackfientlig.2	4-ADP|för|3|MD	1
Arbt_Fackfientlig.2	15-ADP|med|14|MD	1
Arbt_Fackfientlig.2	12-ADP|av|11|AG	1
Arbt_Fackfientlig.2	7-AUX|har|0|--	1
Arbt_Fackfientlig.3	10-ADP|bakom|9|MD	1
Arbt_Fackfientlig.3	7-ADP|på|6|OO 8-SCONJ|att|7|OO 16-AUX|är|8|OO	3
Arbt_Fackfientlig.3	2-SCONJ|sedan|1|MD 5-AUX|kunnat|2|OO	2
Arbt_Fackfientlig.4	8-ADP|i|10|RA	1
Arbt_Fackfientlig.4	12-ADP|för|10|MD	1
Arbt_Fackfientlig.4	6-SCONJ|som|5|MD	1
Arbt_Fackfientlig.4	4-AUX|är|0|--	1
Arbt_Fackfientlig.5	8-SCONJ|som|7|MD	1
Arbt_Fackfientlig.5	6-ADP|med|4|OA	1
Arbt_Fackfientlig.5	2-AUX|vill|13|OO	1
Arbt_Fackfientlig.5	18-ADP|till|17|MD	1
Arbt_Fackfientlig.6	7-ADP|på|6|OA	1
Arbt_Fackfientlig.6	14-ADP|i|13|MD	1
Arbt_Fackfientlig.6	26-SCONJ|som|25|MD	1
Arbt_Fackfientlig.6	22-ADP|mot|21|MD	1
Arbt_Fackfientlig.6	17-ADP|mot|13|MD	1
Arbt_Fackfientlig.7	3-ADP|i|2|MD	1
Arbt_Fackfientlig.7	10-ADP|av|9|MD	1
Arbt_Fackfientlig.7	8-ADP|från|7|MD	1
Arbt_Fackfientlig.7	6-ADP|av|5|AG	1
Arbt_Fackfientlig.7	21-AUX|är|15|OO 16-ADP|enligt|21|MD	2
Arbt_Fackfientlig.7	26-AUX|är|23|OO 28-ADP|efter|26|SP	2
Arbt_Fackfientlig.8	6-ADP|om|2|MD	1
Arbt_Fackfientlig.9	6-ADP|av|5|AG	1
Arbt_Fackfientlig.9	4-SCONJ|som|3|MD	1
Arbt_Fackfientlig.9	1-ADP|I|9|MD	1
Arbt_Fackfientlig.10	6-AUX|är|0|--	1
Arbt_Fackfientlig.11	5-ADP|i|4|MD	1
Arbt_Fackfientlig.12	2-AUX|är|0|--	1
Regr_254764.1	5-ADP|i|4|MD	1
Regr_254764.2	10-ADP|i|9|MD	1
Regr_254764.2	7-ADP|till|4|OA	1
Regr_254764.2	2-AUX|har|0|--	1
Regr_254764.3	10-ADP|på|9|MD 14-ADP|t.o.m|10|AN	2
Regr_254764.3	7-ADP|med|3|MD	1
Regr_254764.4	4-AUX|har|0|-- 5-AUX|varit|4|IV	2
Regr_254764.5	17-ADP|i|16|MD	1
Regr_254764.5	15-SCONJ|som|14|MD	1
Regr_254764.5	13-ADP|till|11|MD	1
Regr_254764.5	7-ADP|över|6|OA 8-SCONJ|att|7|OO	2
Regr_254764.5	2-AUX|är|0|--	1
Regr_254764.6	3-ADP|av|2|MD	1
Regr_254764.6	6-ADP|på|5|OA	1
Regr_254764.6	14-ADP|för|12|OA	1
Regr_254764.7	8-ADP|med|6|MD	1
Regr_254764.7	15-ADP|i|13|RA	1
Regr_254764.7	5-SCONJ|att|2|ES	1
Regr_254764.8	6-ADP|i|4|RA	1
Regr_254764.8	3-AUX|är|0|--	1
Regr_254764.10	9-SCONJ|där|8|MD 13-AUX|har|9|OO 11-ADP|bland|13|MD	3
Regr_254764.10	16-ADP|för|15|MD	1
Regr_254764.10	9-SCONJ|där|8|MD 13-AUX|har|9|OO 11-ADP|bland|13|MD 14-AUX|varit|13|IV 24-ADP|för|14|MD 25-PART|att|24|OO	6
Regr_254764.10	6-ADP|inom|5|MD	1
Regr_254764.11	2-AUX|har|0|--	1
Regr_254764.12	5-ADP|av|4|MD	1
Regr_254764.12	10-ADP|i|8|OA	1
Regr_254764.12	30-ADP|för|29|MD	1
Regr_254764.12	28-SCONJ|som|22|MD	1
Regr_254764.12	19-AUX|har|2|conj 21-AUX|varit|19|IV	2
Regr_254764.12	19-AUX|har|2|conj 21-AUX|varit|19|IV 24-ADP|under|19|MD	3
Regr_254764.13	12-SCONJ|där|11|MD 14-AUX|har|12|OO 15-AUX|varit|14|IV	3
Regr_254764.13	12-SCONJ|där|11|MD 14-AUX|har|12|OO 15-AUX|varit|14|IV 17-ADP|sedan|14|MD	4
Regr_254764.13	10-ADP|för|9|MD	1
Regr_254764.13	8-SCONJ|som|7|MD	1
Regr_254764.13	5-ADP|från|3|OA	1
Regr_254764.14	4-DET|det|6|DT	1
Regr_254764.14	7-SCONJ|som|3|OA	1
Regr_254764.15	7-ADP|med|4|MD	1
Regr_254764.15	11-SCONJ|som|4|MD 13-AUX|måste|11|OO	2
Regr_254764.15	5-ADP|i|2|RA	1
Regr_254764.16	6-ADP|kring|5|MD	1
Regr_254764.16	18-PART|att|17|OO	1
Regr_254764.16	13-SCONJ|som|12|MD	1
Regr_254764.16	8-ADP|för|2|MD 9-PART|att|8|OO	2
Regr_254764.17	5-PART|att|4|MD	1
Regr_254764.17	14-SCONJ|som|13|MD	1
Regr_254764.17	11-ADP|med|10|OA	1
Regr_254764.17	9-AUX|är|2|conj	1
Regr_254764.18	7-PART|att|6|MD	1
Regr_254764.18	3-SCONJ|som|2|MD	1
Regr_254764.19	6-ADP|i|5|MD	1
Regr_254764.19	2-ADP|med|8|MD	1
Regr_254764.19	22-ADP|för|21|MD	1
Regr_254764.19	20-ADP|till|19|MD	1
Regr_254764.19	17-SCONJ|att|16|OO	1
Regr_254764.19	15-SCONJ|som|14|MD	1
Regr_254764.19	10-SCONJ|att|8|OO 12-AUX|kan|10|OO	2
Arbt_Polisjakt.1	2-ADP|på|1|MD	1
Arbt_Polisjakt.2	4-ADP|i|2|MD	1
Arbt_Polisjakt.2	7-AUX|är|0|--	1
Arbt_Polisjakt.3	3-ADP|för|2|MD	1
Arbt_Polisjakt.3	11-ADP|i|10|RA	1
Arbt_Polisjakt.3	20-ADP|för|19|MD	1
Arbt_Polisjakt.3	27-ADP|på|25|MD	1
Arbt_Polisjakt.3	15-SCONJ|medan|8|MD	1
Arbt_Polisjakt.4	5-ADP|enligt|4|MD	1
Arbt_Polisjakt.4	15-ADP|för|14|MD	1
Arbt_Polisjakt.4	17-ADP|inom|14|MD	1
Arbt_Polisjakt.4	11-ADP|med|10|MD	1
Arbt_Polisjakt.4	9-ADP|i|4|conj	1
Arbt_Polisjakt.4	3-AUX|var|0|--	1
Arbt_Polisjakt.5	7-SCONJ|att|3|EO 9-AUX|är|7|OO	2
Arbt_Polisjakt.5	2-AUX|vill|13|OO	1
Arbt_Polisjakt.5	23-ADP|på|22|MD	1
Arbt_Polisjakt.5	19-ADP|för|18|MD	1
Arbt_Polisjakt.6	7-ADP|av|6|MD	1
Arbt_Polisjakt.6	5-ADP|i|4|MD	1
Arbt_Polisjakt.6	12-ADP|på|11|MD	1
Arbt_Polisjakt.6	25-ADP|om|24|MD	1
Arbt_Polisjakt.6	22-ADP|mot|21|MD	1
Arbt_Polisjakt.6	20-ADP|i|17|MD	1
Arbt_Polisjakt.7	4-AUX|är|0|-- 1-ADP|Enligt|4|MD	2
Arbt_Polisjakt.7	12-ADP|av|11|MD	1
Arbt_Polisjakt.7	9-ADP|mot|8|MD	1
Arbt_Polisjakt.8	11-ADP|utan|10|MD	1
Arbt_Polisjakt.8	14-ADP|för|10|MD 15-SCONJ|att|14|OO 17-AUX|är|15|OO	3
Arbt_Polisjakt.8	3-AUX|kan|20|OO 8-SCONJ|om|3|MD	2
Arbt_Polisjakt.8	27-ADP|till|26|MD	1
Arbt_Polisjakt.8	34-ADP|till|20|MD	1
Arbt_Polisjakt.8	36-ADP|under|20|MD	1
Arbt_Polisjakt.9	4-AUX|var|1|OO	1
Arbt_Polisjakt.9	8-ADP|för|7|MD	1
Arbt_Polisjakt.9	15-ADP|för|12|MD 16-PART|att|15|OO	2
Arbt_Polisjakt.9	10-ADP|med|6|MD 11-PART|att|10|OO	2
Arbt_Polisjakt.10	3-ADP|i|2|MD	1
Arbt_Polisjakt.10	14-ADP|om|13|MD	1
Arbt_Polisjakt.10	10-SCONJ|som|9|MD 11-AUX|fick|10|OO	2
Arbt_Polisjakt.10	5-ADP|av|2|OA	1
Arbt_Polisjakt.11	8-ADP|av|7|MD	1
Arbt_Polisjakt.11	24-ADP|på|23|MD	1
Arbt_Polisjakt.11	18-ADP|för|16|MD 19-PART|att|18|OO	2
Arbt_Polisjakt.11	14-SCONJ|att|13|MD	1
Arbt_Polisjakt.11	33-ADP|för|32|MD	1
Arbt_Polisjakt.11	35-ADP|på|32|MD	1
Arbt_Polisjakt.12	10-ADP|mellan|9|RA	1
Arbt_Polisjakt.12	7-SCONJ|sedan|3|MD	1
Arbt_Polisjakt.13	7-SCONJ|som|5|MD	1
Arbt_Polisjakt.13	4-SCONJ|som|3|MD	1
Arbt_Polisjakt.13	10-ADP|av|9|AG	1
Arbt_Polisjakt.13	12-ADP|för|9|MD	1
Arbt_Polisjakt.14	4-ADP|av|3|MD	1
Arbt_Polisjakt.14	6-SCONJ|som|3|MD 11-AUX|varit|6|OO 8-ADP|enligt|11|MD	3
Arbt_Polisjakt.14	13-ADP|av|12|MD 14-PART|att|13|OO	2
Arbt_Polisjakt.14	2-AUX|är|0|--	1
Arbt_Polisjakt.15	7-ADP|på|5|OA	1
Arbt_Polisjakt.15	17-ADP|för|16|MD	1
Arbt_Polisjakt.15	13-SCONJ|att|11|IV	1
Arbt_Polisjakt.15	23-ADP|med|21|MD	1
Arbt_Polisjakt.16	1-ADP|Trots|7|MD 2-SCONJ|att|1|OO	2
Arbt_Polisjakt.17	9-ADP|på|7|RA	1
Arbt_Polisjakt.17	4-ADP|om|1|MD 5-SCONJ|att|4|OO	2
Arbt_Polisjakt.18	8-ADP|trots|3|MD 9-SCONJ|att|8|OO	2
Arbt_Polisjakt.19	13-ADP|på|11|OA	1
Arbt_Polisjakt.19	8-SCONJ|som|6|MD	1
Arbt_Polisjakt.20	3-PART|att|2|IV	1
Arbt_Polisjakt.20	13-PART|att|11|MD	1
Arbt_Polisjakt.20	7-SCONJ|eftersom|2|MD	1
Arbt_Polisjakt.21	9-ADP|till|7|MD	1
Arbt_Polisjakt.21	14-ADP|till|13|MD	1
Arbt_Polisjakt.21	4-AUX|kommer|17|OO 6-PART|att|4|IV	2
Arbt_Polisjakt.22	7-ADP|av|6|MD	1
Arbt_Polisjakt.22	11-ADP|enligt|9|MD	1
Arbt_Polisjakt.22	14-ADP|till|9|OA	1
Arbt_Polisjakt.23	10-ADP|för|9|MD	1
Arbt_Polisjakt.23	8-ADP|till|4|MD	1
Arbt_Polisjakt.24	14-ADP|med|13|MD	1
Arbt_Polisjakt.24	18-ADP|om|17|MD	1
Arbt_Polisjakt.24	16-ADP|kring|13|MD	1
Arbt_Polisjakt.24	8-SCONJ|sedan|4|MD	1
Arbt_Polisjakt.25	6-AUX|är|0|-- 2-ADP|enligt|6|MD	2
Arbt_Polisjakt.26	4-ADP|till|3|OA	1
Arbt_Polisjakt.26	2-SCONJ|som|1|MD	1
Arbt_Polisjakt.26	12-ADP|i|11|OA	1
Arbt_Polisjakt.26	26-ADP|för|25|MD	1
Arbt_Polisjakt.26	15-ADP|till|14|OA	1
Arbt_Polisjakt.26	6-AUX|är|0|--	1
Arbt_Polisjakt.27	10-ADP|från|9|MD	1
Arbt_Polisjakt.27	7-ADP|av|6|MD	1
Arbt_Polisjakt.27	20-ADP|i|19|MD	1
Arbt_Polisjakt.27	17-ADP|av|16|AG	1
Arbt_Polisjakt.27	22-ADP|under|16|MD	1
Arbt_Polisjakt.27	3-AUX|skulle|25|OO	1
Arbt_Polisjakt.28	2-SCONJ|som|1|MD	1
Arbt_Polisjakt.28	10-ADP|av|9|MD	1
Arbt_Polisjakt.28	8-ADP|till|7|MD	1
Arbt_Polisjakt.28	20-ADP|i|18|OA	1
Arbt_Polisjakt.28	4-AUX|har|0|--	1
Arbt_Polisjakt.29	12-ADP|med|11|OA	1
Arbt_Polisjakt.29	8-SCONJ|att|7|OO	1
Digi_2014-08.2	21-ADP|för|20|OA	1
Digi_2014-08.2	14-SCONJ|som|13|MD 15-AUX|är|14|OO	2
Digi_2014-08.2	11-ADP|för|9|MD	1
Digi_2014-08.2	7-ADP|av|6|MD	1
Digi_2014-08.4	9-SCONJ|som|8|MD 15-AUX|har|9|OO	2
Digi_2014-08.4	29-ADP|innan|27|MD	1
Digi_2014-08.4	24-SCONJ|som|23|MD 26-AUX|ska|24|OO	2
Digi_2014-08.4	21-ADP|av|20|MD	1
Digi_2014-08.4	19-ADP|med|4|MD	1
Digi_2014-08.5	7-ADP|från|6|MD	1
Digi_2014-08.5	4-ADP|för|3|MD	1
Digi_2014-08.6	11-ADP|under|9|MD	1
Digi_2014-08.6	8-SCONJ|som|7|MD	1
Digi_2014-08.6	5-ADP|i|4|OA	1
Digi_2014-08.6	2-AUX|kommer|0|-- 3-PART|att|2|IV	2
Digi_2014-08.7	17-ADP|i|16|MD	1
Digi_2014-08.7	14-ADP|under|11|MD	1
Digi_2014-08.7	9-ADP|till|4|MD 10-PART|att|9|OO	2
Digi_2014-08.7	2-AUX|har|0|--	1
Digi_2014-08.8	8-ADP|till|7|MD	1
Digi_2014-08.8	6-ADP|om|5|MD	1
Digi_2014-08.8	2-AUX|kan|0|--	1
Digi_2014-08.9	1-ADP|I|4|MD	1
Digi_2014-08.9	18-ADP|av|17|MD	1
Digi_2014-08.9	8-SCONJ|som|7|MD	1
Digi_2014-08.10	5-ADP|med|4|MD	1
Digi_2014-08.10	18-ADP|i|16|RA	1
Digi_2014-08.10	21-ADP|med|20|OA	1
Digi_2014-08.10	11-ADP|av|10|MD	1
Digi_2014-08.10	3-ADP|på|2|OA	1
Digi_2014-08.11	6-SCONJ|som|2|OO	1
Digi_2014-08.12	7-ADP|för|6|MD	1
Digi_2014-08.12	2-AUX|ska|0|--	1
Digi_2014-08.13	19-ADP|i|17|MD	1
Digi_2014-08.13	15-AUX|skulle|11|OO 16-AUX|kunna|15|IV	2
Digi_2014-08.13	10-ADP|för|9|MD	1
Digi_2014-08.13	5-ADP|med|2|MD 6-PART|att|5|OO	2
Digi_2014-08.14	3-ADP|om|2|MD	1
Digi_2014-08.15	3-ADP|i|2|MD	1
Digi_2014-08.15	12-ADP|av|11|MD	1
Digi_2014-08.15	24-ADP|kring|23|MD	1
Digi_2014-08.15	28-ADP|om|27|MD	1
Digi_2014-08.15	20-ADP|i|19|MD	1
Digi_2014-08.15	16-SCONJ|som|15|MD 37-AUX|kommer|16|OO 18-ADP|med|37|MD	3
Digi_2014-08.15	44-ADP|till|43|MD	1
Digi_2014-08.15	41-ADP|med|39|MD	1
Digi_2014-08.15	16-SCONJ|som|15|MD 37-AUX|kommer|16|OO 18-ADP|med|37|MD 38-PART|att|37|IV	4
Digi_2014-08.15	14-ADP|till|11|MD	1
Digi_2014-08.15	6-ADP|i|5|OA 7-PART|att|6|OO	2
Digi_2014-08.16	6-ADP|på|0|--	1
Digi_2014-08.17	12-ADP|av|11|MD	1
Digi_2014-08.17	6-ADP|med|5|MD	1
Digi_2014-08.17	4-ADP|för|3|MD	1
Digi_2014-08.17	17-ADP|till|16|MD	1
Digi_2014-08.17	14-AUX|har|0|--	1
Digi_2014-08.18	4-ADP|till|3|MD	1
Digi_2014-08.18	2-AUX|är|0|--	1
Digi_2014-08.20	6-ADP|i|5|OA	1
Digi_2014-08.20	3-SCONJ|som|2|MD 4-AUX|är|3|OO	2
Digi_2014-08.21	11-ADP|om|10|OA	1
Digi_2014-08.21	9-SCONJ|som|8|MD	1
Digi_2014-08.21	4-ADP|i|3|OA	1
Digi_2014-08.21	1-AUX|Är|0|--	1
Digi_2014-08.22	9-ADP|per|8|MD	1
Digi_2014-08.22	20-ADP|för|19|MD	1
Digi_2014-08.22	17-ADP|kring|16|MD	1
Digi_2014-08.22	11-ADP|för|6|MD 12-PART|att|11|OO	2
Digi_2014-08.22	5-SCONJ|som|4|MD	1
Digi_2014-08.23	25-ADP|i|24|MD	1
Digi_2014-08.23	23-SCONJ|som|22|MD	1
Digi_2014-08.23	17-ADP|hos|16|MD	1
Digi_2014-08.23	13-ADP|av|12|MD	1
Digi_2014-08.23	4-SCONJ|som|3|MD 5-AUX|vill|4|OO	2
Digi_2014-08.24	5-ADP|om|4|MD	1
Digi_2014-08.24	2-AUX|kan|0|--	1
Digi_2014-08.25	5-ADP|i|4|MD	1
Digi_2014-08.25	7-AUX|är|0|-- 1-SCONJ|Om|7|MD 3-AUX|vill|1|OO	3
Digi_2014-08.25	10-PART|att|9|OO	1
Digi_2014-08.26	11-ADP|i|10|MD	1
Digi_2014-08.26	9-ADP|på|3|RA	1
Digi_2014-08.27	2-ADP|till|1|MD	1
Digi_2014-08.28	4-ADP|i|3|MD	1
Digi_2014-08.28	8-ADP|med|3|DF	1
Digi_2014-08.28	16-ADP|på|15|MD	1
Digi_2014-08.28	20-ADP|för|13|MD	1
Digi_2014-08.28	30-ADP|vid|28|MD	1
Digi_2014-08.28	26-ADP|på|24|RA	1
Digi_2014-08.28	33-ADP|mellan|24|MD	1
Digi_2014-08.29	8-ADP|på|4|MD	1
Digi_2014-08.29	12-ADP|med|11|MD	1
Digi_2014-08.29	3-PART|att|1|OO	1
Digi_2014-08.30	2-AUX|är|0|--	1
Digi_2014-08.31	5-ADP|i|2|OA	1
Digi_2014-08.32	3-ADP|på|1|MD	1
Digi_2014-08.32	11-ADP|på|10|MD	1
Digi_2014-08.32	9-ADP|för|1|MD	1
Arbt_Hardkritik.1	3-ADP|mot|2|MD	1
Arbt_Hardkritik.1	7-ADP|i|6|MD	1
Arbt_Hardkritik.1	5-ADP|efter|2|MD	1
Arbt_Hardkritik.2	2-AUX|var|0|-- 3-ADP|under|2|SP	2
Arbt_Hardkritik.2	13-ADP|till|12|OA	1
Arbt_Hardkritik.2	15-ADP|mot|12|MD	1
Arbt_Hardkritik.2	2-AUX|var|0|-- 3-ADP|under|2|SP 8-SCONJ|som|2|EF	3
Arbt_Hardkritik.3	8-ADP|till|7|RA	1
Arbt_Hardkritik.3	15-ADP|med|14|MD	1
Arbt_Hardkritik.3	18-ADP|i|14|RA	1
Arbt_Hardkritik.3	10-ADP|efter|7|MD 11-PART|att|10|OO 12-AUX|ha|11|OO 13-AUX|blivit|12|IV	4
Arbt_Hardkritik.3	6-AUX|fick|3|conj	1
Arbt_Hardkritik.4	6-AUX|är|0|-- 9-SCONJ|som|6|EF	2
Arbt_Hardkritik.5	16-ADP|med|15|MD	1
Arbt_Hardkritik.5	10-ADP|bland|7|RA 13-SCONJ|där|10|AN	2
Arbt_Hardkritik.5	24-ADP|på|23|RA	1
Arbt_Hardkritik.5	22-SCONJ|som|21|MD	1
Arbt_Hardkritik.5	27-ADP|till|20|OA	1
Arbt_Hardkritik.6	6-ADP|i|4|MD	1
Arbt_Hardkritik.6	2-AUX|var|0|-- 3-ADP|för|2|SP	2
Arbt_Hardkritik.6	2-AUX|var|0|-- 3-ADP|för|2|SP 8-SCONJ|som|2|EF	3
Arbt_Hardkritik.7	4-AUX|vara|2|IV	1
Arbt_Hardkritik.7	8-ADP|i|10|MD	1
Arbt_Hardkritik.7	12-ADP|med|10|MD	1
Arbt_Hardkritik.7	21-ADP|genom|19|RA	1
Arbt_Hardkritik.8	4-SCONJ|som|2|MD 6-AUX|vill|4|OO	2
Arbt_Hardkritik.8	11-AUX|var|0|-- 1-ADP|Enligt|11|MD	2
Arbt_Hardkritik.8	15-ADP|från|13|MD	1
Arbt_Hardkritik.9	3-AUX|var|15|parataxis	1
Arbt_Hardkritik.9	20-SCONJ|att|15|ES 22-AUX|var|20|OO 23-ADP|på|22|SP	3
Arbt_Hardkritik.10	18-ADP|på|17|RA	1
Arbt_Hardkritik.10	2-AUX|har|0|-- 10-AUX|har|2|parataxis 12-AUX|varit|10|IV 16-SCONJ|som|12|EF	4
Arbt_Hardkritik.11	1-ADP|I|6|MD	1
Arbt_Hardkritik.11	3-AUX|var|0|--	1
Arbt_Hardkritik.12	7-ADP|av|6|MD	1
Arbt_Hardkritik.12	11-ADP|till|10|OA	1
Arbt_Hardkritik.12	19-ADP|med|18|MD	1
Arbt_Hardkritik.12	21-SCONJ|innan|15|MD	1
Arbt_Hardkritik.12	13-SCONJ|att|10|OO	1
Arbt_Hardkritik.13	7-ADP|om|6|OA	1
Arbt_Hardkritik.13	9-AUX|är|0|-- 2-SCONJ|Eftersom|9|MD 5-AUX|hade|2|OO	3
Arbt_Hardkritik.13	12-ADP|för|11|MD	1
Arbt_Hardkritik.13	9-AUX|är|0|-- 2-SCONJ|Eftersom|9|MD 5-AUX|hade|2|OO 14-PART|att|9|ES	4
Arbt_Hardkritik.13	23-PART|att|22|MD	1
Arbt_Hardkritik.13	9-AUX|är|0|-- 2-SCONJ|Eftersom|9|MD 5-AUX|hade|2|OO 14-PART|att|9|ES 17-SCONJ|då|9|MD	5
Arbt_Hardkritik.14	4-ADP|för|3|OA	1
Arbt_Hardkritik.14	6-SCONJ|att|2|OO 8-AUX|skulle|6|OO 9-AUX|få|8|IV	3
Arbt_Hardkritik.14	29-ADP|i|28|MD	1
Arbt_Hardkritik.14	26-SCONJ|som|24|MD 27-AUX|är|26|OO	2
Arbt_Hardkritik.14	31-ADP|till|23|OA	1
Arbt_Hardkritik.15	7-ADP|på|3|RA	1
Arbt_Hardkritik.15	2-PART|att|0|--	1
Arbt_Hardkritik.17	3-AUX|är|0|-- 6-PART|att|3|ES	2
Arbt_Hardkritik.18	4-SCONJ|att|3|MD	1
Arbt_Hardkritik.19	6-ADP|om|5|MD 7-SCONJ|att|6|OO	2
Arbt_Hardkritik.19	4-ADP|om|1|MD	1
Arbt_Hardkritik.20	9-DET|den|11|DT	1
Arbt_Hardkritik.20	6-SCONJ|att|5|MD 12-AUX|kan|6|OO 8-ADP|inom|12|MD	3
Arbt_Hardkritik.20	16-ADP|till|15|MD	1
Arbt_Hardkritik.20	4-ADP|av|3|OA	1
Arbt_Hardkritik.21	2-SCONJ|som|4|MD	1
Arbt_Hardkritik.21	10-ADP|av|8|OA	1
Arbt_Hardkritik.21	7-PART|att|6|MD	1
Arbt_Hardkritik.21	18-ADP|för|16|OA	1
Arbt_Hardkritik.21	13-SCONJ|om|20|MD	1
Arbt_Hardkritik.21	23-PART|att|20|ES	1
Arbt_Hardkritik.21	28-AUX|kommer|20|conj 30-PART|att|28|IV	2
Arbt_Hardkritik.22	5-ADP|till|3|OA	1
Arbt_Hardkritik.22	9-ADP|i|8|MD	1
Arbt_Hardkritik.22	18-ADP|i|17|MD	1
Arbt_Hardkritik.22	14-ADP|av|13|MD 15-SCONJ|att|14|OO 20-AUX|skulle|15|OO 21-AUX|kunna|20|IV	4
Arbt_Hardkritik.22	26-ADP|förutom|31|MD	1
Arbt_Hardkritik.22	33-ADP|i|31|RA	1
Arbt_Hardkritik.22	14-ADP|av|13|MD 15-SCONJ|att|14|OO 20-AUX|skulle|15|OO 21-AUX|kunna|20|IV 24-SCONJ|då|20|MD	5
Arbt_Hardkritik.22	7-SCONJ|att|3|OO	1
Arbt_Hardkritik.23	14-SCONJ|än|13|JF	1
Arbt_Hardkritik.23	4-SCONJ|att|2|OO 12-AUX|varit|4|OO	2
Arbt_Hardkritik.24	10-AUX|skulle|8|OO	1
Arbt_Hardkritik.24	19-ADP|av|18|MD	1
Arbt_Hardkritik.24	13-SCONJ|då|6|MD	1
Arbt_Hardkritik.24	33-ADP|med|32|MD	1
Arbt_Hardkritik.24	30-PART|att|28|ES	1
Arbt_Hardkritik.24	26-AUX|har|6|conj	1
Arbt_Hardkritik.25	6-SCONJ|att|5|MD 8-AUX|kunde|6|OO	2
Arbt_Hardkritik.25	14-ADP|för|13|OA	1
Arbt_Hardkritik.27	6-ADP|från|5|MD	1
Arbt_Hardkritik.27	4-AUX|är|0|--	1
Arbt_Hardkritik.28	6-ADP|innan|8|MD	1
Arbt_Hardkritik.28	12-ADP|med|11|MD	1
Arbt_Hardkritik.28	5-SCONJ|som|4|MD	1
Arbt_Hardkritik.28	18-SCONJ|som|16|JF	1
Arbt_Hardkritik.28	24-ADP|av|21|AG	1
Arbt_Hardkritik.28	31-ADP|under|29|MD	1
Arbt_Hardkritik.28	26-ADP|efter|21|MD 27-SCONJ|att|26|OO	2
Arbt_Hardkritik.28	41-ADP|i|40|MD	1
Arbt_Hardkritik.28	39-SCONJ|som|37|MD	1
Arbt_Hardkritik.28	43-ADP|till|36|OA	1
Arbt_Hardkritik.29	4-SCONJ|som|3|MD	1
Arbt_Hardkritik.29	14-ADP|mot|13|MD	1
Arbt_Hardkritik.29	18-ADP|av|17|MD	1
Arbt_Hardkritik.29	9-ADP|för|8|OA	1
Arbt_Hardkritik.29	6-AUX|är|0|--	1
Arbt_Hardkritik.30	2-ADP|av|1|MD	1
Arbt_Hardkritik.30	5-AUX|var|0|-- 6-ADP|under|5|MD	2
Arbt_Hardkritik.31	2-SCONJ|som|1|MD	1
Arbt_Hardkritik.31	4-AUX|kunde|0|-- 6-ADP|under|4|MD	2
Arbt_Hardkritik.31	10-ADP|med|8|MD	1
Arbt_Hardkritik.32	3-ADP|från|2|MD	1
Arbt_Hardkritik.32	8-ADP|via|1|MD	1
Arbt_Vrede.1	2-ADP|i|1|MD	1
Arbt_Vrede.1	4-ADP|efter|1|MD	1
Arbt_Vrede.2	13-ADP|efter|12|MD	1
Arbt_Vrede.2	11-ADP|i|10|MD	1
Arbt_Vrede.2	6-SCONJ|att|3|OO 9-AUX|hade|6|OO	2
Arbt_Vrede.3	11-AUX|hade|0|-- 12-ADP|under|11|MD	2
Arbt_Vrede.3	18-ADP|från|17|MD	1
Arbt_Vrede.3	25-ADP|med|24|MD	1
Arbt_Vrede.3	16-SCONJ|att|15|OO 22-AUX|hade|16|OO	2
Arbt_Vrede.4	9-ADP|i|7|MD	1
Arbt_Vrede.4	6-ADP|utanför|5|MD	1
Arbt_Vrede.4	3-ADP|på|2|RA	1
Arbt_Vrede.5	6-ADP|under|5|MD	1
Arbt_Vrede.5	16-ADP|under|15|MD	1
Arbt_Vrede.5	3-AUX|hade|0|-- 9-ADP|enligt|3|MD	2
Arbt_Vrede.6	17-ADP|i|15|MD	1
Arbt_Vrede.6	23-ADP|vid|21|OP	1
Arbt_Vrede.6	20-PART|att|15|MD	1
Arbt_Vrede.6	12-SCONJ|där|10|MD	1
Arbt_Vrede.6	9-ADP|på|7|RA	1
Arbt_Vrede.6	4-SCONJ|att|3|OO	1
Arbt_Vrede.7	4-ADP|från|2|MD	1
Arbt_Vrede.7	6-ADP|till|2|MD	1
Arbt_Vrede.8	4-AUX|har|0|-- 1-ADP|Enligt|4|MD	2
Arbt_Vrede.8	11-ADP|i|10|MD	1
Arbt_Vrede.8	8-ADP|i|7|RA	1
Arbt_Vrede.9	10-ADP|över|12|OA	1
Arbt_Vrede.9	20-ADP|med|19|MD	1
Arbt_Vrede.9	17-PART|att|16|MD 18-AUX|kunna|17|OO	2
Arbt_Vrede.9	9-SCONJ|som|8|MD	1
Arbt_Vrede.9	2-AUX|har|0|--	1
Arbt_Vrede.10	3-ADP|till|2|MD	1
Arbt_Vrede.10	14-ADP|i|11|MD 13-ADP|om|14|MD	2
Arbt_Vrede.10	8-SCONJ|liksom|17|MD	1
Arbt_Vrede.10	20-ADP|av|19|MD	1
Arbt_Vrede.10	26-ADP|i|28|MD	1
Arbt_Vrede.10	32-ADP|till|31|MD	1
Arbt_Vrede.10	29-ADP|om|28|OA	1
Arbt_Vrede.10	24-SCONJ|att|23|OO	1
Arbt_Vrede.11	2-ADP|För|5|MD	1
Arbt_Vrede.11	12-ADP|om|11|MD	1
Arbt_Vrede.11	15-AUX|kan|8|OO	1
Arbt_Vrede.11	26-ADP|vid|19|MD	1
Arbt_Vrede.11	30-ADP|i|19|RA	1
Arbt_Vrede.12	4-ADP|mot|3|MD	1
Arbt_Vrede.12	12-ADP|enligt|14|MD	1
Arbt_Vrede.12	8-ADP|över|7|MD	1
Arbt_Vrede.12	21-ADP|till|20|OA	1
Arbt_Vrede.12	28-ADP|i|27|MD	1
Arbt_Vrede.12	25-ADP|på|20|RA	1
Arbt_Vrede.12	16-AUX|har|0|--	1
Arbt_Vrede.13	15-ADP|på|14|OA	1
Arbt_Vrede.13	13-AUX|är|5|AN	1
Arbt_Vrede.13	2-ADP|under|1|MD	1
Arbt_Vrede.13	23-ADP|av|22|MD	1
Arbt_Vrede.13	21-ADP|i|20|RA	1
Arbt_Vrede.13	18-AUX|har|0|--	1
Arbt_Vrede.14	1-ADP|Under|3|MD	1
Arbt_Vrede.14	8-ADP|i|7|MD	1
Arbt_Vrede.14	11-ADP|under|6|MD	1
Arbt_Vrede.14	16-ADP|under|18|MD	1
Arbt_Vrede.14	23-ADP|med|22|MD	1
Arbt_Vrede.14	26-ADP|med|18|OA	1
Arbt_Vrede.14	28-ADP|i|18|RA	1
Arbt_Vrede.15	9-ADP|av|8|AG	1
Arbt_Vrede.15	3-ADP|efter|2|MD 4-SCONJ|att|3|OO	2
Arbt_Vrede.16	1-ADP|Under|3|MD	1
Arbt_Vrede.16	12-ADP|i|11|MD	1
Arbt_Vrede.16	19-ADP|av|18|MD	1
Arbt_Vrede.16	15-SCONJ|som|11|MD	1
Arbt_Vrede.16	30-ADP|från|29|OA	1
Arbt_Vrede.16	23-SCONJ|att|22|OO	1
Arbt_Vrede.16	7-SCONJ|att|3|OO	1
Regr_255053.2	13-ADP|till|3|MD	1
Regr_255053.2	2-AUX|har|0|--	1
Regr_255053.3	1-ADP|I|3|RA	1
Regr_255053.3	4-SCONJ|som|3|MD	1
Regr_255053.3	9-ADP|av|8|MD	1
Regr_255053.3	14-ADP|i|12|OP	1
Regr_255053.3	21-ADP|mot|20|MD	1
Regr_255053.3	6-SCONJ|att|3|SB 11-AUX|måste|6|OO 17-ADP|för|11|MD 18-PART|att|17|OO	4
Regr_255053.4	12-ADP|i|11|OA	1
Regr_255053.4	16-ADP|av|15|MD	1
Regr_255053.4	14-ADP|för|11|MD	1
Regr_255053.4	19-ADP|vid|11|MD	1
Regr_255053.4	9-SCONJ|att|8|OO	1
Regr_255053.4	6-ADP|för|5|OA 7-PART|att|6|OO	2
Regr_255053.4	3-AUX|är|0|--	1
Regr_255053.5	26-ADP|av|25|MD	1
Regr_255053.5	24-ADP|vid|23|MD	1
Regr_255053.5	21-ADP|med|19|MD	1
Regr_255053.5	17-ADP|med|16|MD 18-PART|att|17|OO	2
Regr_255053.5	8-ADP|till|6|OA 9-SCONJ|om|8|OO	2
Regr_255053.5	3-AUX|har|0|-- 4-AUX|varit|3|IV 5-PART|att|4|SP	3
Regr_255053.6	7-ADP|mot|6|MD	1
Regr_255053.6	11-ADP|genom|5|MD 12-SCONJ|att|11|OO	2
Regr_255053.6	3-SCONJ|att|2|OO	1
Regr_255053.7	4-AUX|är|0|-- 1-ADP|Sedan|4|MD	2
Regr_255053.7	7-ADP|i|6|OA	1
Regr_255053.8	12-ADP|till|10|OA	1
Regr_255053.8	8-ADP|med|7|MD 9-PART|att|8|OO	2
Regr_255053.8	3-SCONJ|att|2|OO	1
Regr_255053.9	4-AUX|skulle|0|-- 1-ADP|Enligt|4|MD	2
Regr_255053.9	9-ADP|med|8|MD	1
Regr_255053.10	10-ADP|av|9|MD	1
Regr_255053.10	13-ADP|mot|12|MD	1
Regr_255053.10	7-SCONJ|som|6|MD	1
Regr_255053.10	24-AUX|kan|4|OO	1
Regr_255053.11	6-ADP|av|4|AG	1
Regr_255053.12	3-ADP|om|2|MD	1
Regr_255053.13	5-ADP|i|4|OA	1
Regr_255053.13	22-ADP|hos|21|MD	1
Regr_255053.13	19-SCONJ|som|18|MD	1
Regr_255053.13	16-PART|att|15|MD	1
Regr_255053.13	9-SCONJ|om|8|OO 11-AUX|är|9|OO 13-PART|att|11|ES	3
Regr_255053.13	7-PART|att|4|OO	1
Regr_255053.13	2-AUX|har|0|--	1
Regr_255053.14	1-ADP|För|6|MD 2-PART|att|1|OO 3-AUX|kunna|2|OO	3
Regr_255053.14	12-ADP|till|10|MD	1
Regr_255053.14	8-SCONJ|att|6|SB	1
Regr_255053.15	3-AUX|kan|0|-- 1-ADP|I|3|MD	2
Regr_255053.15	8-ADP|på|7|MD	1
Regr_255053.15	15-ADP|av|14|MD	1
Regr_255053.15	22-ADP|enligt|20|MD	1
Regr_255053.15	3-AUX|kan|0|-- 1-ADP|I|3|MD 10-ADP|genom|3|MD 11-PART|att|10|OO	4
Regr_255053.17	12-ADP|i|11|MD	1
Regr_255053.17	10-ADP|av|9|MD	1
Regr_255053.17	6-PART|att|5|MD	1
Regr_255053.17	3-SCONJ|att|2|OO 14-AUX|bör|3|OO 18-SCONJ|eftersom|14|MD	3
Regr_255053.18	11-ADP|om|10|MD	1
Regr_255053.18	19-ADP|i|18|MD	1
Regr_255053.18	21-ADP|genom|18|MD	1
Regr_255053.18	17-ADP|om|16|MD	1
Regr_255053.18	8-ADP|genom|7|MD 9-SCONJ|att|8|OO	2
Regr_255053.18	3-SCONJ|att|2|OO	1
Regr_255053.19	4-AUX|har|0|-- 5-AUX|varit|4|IV	2
Regr_255053.20	3-AUX|har|0|-- 4-AUX|varit|3|IV	2
Regr_255053.21	5-ADP|med|4|MD	1
Regr_255053.21	3-ADP|vid|2|MD	1
Regr_255053.21	11-ADP|i|10|MD	1
Regr_255053.22	7-SCONJ|då|6|MD	1
Regr_255053.22	4-ADP|i|2|MD	1
Regr_255053.22	22-ADP|för|21|MD	1
Regr_255053.22	18-ADP|för|17|MD 19-PART|att|18|OO	2
Regr_255053.22	16-AUX|har|2|conj	1
Regr_255053.23	2-SCONJ|som|1|MD	1
Regr_255053.23	13-ADP|till|15|MD	1
Regr_255053.23	12-ADP|vid|10|MD	1
Regr_255053.23	8-SCONJ|att|7|OO	1
Regr_255053.23	6-AUX|har|0|--	1
Regr_255053.24	13-ADP|på|11|MD	1
Regr_255053.24	8-SCONJ|som|7|MD 9-AUX|kommer|8|OO 10-PART|att|9|IV	3
Regr_255053.24	2-AUX|har|0|--	1
Regr_255053.25	7-AUX|kommer|17|OO 1-ADP|Utifrån|7|MD	2
Regr_255053.25	13-ADP|till|11|MD	1
Regr_255053.25	7-AUX|kommer|17|OO 1-ADP|Utifrån|7|MD 10-PART|att|7|IV	3
Regr_255268.2	6-ADP|i|2|OA	1
Regr_255268.2	13-ADP|för|12|MD	1
Regr_255268.2	8-PART|att|2|OO	1
Regr_255268.3	13-ADP|till|12|OA	1
Regr_255268.3	8-ADP|av|7|MD	1
Regr_255268.3	4-AUX|ska|0|--	1
Regr_255268.4	9-AUX|kan|6|OO	1
Regr_255268.4	5-ADP|på|4|MD	1
Regr_255268.4	2-AUX|ska|0|--	1
Regr_255268.5	5-ADP|på|4|MD	1
Regr_255268.5	11-ADP|till|10|MD	1
Regr_255268.5	18-ADP|för|17|MD	1
Regr_255268.5	14-SCONJ|som|4|MD	1
Regr_255268.6	9-SCONJ|att|8|ES	1
Regr_255268.7	17-ADP|för|16|MD	1
Regr_255268.7	33-SCONJ|som|32|MD	1
Regr_255268.7	29-ADP|gentemot|28|MD	1
Regr_255268.7	20-ADP|genom|14|MD 21-PART|att|20|OO	2
Regr_255268.7	10-ADP|av|9|MD 11-PART|att|10|OO	2
Regr_255268.7	37-ADP|i|8|MD	1
Regr_255268.7	5-ADP|på|4|MD 6-SCONJ|att|5|OO	2
Regr_255268.7	3-AUX|har|0|--	1
Regr_255268.8	9-ADP|för|8|MD	1
Regr_255268.9	18-ADP|till|20|MD	1
Regr_255268.9	13-PART|att|12|MD	1
Regr_255268.9	11-ADP|för|10|MD	1
Regr_255268.9	8-SCONJ|som|7|MD	1
Regr_255268.9	5-ADP|med|4|OA	1
Regr_255268.9	2-AUX|är|0|--	1
Regr_255268.10	4-ADP|i|3|MD	1
Regr_255268.10	2-ADP|till|1|MD	1
Regr_255268.10	11-ADP|i|10|MD	1
Regr_255268.10	7-AUX|är|14|OO	1
Regr_255268.11	5-ADP|mot|4|MD	1
Regr_255268.11	3-ADP|av|2|MD	1
Regr_255268.11	8-AUX|är|0|-- 9-SCONJ|att|8|SP 11-AUX|är|9|OO	3
Regr_255268.12	10-AUX|är|8|OO	1
Regr_255268.12	7-ADP|åt|5|OA	1
Regr_255268.12	3-AUX|ska|0|-- 4-AUX|kunna|3|IV	2
Regr_255268.13	4-AUX|ska|0|-- 5-AUX|vara|4|IV	2
Regr_255268.14	11-ADP|för|9|MD	1
Regr_255268.14	6-ADP|mot|5|MD	1
Regr_255268.14	2-AUX|är|16|OO	1
Regr_255268.15	2-AUX|ska|0|-- 3-ADP|bland|2|MD	2
Regr_255268.16	6-ADP|för|5|MD	1
Regr_255268.16	4-ADP|av|3|MD	1
Regr_255268.17	9-SCONJ|som|8|MD	1
Regr_255268.18	13-ADP|på|12|MD	1
Regr_255268.18	10-ADP|av|9|MD	1
Regr_255268.18	3-ADP|för|2|MD 8-ADP|mot|3|AN	2
Regr_255268.19	8-ADP|mellan|7|MD	1
Regr_255268.19	4-ADP|för|3|MD	1
Regr_255268.20	1-ADP|Till|3|MD	1
Regr_255268.20	7-ADP|av|6|OA	1
Regr_255268.21	9-ADP|om|8|OA	1
Regr_255268.21	6-AUX|ska|0|--	1
Regr_255022.1	6-ADP|för|5|MD	1
Regr_255022.1	2-AUX|vill|0|--	1
Regr_255022.2	6-ADP|i|4|OA	1
Regr_255022.2	18-ADP|för|17|MD	1
Regr_255022.2	26-ADP|på|25|MD	1
Regr_255022.2	23-ADP|från|16|MD	1
Regr_255022.2	32-ADP|i|31|MD	1
Regr_255022.2	29-ADP|till|16|MD	1
Regr_255022.2	14-ADP|av|13|MD 15-PART|att|14|OO	2
Regr_255022.2	12-AUX|kan|10|OO	1
Regr_255022.2	8-PART|att|4|OO	1
Regr_255022.2	2-AUX|kommer|0|-- 3-PART|att|2|IV	2
Regr_255022.3	4-ADP|vid|2|MD	1
Regr_255022.4	5-AUX|har|19|OO	1
Regr_255022.5	3-ADP|för|2|MD	1
Regr_255022.5	8-ADP|av|7|AG	1
Regr_255022.6	4-ADP|för|3|MD	1
Regr_255022.6	11-ADP|av|10|MD	1
Regr_255022.6	1-PART|att|0|--	1
Regr_255022.7	4-ADP|för|3|MD	1
Regr_255022.7	1-PART|att|0|--	1
Regr_255022.8	3-ADP|till|2|MD 4-SCONJ|att|3|OO 7-AUX|skulle|4|OO 8-AUX|kunna|7|IV	4
Regr_255022.8	1-PART|att|0|--	1
Regr_255022.9	15-SCONJ|som|14|MD	1
Regr_255022.9	11-SCONJ|att|9|OO 21-AUX|är|11|OO	2
Regr_255022.10	6-ADP|i|5|MD	1
Regr_255022.10	3-SCONJ|att|2|OO	1
Regr_255022.11	28-ADP|av|27|MD	1
Regr_255022.11	26-ADP|i|25|OA	1
Regr_255022.11	23-AUX|kommer|19|OO 24-PART|att|23|IV	2
Regr_255022.12	3-ADP|av|2|MD	1
Regr_255022.12	11-ADP|i|10|MD	1
Regr_255022.12	7-AUX|är|0|-- 9-SCONJ|att|7|SP	2
Regr_255022.13	4-ADP|för|3|MD	1
Regr_255022.13	19-ADP|för|18|OA	1
Regr_255022.13	16-ADP|för|12|MD 17-PART|att|16|OO	2
Regr_255022.13	10-SCONJ|att|9|OO	1
Regr_255022.13	8-AUX|skulle|0|--	1
Regr_255022.14	5-ADP|för|4|MD 6-PART|att|5|OO 7-AUX|vara|6|OO	3
Regr_255022.14	1-SCONJ|Då|9|MD 3-AUX|är|1|OO	2
Regr_255022.14	12-SCONJ|som|9|OA 13-SCONJ|att|12|OO 18-AUX|är|13|OO	3
Regr_255022.15	2-ADP|med|9|MD	1
Regr_255022.15	16-ADP|för|15|MD	1
Regr_255022.15	21-ADP|på|15|MD	1
Regr_255022.15	13-ADP|för|12|MD	1
Regr_255022.15	27-SCONJ|än|25|JF 28-ADP|vid|27|OO	2
Regr_255022.15	11-SCONJ|att|9|OO 24-AUX|är|11|OO	2
Regr_255022.16	2-AUX|är|11|OO 5-SCONJ|att|2|ES	2
Regr_255022.17	5-AUX|skulle|0|-- 2-ADP|På|5|MD	2
Regr_255022.17	9-ADP|av|7|MD 10-PART|att|9|OO	2
Regr_255022.18	1-SCONJ|Då|10|MD	1
Regr_255022.18	19-ADP|för|18|MD	1
Regr_255022.18	15-SCONJ|att|10|OO	1
Regr_255022.19	1-ADP|På|4|MD	1
Regr_255022.19	6-DET|ett|8|DT	1
Regr_255022.19	9-ADP|för|8|MD	1
Regr_255022.20	2-AUX|kommer|0|-- 3-ADP|inom|2|MD	2
Regr_255022.20	18-ADP|för|17|MD	1
Regr_255022.20	16-ADP|av|15|MD	1
Regr_255022.20	24-ADP|till|15|MD	1
Regr_255022.20	29-ADP|för|28|OO	1
Regr_255022.20	13-SCONJ|som|10|OO 27-AUX|skulle|13|OO	2
Regr_255022.20	9-PART|att|8|MD	1
Regr_255022.20	2-AUX|kommer|0|-- 3-ADP|inom|2|MD 5-PART|att|2|IV	3
Regr_255022.21	2-ADP|av|1|MD	1
Regr_255022.21	9-ADP|av|8|MD	1
Regr_255022.21	7-ADP|i|5|MD	1
Regr_255022.21	4-AUX|ska|0|--	1
Arbt_Folkomrostningen.1	2-ADP|om|1|MD	1
Arbt_Folkomrostningen.2	4-ADP|i|3|MD	1
Arbt_Folkomrostningen.2	12-ADP|på|11|MD	1
Arbt_Folkomrostningen.2	9-ADP|av|8|AG	1
Arbt_Folkomrostningen.2	7-SCONJ|som|3|MD	1
Arbt_Folkomrostningen.2	2-ADP|efter|15|MD	1
Arbt_Folkomrostningen.2	17-ADP|i|16|MD	1
Arbt_Folkomrostningen.2	22-ADP|av|21|MD	1
Arbt_Folkomrostningen.2	26-ADP|till|25|RA	1
Arbt_Folkomrostningen.2	28-ADP|för|25|MD 29-PART|att|28|OO	2
Arbt_Folkomrostningen.2	19-SCONJ|att|15|OO	1
Arbt_Folkomrostningen.3	2-ADP|för|1|MD	1
Arbt_Folkomrostningen.3	11-ADP|i|10|MD	1
Arbt_Folkomrostningen.3	7-SCONJ|att|5|OO 13-AUX|skulle|7|OO	2
Arbt_Folkomrostningen.3	16-ADP|enligt|5|MD	1
Arbt_Folkomrostningen.4	3-ADP|av|2|MD	1
Arbt_Folkomrostningen.4	8-ADP|till|7|OA	1
Arbt_Folkomrostningen.4	5-AUX|är|0|--	1
Arbt_Folkomrostningen.5	17-SCONJ|som|16|MD	1
Arbt_Folkomrostningen.5	15-ADP|av|14|MD	1
Arbt_Folkomrostningen.5	20-ADP|för|19|MD 21-SCONJ|att|20|OO 25-AUX|ska|21|OO 23-ADP|i|25|MD	4
Arbt_Folkomrostningen.5	11-SCONJ|där|9|MD	1
Arbt_Folkomrostningen.5	4-SCONJ|att|2|OO	1
Arbt_Folkomrostningen.6	9-ADP|till|2|MD	1
Arbt_Folkomrostningen.7	6-ADP|av|5|MD	1
Arbt_Folkomrostningen.7	4-ADP|i|3|MD	1
Arbt_Folkomrostningen.7	13-ADP|mot|12|MD	1
Arbt_Folkomrostningen.7	8-ADP|för|3|MD 9-PART|att|8|OO	2
Arbt_Folkomrostningen.8	15-ADP|till|13|OA	1
Arbt_Folkomrostningen.8	12-SCONJ|som|11|MD	1
Arbt_Folkomrostningen.8	8-PART|att|5|IV	1
Arbt_Folkomrostningen.8	3-AUX|har|0|--	1
Arbt_Folkomrostningen.10	6-ADP|i|4|MD	1
Arbt_Folkomrostningen.10	10-ADP|vid|4|MD	1
Arbt_Folkomrostningen.10	15-ADP|till|14|MD	1
Arbt_Folkomrostningen.10	27-ADP|på|26|MD	1
Arbt_Folkomrostningen.10	21-SCONJ|att|20|OO 24-AUX|kommer|21|OO 25-PART|att|24|IV	3
Arbt_Folkomrostningen.10	17-SCONJ|att|14|OO	1
Arbt_Folkomrostningen.11	8-ADP|om|7|MD	1
Arbt_Folkomrostningen.11	3-AUX|är|0|--	1
Arbt_Folkomrostningen.12	7-ADP|ur|6|AN	1
Arbt_Folkomrostningen.12	18-ADP|i|17|MD	1
Arbt_Folkomrostningen.12	14-ADP|av|13|MD 15-SCONJ|att|14|OO	2
Arbt_Folkomrostningen.12	12-SCONJ|att|11|OO 20-AUX|är|12|OO	2
Arbt_Folkomrostningen.12	9-SCONJ|då|3|MD	1
Arbt_Folkomrostningen.13	7-ADP|för|4|MD	1
Arbt_Folkomrostningen.14	7-ADP|i|6|MD	1
Arbt_Folkomrostningen.15	6-ADP|mot|5|OA	1
Arbt_Folkomrostningen.15	3-SCONJ|att|2|OO	1
Arbt_Folkomrostningen.16	12-SCONJ|som|10|EF	1
Arbt_Folkomrostningen.16	8-SCONJ|att|7|OO	1
Arbt_Folkomrostningen.16	2-AUX|är|17|OO 4-SCONJ|att|2|ES	2
Arbt_Folkomrostningen.16	19-ADP|i|17|MD	1
Arbt_Folkomrostningen.16	23-ADP|under|17|MD	1
Arbt_Folkomrostningen.17	6-ADP|av|5|MD	1
Arbt_Folkomrostningen.17	3-SCONJ|som|8|JF	1
Arbt_Folkomrostningen.17	15-ADP|på|14|MD	1
Arbt_Folkomrostningen.17	13-SCONJ|att|8|OO 17-AUX|är|13|OO	2
Arbt_Folkomrostningen.18	12-ADP|för|11|MD	1
Arbt_Folkomrostningen.19	9-AUX|ska|6|OO	1
Arbt_Folkomrostningen.19	5-ADP|på|4|MD	1
Arbt_Folkomrostningen.20	1-ADP|Under|3|MD	1
Arbt_Folkomrostningen.20	12-ADP|i|11|MD	1
Arbt_Folkomrostningen.20	15-ADP|av|14|AG	1
Arbt_Folkomrostningen.21	9-ADP|med|8|MD	1
Arbt_Folkomrostningen.21	14-ADP|från|12|MD	1
Arbt_Folkomrostningen.21	17-ADP|till|12|MD	1
Arbt_Folkomrostningen.21	7-SCONJ|att|6|OO	1
Arbt_Folkomrostningen.22	2-ADP|under|1|OA	1
Arbt_Folkomrostningen.22	14-ADP|från|13|MD	1
Arbt_Folkomrostningen.22	23-ADP|för|22|MD	1
Arbt_Folkomrostningen.22	34-PART|att|32|OO	1
Arbt_Folkomrostningen.22	11-SCONJ|där|8|MD	1
Arbt_Folkomrostningen.22	9-ADP|på|4|MD	1
Regr_255856.1	11-ADP|i|10|MD	1
Regr_255856.1	2-ADP|på|0|-- 5-ADP|för|2|MD 6-PART|att|5|OO	3
Regr_255856.2	3-AUX|kommer|0|-- 1-ADP|Under|3|MD	2
Regr_255856.2	12-ADP|i|11|MD	1
Regr_255856.2	27-ADP|för|26|MD	1
Regr_255856.2	24-ADP|av|23|MD	1
Regr_255856.2	14-ADP|för|8|MD 15-PART|att|14|OO	2
Regr_255856.2	3-AUX|kommer|0|-- 1-ADP|Under|3|MD 7-PART|att|3|IV	3
Regr_255856.3	3-AUX|har|0|-- 1-ADP|Mellan|3|MD	2
Regr_255856.3	5-ADP|i|4|MD	1
Regr_255856.3	8-ADP|med|7|MD	1
Regr_255856.4	4-AUX|har|0|-- 6-ADP|sedan|4|MD	2
Regr_255856.5	4-ADP|av|3|MD	1
Regr_255856.5	7-AUX|är|0|--	1
Regr_255856.6	6-ADP|av|5|MD	1
Regr_255856.6	4-SCONJ|som|3|MD	1
Regr_255856.6	11-ADP|med|10|MD	1
Regr_255856.6	16-ADP|i|15|MD	1
Regr_255856.6	18-ADP|till|15|OA	1
Regr_255856.7	6-ADP|hos|4|MD	1
Regr_255856.7	16-ADP|hos|15|OA	1
Regr_255856.7	14-AUX|är|4|conj	1
Regr_255856.8	9-ADP|i|8|RA	1
Regr_255856.8	3-AUX|är|12|OO	1
Regr_255856.9	2-ADP|från|1|MD	1
Regr_255856.9	13-ADP|om|12|MD	1
Regr_255856.9	17-ADP|mellan|12|MD	1
Regr_255856.9	5-ADP|på|4|OA	1
Regr_255856.10	4-ADP|för|3|MD 7-SCONJ|som|4|OO	2
Regr_255856.11	9-ADP|med|8|MD 10-PART|att|9|OO	2
Regr_255856.11	6-ADP|i|5|MD	1
Regr_255856.11	3-AUX|är|0|--	1
Regr_255856.12	7-ADP|i|6|AN	1
Regr_255856.12	27-ADP|på|26|MD	1
Regr_255856.12	24-ADP|om|23|MD	1
Regr_255856.12	16-ADP|för|3|MD 17-PART|att|16|OO	2
Regr_255856.12	1-AUX|Vill|34|OO	1
Regr_255856.13	4-ADP|över|2|OA	1
Regr_255856.13	9-ADP|i|8|MD	1
Regr_255856.13	7-ADP|från|2|RA	1
Regr_255856.13	13-ADP|i|12|MD	1
Regr_255856.13	11-ADP|till|2|RA	1
Regr_255856.14	6-ADP|med|5|MD	1
Regr_255856.14	2-AUX|kommer|0|-- 3-PART|att|2|IV	2
Arbt_Ariel.1	7-ADP|på|6|MD	1
Arbt_Ariel.1	4-ADP|med|1|MD	1
Arbt_Ariel.2	12-ADP|av|11|OA	1
Arbt_Ariel.2	8-ADP|med|7|MD	1
Arbt_Ariel.2	5-SCONJ|som|3|MD	1
Arbt_Ariel.2	25-ADP|i|24|RA	1
Arbt_Ariel.2	29-ADP|sedan|32|MD	1
Arbt_Ariel.2	33-ADP|i|32|RA	1
Arbt_Ariel.3	8-ADP|av|7|MD	1
Arbt_Ariel.3	6-ADP|i|3|MD	1
Arbt_Ariel.3	15-ADP|av|14|MD	1
Arbt_Ariel.4	6-ADP|för|5|MD	1
Arbt_Ariel.4	19-ADP|av|18|MD	1
Arbt_Ariel.4	17-ADP|sedan|21|MD	1
Arbt_Ariel.4	29-ADP|av|28|MD	1
Arbt_Ariel.4	25-ADP|i|21|RA	1
Arbt_Ariel.4	16-SCONJ|som|12|MD	1
Arbt_Ariel.4	2-AUX|var|0|-- 3-SCONJ|att|2|SP	2
Arbt_Ariel.5	5-ADP|i|3|RA	1
Arbt_Ariel.5	9-ADP|på|8|MD	1
Arbt_Ariel.6	5-ADP|av|4|MD	1
Arbt_Ariel.6	20-SCONJ|som|17|MD 23-AUX|var|20|OO 21-ADP|vid|23|MD	3
Arbt_Ariel.6	16-ADP|på|14|MD	1
Arbt_Ariel.6	13-ADP|i|12|MD	1
Arbt_Ariel.6	11-ADP|om|10|MD	1
Arbt_Ariel.6	9-AUX|var|0|--	1
Arbt_Ariel.7	5-ADP|sedan|4|AN	1
Arbt_Ariel.7	19-ADP|efter|17|MD	1
Arbt_Ariel.7	15-AUX|var|14|OO 16-PART|att|15|SP	2
Arbt_Ariel.7	9-ADP|för|8|MD	1
Arbt_Ariel.7	3-AUX|var|0|--	1
Arbt_Ariel.8	9-SCONJ|som|8|MD	1
Arbt_Ariel.8	6-ADP|för|5|MD	1
Arbt_Ariel.8	1-ADP|Efter|20|MD 2-SCONJ|att|1|OO 4-AUX|varit|2|OO	3
Arbt_Ariel.8	24-ADP|i|20|RA	1
Arbt_Ariel.10	9-ADP|i|7|conj	1
Arbt_Ariel.10	1-ADP|Trots|11|MD 2-SCONJ|att|1|OO	2
Arbt_Ariel.10	15-AUX|bli|11|IV	1
Arbt_Ariel.10	19-SCONJ|som|18|MD	1
Arbt_Ariel.10	21-ADP|i|18|MD	1
Arbt_Ariel.11	6-ADP|i|5|MD	1
Arbt_Ariel.11	2-SCONJ|om|9|MD	1
Arbt_Ariel.11	17-ADP|av|16|AG	1
Arbt_Ariel.11	27-ADP|mot|26|MD	1
Arbt_Ariel.11	25-ADP|i|30|MD	1
Arbt_Ariel.11	34-ADP|i|33|OA	1
Arbt_Ariel.11	23-SCONJ|sedan|9|MD	1
Arbt_Ariel.12	4-ADP|av|3|MD	1
Arbt_Ariel.12	9-ADP|under|8|OA	1
Arbt_Ariel.12	7-SCONJ|som|3|MD	1
Arbt_Ariel.12	11-SCONJ|att|2|OO	1
Arbt_Ariel.13	2-ADP|I|5|MD	1
Arbt_Ariel.13	13-PART|att|12|ES	1
Arbt_Ariel.13	22-ADP|från|21|OA	1
Arbt_Ariel.13	17-SCONJ|än|16|JF	1
Arbt_Ariel.14	16-ADP|i|15|MD	1
Arbt_Ariel.14	12-SCONJ|som|2|MD 14-AUX|var|12|OO	2
Arbt_Ariel.14	1-ADP|För|23|MD	1
Arbt_Ariel.14	24-ADP|med|23|MD	1
Arbt_Ariel.14	36-ADP|i|35|MD	1
Arbt_Ariel.14	31-ADP|om|30|MD 32-PART|att|31|OO	2
Arbt_Ariel.14	20-AUX|var|0|--	1
Arbt_Ariel.15	5-ADP|från|3|MD	1
Arbt_Ariel.16	4-ADP|från|2|MD	1
Arbt_Ariel.16	6-ADP|utan|2|MD 7-PART|att|6|OO	2
Arbt_Ariel.17	1-ADP|För|7|OA	1
Arbt_Ariel.17	4-AUX|är|0|--	1
Arbt_Ariel.18	9-ADP|för|8|MD 10-PART|att|9|OO	2
Arbt_Ariel.18	7-PART|att|4|ES	1
Arbt_Ariel.19	2-ADP|för|0|-- 3-PART|att|2|OO	2
Arbt_Ariel.20	8-PART|att|7|OO	1
Arbt_Ariel.20	3-AUX|var|0|--	1
Arbt_Ariel.21	12-ADP|till|11|RA	1
Arbt_Ariel.22	3-PART|att|5|OA	1
Arbt_Ariel.22	13-ADP|av|12|MD	1
Arbt_Ariel.22	11-ADP|i|10|OO	1
Arbt_Ariel.22	9-AUX|har|7|MD	1
Arbt_Ariel.23	2-AUX|var|0|-- 4-SCONJ|som|2|MD	2
Arbt_Ariel.23	2-AUX|var|0|-- 4-SCONJ|som|2|MD 6-SCONJ|som|2|EF	3
Arbt_Ariel.24	7-ADP|för|6|MD	1
Arbt_Ariel.24	2-AUX|är|14|OO	1
Arbt_Ariel.25	5-AUX|ha|4|IV 6-AUX|varit|5|IV 8-ADP|trots|6|MD	3
Arbt_Ariel.26	7-ADP|från|4|MD	1
Arbt_Ariel.26	10-ADP|för|4|MD	1
Arbt_Ariel.26	1-ADP|Efter|15|MD 2-SCONJ|att|1|OO	2
Arbt_Ariel.26	19-ADP|för|18|MD	1
Arbt_Ariel.27	3-ADP|i|6|MD	1
Arbt_Ariel.27	11-ADP|om|10|MD	1
Arbt_Ariel.27	8-ADP|för|6|MD	1
Arbt_Ariel.28	10-ADP|på|9|MD	1
Arbt_Ariel.28	7-ADP|på|6|MD	1
Arbt_Ariel.28	18-SCONJ|att|17|MD	1
Arbt_Ariel.28	14-ADP|med|4|MD	1
Arbt_Ariel.28	2-ADP|genom|1|MD 3-PART|att|2|OO	2
Arbt_Ariel.29	2-AUX|skulle|0|-- 4-ADP|trots|2|MD	2
Arbt_Ariel.29	20-ADP|i|18|OA	1
Arbt_Ariel.29	16-SCONJ|som|15|MD	1
Arbt_Ariel.29	13-ADP|till|8|MD	1
Arbt_Ariel.30	11-ADP|av|10|MD	1
Arbt_Ariel.30	9-ADP|i|2|MD	1
Arbt_Ariel.30	18-ADP|i|17|MD	1
Arbt_Ariel.30	27-ADP|under|17|MD	1
Arbt_Ariel.30	16-ADP|för|15|OA	1
Arbt_Ariel.31	10-AUX|vara|9|IV	1
Arbt_Ariel.31	3-SCONJ|att|2|OO 8-AUX|skulle|3|OO	2
Arbt_Ariel.32	13-ADP|från|11|OA 14-PART|att|13|OO	2
Arbt_Ariel.33	15-ADP|för|14|MD	1
Arbt_Ariel.33	11-ADP|av|10|MD	1
Arbt_Ariel.33	7-ADP|på|3|RA	1
Arbt_Ariel.33	22-ADP|av|21|AG	1
Arbt_Ariel.34	11-ADP|under|10|OA	1
Arbt_Ariel.34	4-SCONJ|att|2|OO 8-AUX|kommer|4|OO 9-PART|att|8|IV	3
Arbt_Ariel.35	7-ADP|av|6|MD	1
Arbt_Ariel.35	5-ADP|till|4|OA	1
Arbt_Ariel.35	3-AUX|ha|2|IV	1
Arbt_Ariel.36	1-SCONJ|Som|6|MD	1
Arbt_Ariel.36	8-ADP|genom|6|MD	1
Arbt_Ariel.37	9-SCONJ|som|8|MD	1
Arbt_Ariel.37	6-ADP|av|5|MD	1
Arbt_Ariel.37	2-SCONJ|som|1|MD	1
Arbt_Ariel.37	20-ADP|från|19|MD	1
Arbt_Ariel.37	16-SCONJ|som|15|MD	1
Arbt_Ariel.38	4-ADP|för|2|MD	1
Arbt_Ariel.38	11-ADP|till|10|MD	1
Arbt_Ariel.38	7-SCONJ|att|2|OO	1
Arbt_Ariel.38	28-ADP|på|27|MD	1
Arbt_Ariel.38	25-ADP|av|24|MD	1
Arbt_Ariel.38	21-ADP|om|20|MD 22-PART|att|21|OO	2
Arbt_Ariel.39	4-ADP|av|2|AG	1
Arbt_Ariel.39	20-ADP|på|19|MD	1
Arbt_Ariel.39	16-ADP|för|15|MD	1
Arbt_Ariel.40	2-ADP|av|1|MD	1
Arbt_Ariel.40	10-ADP|för|9|MD	1
Arbt_Ariel.40	5-AUX|är|0|--	1
Arbt_Ariel.41	4-ADP|i|8|MD	1
Arbt_Ariel.41	11-SCONJ|som|8|OA	1
Arbt_Ariel.41	2-SCONJ|om|26|MD	1
Arbt_Ariel.42	1-ADP|Enligt|3|MD	1
Arbt_Ariel.42	8-ADP|efter|3|OA	1
Arbt_Ariel.43	6-ADP|från|5|MD	1
Arbt_Ariel.43	17-SCONJ|om|23|DF	1
Arbt_Ariel.43	14-ADP|med|12|MD	1
Arbt_Ariel.43	11-PART|att|5|AN	1
Arbt_Ariel.44	14-PART|att|13|OO	1
Arbt_Ariel.44	11-SCONJ|som|10|MD 12-AUX|var|11|OO	2
Arbt_Ariel.44	7-ADP|efter|6|MD	1
Arbt_Ariel.45	3-SCONJ|att|2|OO 6-AUX|kommer|3|OO 7-PART|att|6|IV	3
Arbt_Ariel.47	10-ADP|om|9|MD 11-SCONJ|att|10|OO	2
Arbt_Ariel.48	3-AUX|var|0|-- 1-ADP|Enligt|3|MD	2
Arbt_Ariel.48	5-ADP|från|4|MD	1
Arbt_Ariel.48	12-PART|att|11|MD	1
Arbt_Ariel.49	3-AUX|var|0|--	1
Arbt_Ariel.50	3-SCONJ|att|2|OO 5-AUX|är|3|OO	2
Arbt_Ariel.51	1-SCONJ|Som|3|MD	1
Arbt_Ariel.51	8-ADP|till|6|MD	1
Arbt_Ariel.51	5-PART|att|3|OO	1
Arbt_Ariel.52	3-SCONJ|som|2|MD 5-AUX|var|3|OO	2
Arbt_Ariel.53	6-AUX|var|5|OO	1
Arbt_Ariel.53	3-SCONJ|som|2|MD	1
Arbt_Ariel.54	1-ADP|Enligt|4|MD	1
Arbt_Ariel.54	13-ADP|på|12|MD	1
Arbt_Ariel.54	10-ADP|i|9|MD	1
Arbt_Ariel.54	6-ADP|på|4|OA	1
Arbt_Ariel.55	11-ADP|på|9|OA	1
Arbt_Ariel.56	5-ADP|på|2|RA	1
Arbt_Ariel.57	2-SCONJ|som|1|MD	1
Arbt_Ariel.57	15-ADP|för|14|MD	1
Arbt_Ariel.57	13-SCONJ|som|12|MD	1
Arbt_Ariel.57	10-ADP|från|9|MD	1
Arbt_Ariel.57	7-ADP|av|6|MD	1
Arbt_Ariel.57	4-AUX|är|18|OO	1
Digi_2015-02.2	21-ADP|för|20|MD	1
Digi_2015-02.2	14-SCONJ|som|13|MD 15-AUX|är|14|OO	2
Digi_2015-02.2	11-ADP|för|9|MD	1
Digi_2015-02.2	7-ADP|av|6|MD	1
Digi_2015-02.3	3-ADP|om|2|MD	1
Digi_2015-02.4	4-ADP|av|3|MD	1
Digi_2015-02.4	6-AUX|har|0|-- 1-ADP|Under|6|MD	2
Digi_2015-02.4	14-ADP|för|13|MD	1
Digi_2015-02.4	11-ADP|med|10|MD	1
Digi_2015-02.4	6-AUX|har|0|-- 1-ADP|Under|6|MD 9-ADP|i|6|MD	3
Digi_2015-02.4	24-SCONJ|som|23|MD	1
Digi_2015-02.5	3-ADP|av|2|AG	1
Digi_2015-02.6	17-ADP|i|16|RA	1
Digi_2015-02.6	15-SCONJ|som|14|MD	1
Digi_2015-02.6	7-ADP|av|6|MD	1
Digi_2015-02.6	5-AUX|är|0|--	1
Digi_2015-02.7	10-ADP|i|9|MD	1
Digi_2015-02.7	21-ADP|till|20|MD 22-SCONJ|om|21|OO 25-AUX|är|22|OO	3
Digi_2015-02.7	17-ADP|om|16|OA 18-PART|att|17|OO	2
Digi_2015-02.7	2-AUX|är|0|-- 3-SCONJ|att|2|SP 5-AUX|ska|3|OO	3
Digi_2015-02.8	8-ADP|med|11|OA	1
Digi_2015-02.8	10-PART|att|7|OO	1
Digi_2015-02.8	6-SCONJ|som|5|MD	1
Digi_2015-02.9	5-SCONJ|som|4|MD	1
Digi_2015-02.9	3-AUX|är|1|OO	1
Digi_2015-02.9	13-ADP|på|12|MD	1
Digi_2015-02.9	11-ADP|från|10|MD	1
Digi_2015-02.9	30-ADP|i|29|MD	1
Digi_2015-02.9	28-SCONJ|som|27|MD	1
Digi_2015-02.9	25-ADP|på|24|MD	1
Digi_2015-02.9	22-AUX|är|0|--	1
Digi_2015-02.10	12-SCONJ|som|11|MD	1
Digi_2015-02.10	1-ADP|För|14|MD 2-SCONJ|att|1|OO 6-AUX|ska|2|OO 7-AUX|kunna|6|IV 8-AUX|vara|7|IV	5
Digi_2015-02.10	22-ADP|om|21|MD	1
Digi_2015-02.10	20-ADP|för|19|MD	1
Digi_2015-02.10	26-ADP|för|25|MD	1
Digi_2015-02.10	33-ADP|för|32|MD	1
Digi_2015-02.11	4-ADP|för|3|MD	1
Digi_2015-02.11	10-ADP|av|9|MD	1
Digi_2015-02.11	17-ADP|i|16|MD	1
Digi_2015-02.11	8-ADP|från|7|MD	1
Digi_2015-02.11	6-ADP|mellan|3|MD	1
Digi_2015-02.12	2-ADP|om|1|MD	1
Digi_2015-02.13	3-ADP|i|2|OA	1
Digi_2015-02.13	8-ADP|av|7|MD	1
Digi_2015-02.13	6-ADP|innan|10|MD	1
Digi_2015-02.13	27-ADP|av|26|MD	1
Digi_2015-02.13	15-ADP|för|14|MD	1
Digi_2015-02.13	12-ADP|till|11|MD	1
Digi_2015-02.13	5-SCONJ|att|2|OO	1
Digi_2015-02.14	3-ADP|med|2|MD	1
Digi_2015-02.14	1-ADP|I|8|MD	1
Digi_2015-02.14	18-ADP|med|17|MD	1
Digi_2015-02.14	14-ADP|för|13|MD	1
Digi_2015-02.14	9-ADP|med|8|MD 10-PART|att|9|OO	2
Digi_2015-02.14	6-AUX|har|0|--	1
Digi_2015-02.15	12-ADP|för|11|MD	1
Digi_2015-02.15	6-ADP|i|5|MD	1
Digi_2015-02.16	3-ADP|bland|2|MD	1
Digi_2015-02.16	11-AUX|kan|9|OO	1
Digi_2015-02.16	17-ADP|mellan|16|MD	1
Digi_2015-02.16	24-ADP|kring|23|MD	1
Digi_2015-02.16	29-ADP|i|27|RA	1
Digi_2015-02.17	4-ADP|på|3|MD	1
Digi_2015-02.17	2-ADP|till|1|MD	1
Digi_2015-02.18	2-AUX|har|0|-- 3-ADP|under|2|MD	2
Digi_2015-02.18	7-ADP|med|9|MD	1
Digi_2015-02.18	20-ADP|till|15|MD	1
Digi_2015-02.18	13-ADP|med|12|MD 14-PART|att|13|OO	2
Digi_2015-02.18	11-SCONJ|som|10|MD	1
Digi_2015-02.19	9-ADP|av|8|MD	1
Digi_2015-02.19	7-ADP|i|6|MD	1
Digi_2015-02.19	4-AUX|kommer|0|-- 5-PART|att|4|IV	2
Digi_2015-02.20	11-ADP|för|10|OA	1
Digi_2015-02.20	16-ADP|bland|15|MD	1
Digi_2015-02.20	2-AUX|kommer|0|-- 3-SCONJ|att|2|IV	2
Digi_2015-02.21	2-ADP|i|1|OA	1
Digi_2015-02.21	27-ADP|med|26|MD	1
Digi_2015-02.21	30-ADP|i|25|RA	1
Digi_2015-02.21	17-ADP|för|13|MD 18-PART|att|17|OO	2
Digi_2015-02.21	4-AUX|är|0|-- 6-SCONJ|att|4|SB 12-AUX|har|6|OO	3
Digi_2015-02.22	2-ADP|för|1|MD	1
Digi_2015-02.23	6-ADP|av|5|MD	1
Digi_2015-02.23	4-ADP|med|3|MD	1
Digi_2015-02.23	2-SCONJ|som|1|MD	1
Digi_2015-02.23	12-ADP|om|11|MD 17-SCONJ|som|12|OO 18-AUX|ska|17|OO	3
Digi_2015-02.24	17-ADP|i|16|OA	1
Digi_2015-02.24	23-ADP|för|22|MD	1
Digi_2015-02.24	19-PART|att|16|OO	1
Digi_2015-02.24	15-SCONJ|som|14|MD	1
Digi_2015-02.24	8-ADP|med|7|MD 9-PART|att|8|OO	2
Digi_2015-02.24	5-ADP|till|4|OA	1
Digi_2015-02.24	37-ADP|till|36|MD	1
Digi_2015-02.24	35-ADP|av|34|MD	1
Digi_2015-02.24	33-ADP|för|32|MD	1
Digi_2015-02.24	2-AUX|har|0|--	1
Digi_2015-02.25	23-ADP|i|20|RA	1
Digi_2015-02.25	18-SCONJ|som|11|OO 19-AUX|bör|18|OO	2
Digi_2015-02.25	9-ADP|med|8|MD 10-PART|att|9|OO	2
Digi_2015-02.25	7-ADP|i|6|MD	1
Digi_2015-02.25	4-SCONJ|som|3|OA	1
Digi_2015-02.25	2-AUX|är|0|--	1
Digi_2015-02.28	4-ADP|i|3|MD	1
Digi_2015-02.28	8-ADP|med|3|DF	1
Digi_2015-02.28	16-ADP|på|15|MD	1
Digi_2015-02.28	20-ADP|för|13|MD	1
Digi_2015-02.28	30-ADP|vid|29|MD	1
Digi_2015-02.28	26-ADP|på|24|RA	1
Digi_2015-02.28	33-ADP|mellan|24|MD	1
Digi_2015-02.29	8-ADP|på|4|RA	1
Digi_2015-02.29	12-ADP|med|11|MD	1
Digi_2015-02.29	3-PART|att|1|OO	1
Digi_2015-02.30	2-AUX|är|0|--	1
Digi_2015-02.31	5-ADP|i|2|MD	1
Digi_2015-02.32	3-ADP|på|1|MD	1
Digi_2015-02.32	11-ADP|på|10|MD	1
Digi_2015-02.32	9-ADP|för|1|MD	1
Arbt_Kraftigaprotester.1	3-ADP|efter|2|MD	1
Arbt_Kraftigaprotester.1	5-ADP|i|2|MD	1
Arbt_Kraftigaprotester.2	2-AUX|har|0|-- 3-ADP|under|2|MD	2
Arbt_Kraftigaprotester.2	10-ADP|av|9|MD	1
Arbt_Kraftigaprotester.2	7-ADP|över|6|MD	1
Arbt_Kraftigaprotester.2	14-ADP|i|6|RA	1
Arbt_Kraftigaprotester.2	2-AUX|har|0|-- 3-ADP|under|2|MD 5-AUX|varit|2|IV	3
Arbt_Kraftigaprotester.3	5-ADP|i|4|MD	1
Arbt_Kraftigaprotester.3	2-ADP|från|1|MD	1
Arbt_Kraftigaprotester.3	7-AUX|har|0|-- 8-AUX|varit|7|IV	2
Arbt_Kraftigaprotester.4	8-ADP|med|3|MD	1
Arbt_Kraftigaprotester.4	18-PART|att|17|MD	1
Arbt_Kraftigaprotester.4	16-ADP|i|3|MD	1
Arbt_Kraftigaprotester.5	5-ADP|på|3|RA	1
Arbt_Kraftigaprotester.6	13-ADP|på|11|MD	1
Arbt_Kraftigaprotester.6	21-ADP|till|20|MD	1
Arbt_Kraftigaprotester.6	26-ADP|till|16|MD	1
Arbt_Kraftigaprotester.7	3-AUX|var|0|-- 1-ADP|Enligt|3|MD	2
Arbt_Kraftigaprotester.7	11-ADP|i|10|MD	1
Arbt_Kraftigaprotester.7	9-ADP|från|8|MD	1
Arbt_Kraftigaprotester.7	7-ADP|på|6|MD	1
Arbt_Kraftigaprotester.8	20-ADP|för|17|OA	1
Arbt_Kraftigaprotester.8	13-ADP|i|12|MD	1
Arbt_Kraftigaprotester.8	6-ADP|efter|3|MD 7-SCONJ|att|6|OO	2
Arbt_Kraftigaprotester.9	13-PART|att|12|MD	1
Arbt_Kraftigaprotester.9	6-ADP|om|4|OA 7-SCONJ|att|6|OO 16-AUX|är|7|OO	3
Arbt_Kraftigaprotester.9	3-AUX|måste|0|--	1
Arbt_Kraftigaprotester.10	2-SCONJ|som|1|MD	1
Arbt_Kraftigaprotester.10	5-AUX|var|0|--	1
Arbt_Kraftigaprotester.11	9-SCONJ|som|8|MD 11-AUX|skulle|9|OO	2
Arbt_Kraftigaprotester.11	2-AUX|var|15|OO	1
Arbt_Kraftigaprotester.11	20-ADP|för|19|MD	1
Arbt_Kraftigaprotester.12	4-ADP|sedan|6|MD	1
Arbt_Kraftigaprotester.12	10-ADP|för|8|MD	1
Arbt_Kraftigaprotester.12	7-ADP|för|6|MD	1
Arbt_Kraftigaprotester.12	3-SCONJ|som|1|MD	1
Arbt_Kraftigaprotester.12	20-ADP|efter|18|MD	1
Arbt_Kraftigaprotester.13	7-ADP|utan|6|MD	1
Arbt_Kraftigaprotester.14	2-ADP|å|5|MD	1
Arbt_Kraftigaprotester.14	8-ADP|av|7|MD	1
Arbt_Kraftigaprotester.15	13-ADP|för|11|MD	1
Arbt_Kraftigaprotester.15	8-ADP|om|7|MD 9-SCONJ|att|8|OO	2
Arbt_Kraftigaprotester.15	5-SCONJ|som|3|OA	1
Arbt_Kraftigaprotester.16	2-AUX|var|0|-- 5-SCONJ|som|2|EF	2
Arbt_Kraftigaprotester.17	1-ADP|Enligt|3|MD	1
Arbt_Kraftigaprotester.17	9-ADP|i|3|RA	1
Arbt_Kraftigaprotester.17	19-ADP|i|21|MD	1
Arbt_Kraftigaprotester.17	22-ADP|på|21|RA	1
Arbt_Kraftigaprotester.17	18-SCONJ|att|15|IV	1
Arbt_Kraftigaprotester.18	15-ADP|genom|17|MD	1
Arbt_Kraftigaprotester.18	12-SCONJ|som|11|MD	1
Arbt_Kraftigaprotester.19	12-ADP|med|16|MD	1
Arbt_Kraftigaprotester.19	11-SCONJ|som|8|MD	1
Arbt_Kraftigaprotester.19	6-SCONJ|som|4|MD	1
Arbt_Kraftigaprotester.20	17-ADP|på|16|RA	1
Arbt_Kraftigaprotester.20	11-SCONJ|som|9|MD	1
Arbt_Kraftigaprotester.20	8-ADP|på|7|MD	1
Arbt_Kraftigaprotester.20	6-ADP|i|2|RA	1
Arbt_Kraftigaprotester.21	21-ADP|till|17|MD	1
Arbt_Kraftigaprotester.22	2-ADP|å|5|MD	1
Arbt_Kraftigaprotester.22	6-SCONJ|att|5|OO	1
Arbt_Kraftigaprotester.23	4-AUX|är|0|-- 1-ADP|Enligt|4|MD	2
Arbt_Kraftigaprotester.23	16-ADP|för|15|MD	1
Arbt_Kraftigaprotester.23	23-ADP|för|22|OA	1
Arbt_Kraftigaprotester.23	10-SCONJ|där|9|MD	1
Arbt_Kraftigaprotester.23	8-ADP|i|7|MD	1
Arbt_Kraftigaprotester.24	15-ADP|av|12|AG	1
Arbt_Kraftigaprotester.24	8-ADP|över|7|MD 11-SCONJ|som|8|OO	2
Arbt_Kraftigaprotester.25	15-ADP|från|14|MD	1
Arbt_Kraftigaprotester.25	10-ADP|i|3|MD	1
Arbt_Kraftigaprotester.25	2-ADP|enligt|19|MD	1
Arbt_Kraftigaprotester.25	25-ADP|av|19|AG	1
Arbt_Kraftigaprotester.25	31-ADP|under|19|MD	1
Arbt_Kraftigaprotester.26	6-ADP|av|5|MD	1
Arbt_Kraftigaprotester.26	4-ADP|efter|9|MD	1
Arbt_Kraftigaprotester.26	11-DET|en|14|DT	1
Arbt_Kraftigaprotester.26	18-ADP|av|9|AG	1
Arbt_Kraftigaprotester.26	20-ADP|i|9|RA	1
Arbt_Kraftigaprotester.27	14-ADP|av|13|MD	1
Arbt_Kraftigaprotester.27	9-SCONJ|där|8|MD 16-AUX|är|9|OO	2
Arbt_Kraftigaprotester.27	4-PART|att|3|ES	1
Arbt_Kraftigaprotester.28	4-SCONJ|som|3|JF	1
Arbt_Kraftigaprotester.28	6-SCONJ|där|3|MD 11-AUX|är|6|OO 8-ADP|till|11|MD	3
Arbt_Kraftigaprotester.28	25-AUX|är|37|OO 1-ADP|I|25|RA	2
Arbt_Kraftigaprotester.28	33-SCONJ|som|31|OA	1
Arbt_Kraftigaprotester.28	25-AUX|är|37|OO 1-ADP|I|25|RA 28-SCONJ|att|25|ES	3
Arbt_Kraftigaprotester.29	9-AUX|måste|0|-- 1-ADP|För|9|MD 2-PART|att|1|OO 3-AUX|få|2|OO 5-PART|att|3|IV	5
Arbt_Kraftigaprotester.29	9-AUX|måste|0|-- 1-ADP|För|9|MD 2-PART|att|1|OO 3-AUX|få|2|OO 5-PART|att|3|IV 12-ADP|enligt|9|MD	6
Arbt_Kraftigaprotester.29	20-ADP|till|19|OA	1
Arbt_Kraftigaprotester.29	22-ADP|med|19|MD	1
Arbt_Kraftigaprotester.30	5-AUX|är|21|OO 2-ADP|på|5|MD	2
Arbt_Kraftigaprotester.30	10-ADP|av|9|MD	1
Arbt_Kraftigaprotester.30	18-ADP|till|17|MD	1
Arbt_Kraftigaprotester.30	16-ADP|med|14|conj	1
Arbt_Kraftigaprotester.30	5-AUX|är|21|OO 2-ADP|på|5|MD 8-SCONJ|att|5|ES	3
Arbt_Kraftigaprotester.31	15-ADP|av|12|AG	1
Arbt_Kraftigaprotester.31	9-SCONJ|som|7|MD	1
Arbt_Kraftigaprotester.31	6-ADP|med|5|MD	1
Arbt_Kraftigaprotester.31	3-ADP|från|2|MD 4-ADP|i|3|OO	2
Arbt_Kraftigaprotester.31	22-AUX|har|0|-- 1-ADP|Till|22|MD	2
Arbt_Kraftigaprotester.31	30-SCONJ|att|29|OO	1
Arbt_Kraftigaprotester.32	5-ADP|i|4|OA 6-SCONJ|att|5|OO	2
Arbt_Kraftigaprotester.33	5-SCONJ|att|4|OO	1
Arbt_Kraftigaprotester.33	9-AUX|ska|0|-- 1-SCONJ|Om|9|MD	2
Arbt_Kraftigaprotester.34	3-SCONJ|som|2|MD	1
Arbt_Kraftigaprotester.34	10-SCONJ|att|9|MD	1
Arbt_Kraftigaprotester.34	8-ADP|i|7|OA	1
Regr_255096.2	4-ADP|av|3|MD	1
Regr_255096.2	7-AUX|vill|0|-- 1-SCONJ|Som|7|MD	2
Regr_255096.3	12-ADP|i|11|MD	1
Regr_255096.3	8-ADP|med|7|MD	1
Regr_255096.3	6-ADP|i|2|MD	1
Regr_255096.4	2-ADP|med|1|MD	1
Regr_255096.4	8-ADP|från|7|MD	1
Regr_255096.4	4-AUX|är|0|-- 5-SCONJ|att|4|SP 10-AUX|kan|5|OO	3
Regr_255096.5	7-ADP|i|6|OA	1
Regr_255096.5	9-ADP|under|6|MD	1
Regr_255096.5	2-AUX|är|0|-- 3-SCONJ|att|2|SP 5-AUX|ska|3|OO	3
Regr_255096.6	6-ADP|i|5|MD	1
Regr_255096.6	9-SCONJ|som|5|MD	1
Regr_255096.6	2-ADP|på|1|MD	1
Regr_255096.6	22-ADP|i|21|MD	1
Regr_255096.6	20-ADP|till|18|MD	1
Regr_255096.6	14-SCONJ|att|13|OO	1
Regr_255096.7	2-ADP|i|1|MD	1
Regr_255096.8	2-AUX|har|0|-- 5-ADP|i|2|MD 3-ADP|till|5|MD	3
Regr_255096.8	12-ADP|i|11|MD	1
Regr_255096.8	8-ADP|av|7|MD	1
Regr_255096.8	21-ADP|i|20|MD	1
Regr_255096.8	19-ADP|i|18|MD	1
Regr_255096.8	16-SCONJ|att|15|OO 30-AUX|är|16|OO 25-ADP|till|30|MD	3
Regr_255096.8	34-ADP|i|33|MD	1
Regr_255096.8	32-ADP|till|31|OA	1
Regr_255096.8	2-AUX|har|0|-- 5-ADP|i|2|MD 3-ADP|till|5|MD 14-AUX|kunnat|2|IV	4
Regr_255096.9	7-SCONJ|än|5|JF	1
Regr_255096.9	16-ADP|till|15|MD	1
Regr_255096.9	12-ADP|utan|4|MD 13-PART|att|12|OO	2
Regr_255096.10	9-ADP|av|8|MD	1
Regr_255096.10	3-ADP|om|2|OA	1
Regr_255096.11	2-AUX|får|6|OO	1
Regr_255096.12	13-ADP|i|12|OA	1
Regr_255096.12	11-AUX|är|2|conj	1
Regr_255096.14	6-ADP|i|5|MD	1
Regr_255096.14	4-PART|att|2|OO	1
Regr_255096.15	4-ADP|av|3|MD	1
Regr_255096.15	6-AUX|vill|0|-- 1-SCONJ|Som|6|MD	2
Regr_255096.15	6-AUX|vill|0|-- 1-SCONJ|Som|6|MD 8-ADP|bland|6|MD	3
Regr_255096.16	10-SCONJ|som|9|MD	1
Regr_255096.16	15-ADP|i|13|MD	1
Regr_255096.16	21-ADP|från|20|MD	1
Regr_255096.16	18-SCONJ|att|17|MD 23-AUX|kan|18|OO	2
Regr_255096.16	4-SCONJ|att|3|OO	1
Regr_255096.16	2-AUX|ska|0|--	1
Regr_255096.17	7-ADP|i|6|OA	1
Regr_255096.17	9-ADP|under|6|MD	1
Regr_255096.17	2-AUX|är|0|-- 3-SCONJ|att|2|SP 5-AUX|ska|3|OO	3
Regr_255096.18	15-ADP|i|14|MD	1
Regr_255096.18	13-ADP|på|11|MD	1
Regr_255096.18	9-ADP|för|8|MD 10-PART|att|9|OO	2
Regr_255096.18	2-SCONJ|Om|19|MD	1
Regr_255096.18	23-ADP|för|22|MD	1
Regr_255096.18	25-PART|att|19|OO	1
Regr_255096.19	14-ADP|i|11|MD	1
Regr_255096.19	20-ADP|i|19|MD	1
Regr_255096.19	16-ADP|under|5|MD	1
Regr_255096.20	4-PART|att|3|OO	1
Regr_255096.20	2-AUX|är|0|--	1
Regr_255216.1	4-ADP|med|3|MD	1
Regr_255216.2	7-ADP|i|6|OA	1
Regr_255216.2	18-ADP|för|17|MD	1
Regr_255216.2	9-ADP|till|6|OA	1
Regr_255216.2	35-ADP|till|32|MD	1
Regr_255216.2	41-SCONJ|som|40|MD	1
Regr_255216.2	37-ADP|inför|32|MD	1
Regr_255216.2	31-PART|att|6|OO	1
Regr_255216.2	5-PART|att|4|OO	1
Regr_255216.2	2-AUX|har|0|--	1
Regr_255216.3	4-ADP|till|3|MD	1
Regr_255216.3	2-AUX|ska|0|--	1
Regr_255216.4	14-SCONJ|som|12|MD 15-AUX|kommer|14|OO 16-PART|att|15|IV	3
Regr_255216.4	9-ADP|med|8|MD	1
Regr_255216.4	7-ADP|på|6|MD	1
Regr_255216.4	5-ADP|av|4|MD	1
Regr_255216.4	2-AUX|är|0|--	1
Regr_255216.5	4-AUX|kommer|0|-- 1-ADP|Med|4|MD	2
Regr_255216.5	13-ADP|inför|9|MD	1
Regr_255216.5	8-PART|att|7|IV	1
Regr_255216.6	2-AUX|kommer|0|-- 3-PART|att|2|IV	2
Regr_255216.7	3-SCONJ|som|2|OA	1
Regr_255216.7	8-ADP|till|7|MD	1
Regr_255216.7	5-PART|att|2|OO	1
Regr_255216.8	3-ADP|med|2|MD	1
Regr_255216.8	1-ADP|I|5|MD	1
Regr_255216.8	11-ADP|för|10|MD	1
Regr_255216.8	40-ADP|till|39|MD	1
Regr_255216.8	38-ADP|med|37|MD	1
Regr_255216.8	42-ADP|inför|37|MD	1
Regr_255216.8	36-PART|att|5|IV	1
Regr_255216.9	7-ADP|med|6|MD	1
Regr_255216.9	5-ADP|i|4|MD	1
Regr_255216.9	2-AUX|kommer|0|--	1
Regr_255216.10	22-ADP|för|21|MD	1
Regr_255216.10	16-SCONJ|som|15|MD 17-AUX|kommer|16|OO	2
Regr_255216.10	12-ADP|inför|11|MD	1
Regr_255216.10	9-ADP|av|8|MD	1
Regr_255216.11	19-ADP|inom|18|MD	1
Regr_255216.11	15-ADP|på|14|MD 17-SCONJ|som|15|OO	2
Regr_255216.11	13-ADP|med|12|OA	1
Regr_255216.11	11-PART|att|2|IV	1
Regr_255216.12	10-ADP|för|9|MD 11-PART|att|10|OO 12-AUX|vara|11|OO 17-ADP|i|12|MD	4
Regr_255216.12	7-SCONJ|att|6|OO	1
Regr_255216.12	2-AUX|vill|20|OO	1
Regr_255216.12	26-ADP|för|25|MD	1
Regr_255216.13	5-ADP|för|4|OA	1
Regr_255216.13	11-ADP|i|10|OA	1
Regr_255216.13	3-AUX|är|28|OO 8-SCONJ|att|3|ES	2
Regr_255216.14	8-ADP|i|4|MD	1
Regr_255216.14	2-AUX|måste|0|--	1
Regr_255926.2	13-ADP|till|2|OA	1
Regr_255926.3	9-ADP|efter|8|MD	1
Regr_255926.3	3-AUX|är|0|-- 4-SCONJ|att|3|SP 7-AUX|ska|4|OO	3
Regr_255926.4	3-ADP|i|2|MD	1
Regr_255926.4	17-ADP|för|16|MD	1
Regr_255926.4	7-ADP|till|6|OA	1
Regr_255926.5	6-ADP|till|5|RA	1
Regr_255926.5	4-SCONJ|som|3|MD	1
Regr_255926.5	8-AUX|är|0|-- 1-ADP|För|8|MD	2
Regr_255926.5	10-ADP|till|9|MD	1
Regr_255926.5	15-ADP|i|17|MD	1
Regr_255926.5	21-DET|alla|24|DT	1
Regr_255926.5	18-SCONJ|än|17|JF 19-ADP|i|18|OO	2
Regr_255926.6	8-ADP|i|7|RA	1
Regr_255926.6	5-ADP|till|4|MD 6-PART|att|5|OO	2
Regr_255926.6	12-AUX|är|0|-- 14-PART|att|12|SP	2
Regr_255926.7	1-ADP|För|11|OA 2-SCONJ|att|1|OO 6-AUX|ska|2|OO	3
Regr_255926.7	8-AUX|är|0|--	1
Regr_255926.8	1-ADP|I|3|MD	1
Regr_255926.10	4-ADP|för|3|MD	1
Regr_255926.10	2-ADP|i|1|MD	1
Regr_255926.10	10-SCONJ|som|9|MD	1
Regr_255926.10	17-ADP|i|15|MD	1
Regr_255926.11	9-ADP|för|8|MD	1
Regr_255926.11	7-ADP|i|6|MD	1
Regr_255926.12	12-ADP|efter|11|OA	1
Regr_255926.12	8-SCONJ|som|7|MD 9-AUX|är|8|OO	2
Regr_255926.12	3-SCONJ|att|2|OO 5-AUX|ska|3|OO	2
Regr_255926.13	7-SCONJ|att|6|ES 12-AUX|ska|7|OO 9-ADP|i|12|MD	3
Regr_255926.13	20-SCONJ|som|19|MD	1
Regr_255926.13	18-ADP|på|17|MD	1
Regr_255926.13	14-ADP|för|13|MD 15-SCONJ|att|14|OO	2
Regr_255926.13	4-SCONJ|att|3|MD	1
Regr_255926.14	4-SCONJ|om|3|OO	1
Regr_255926.14	2-AUX|ska|0|--	1
Regr_255926.15	5-SCONJ|som|4|MD	1
Regr_255926.15	7-ADP|på|4|MD	1
Regr_255926.15	3-ADP|i|2|MD	1
Regr_255926.16	6-ADP|med|5|MD	1
Regr_255926.16	4-SCONJ|att|3|OO	1
Regr_255926.16	2-AUX|ska|0|--	1
Regr_255926.17	4-ADP|i|3|MD	1
Regr_255926.17	6-ADP|på|3|MD	1
Regr_255926.17	15-SCONJ|än|14|JF	1
Regr_255926.17	12-SCONJ|som|11|MD	1
Regr_255926.17	9-ADP|inom|3|MD	1
Regr_255926.18	8-DET|de|9|DT	1
Regr_255926.18	3-SCONJ|att|2|OO 5-AUX|kan|3|OO	2
Regr_255926.19	6-ADP|inom|5|MD	1
Regr_255926.19	2-ADP|för|1|MD	1
Regr_255926.20	8-SCONJ|som|6|JF	1
Regr_255926.20	15-ADP|för|12|OA	1
Regr_255926.20	23-SCONJ|än|21|JF	1
Regr_255926.20	4-SCONJ|som|3|MD	1
Regr_255926.21	14-ADP|inom|13|MD	1
Regr_255926.21	18-ADP|på|13|MD	1
Regr_255926.21	11-PART|att|10|IV	1
Regr_255926.21	9-SCONJ|som|8|MD	1
Regr_255926.21	7-SCONJ|att|5|OO	1
Regr_255926.21	4-PART|att|3|OO	1
Regr_255926.22	13-ADP|inom|12|MD	1
Regr_255926.22	10-ADP|för|9|MD	1
Regr_255926.22	4-ADP|för|3|OA 5-SCONJ|att|4|OO	2
Regr_255655.1	3-ADP|för|2|MD	1
Regr_255655.2	9-ADP|för|8|MD	1
Regr_255655.2	5-ADP|om|4|MD 6-PART|att|5|OO	2
Regr_255655.2	15-ADP|av|14|MD	1
Regr_255655.2	13-ADP|till|2|MD	1
Regr_255655.3	12-ADP|för|11|MD	1
Regr_255655.3	9-SCONJ|som|7|JF 10-ADP|i|9|OO	2
Regr_255655.3	6-ADP|till|4|MD	1
Regr_255655.3	2-AUX|är|0|-- 3-PART|att|2|SP	2
Regr_255655.4	2-ADP|för|1|MD	1
Regr_255655.4	17-SCONJ|som|15|JF	1
Regr_255655.4	20-SCONJ|som|19|OA	1
Regr_255655.4	12-SCONJ|att|11|MD	1
Regr_255655.4	5-AUX|är|0|-- 6-SCONJ|att|5|SP 9-AUX|ska|6|OO	3
Regr_255655.5	4-AUX|har|0|--	1
Regr_255655.6	7-ADP|i|6|MD	1
Regr_255655.6	17-ADP|för|16|MD	1
Regr_255655.6	22-ADP|i|21|MD	1
Regr_255655.6	14-SCONJ|än|13|JF	1
Regr_255655.6	4-ADP|till|3|OA 5-SCONJ|att|4|OO	2
Regr_255655.6	2-AUX|har|0|--	1
Regr_255655.7	3-ADP|med|2|MD	1
Regr_255655.7	5-ADP|utifrån|2|MD	1
Regr_255655.8	7-ADP|i|6|MD	1
Regr_255655.8	11-ADP|i|10|MD	1
Regr_255655.8	5-SCONJ|att|3|OO 13-AUX|har|5|OO	2
Regr_255655.9	14-ADP|till|13|AN	1
Regr_255655.9	17-ADP|till|16|MD	1
Regr_255655.9	11-ADP|för|10|MD	1
Regr_255655.9	6-ADP|för|5|MD	1
Regr_255655.9	26-ADP|för|25|MD	1
Regr_255655.9	23-SCONJ|som|21|JF 24-ADP|i|23|OO	2
Regr_255655.9	20-ADP|till|4|MD	1
Regr_255655.9	3-PART|att|2|MD	1
Regr_255655.9	1-ADP|I|29|MD	1
Regr_255655.9	31-ADP|med|29|MD	1
Regr_255655.9	34-ADP|till|29|MD	1
Regr_255655.10	10-ADP|för|9|MD	1
Regr_255655.10	8-ADP|i|7|MD	1
Regr_255655.11	9-ADP|efter|8|MD	1
Regr_255655.11	3-SCONJ|att|2|MD	1
Regr_255655.11	19-ADP|om|18|MD	1
Regr_255655.11	17-ADP|i|16|MD	1
Regr_255655.11	24-ADP|för|23|MD	1
Regr_255655.11	22-ADP|i|16|MD	1
Regr_255655.11	12-SCONJ|att|11|OO 14-AUX|kommer|12|OO 15-PART|att|14|IV	3
Regr_255655.13	4-ADP|för|3|MD	1
Regr_255655.13	11-ADP|för|10|MD	1
Regr_255655.13	16-ADP|i|18|MD	1
Regr_255655.13	14-SCONJ|som|13|MD	1
Regr_255655.13	6-AUX|är|0|-- 7-SCONJ|att|6|SP	2
Regr_255655.14	9-SCONJ|som|8|MD	1
Regr_255655.14	6-ADP|för|5|MD	1
Regr_255655.14	4-ADP|inom|3|MD	1
Regr_255655.14	2-AUX|ska|0|--	1
Regr_255655.15	14-ADP|för|13|MD	1
Regr_255655.15	12-ADP|om|11|MD	1
Regr_255655.15	9-ADP|genom|2|MD 10-PART|att|9|OO	2
Regr_255655.16	3-ADP|om|2|MD	1
Regr_255655.16	7-ADP|från|6|MD	1
Regr_255655.16	5-ADP|efter|2|MD	1
Regr_255655.17	7-ADP|av|6|MD	1
Regr_255655.17	3-ADP|för|2|OA	1
Regr_255655.17	11-ADP|för|10|MD	1
Regr_255655.17	9-ADP|inom|2|MD	1
Regr_255655.18	11-ADP|till|10|MD	1
Regr_255655.18	8-ADP|i|5|MD	1
Regr_255655.19	6-ADP|till|5|MD	1
Regr_255655.19	8-ADP|i|5|MD	1
Regr_255655.19	3-AUX|kommer|0|-- 4-PART|att|3|IV	2
Regr_255954.1	5-ADP|i|4|MD	1
Regr_255954.2	17-ADP|i|16|MD	1
Regr_255954.2	14-ADP|till|13|MD	1
Regr_255954.2	24-ADP|av|23|MD	1
Regr_255954.2	22-ADP|till|10|MD	1
Regr_255954.2	8-ADP|om|5|MD 9-PART|att|8|OO	2
Regr_255954.2	6-ADP|till|2|MD	1
Regr_255954.3	9-ADP|i|8|MD	1
Regr_255954.3	6-ADP|till|5|MD	1
Regr_255954.3	11-AUX|är|0|-- 2-PART|Att|11|SB	2
Regr_255954.3	22-ADP|i|21|MD	1
Regr_255954.3	18-ADP|till|17|MD	1
Regr_255954.3	15-ADP|för|14|MD	1
Regr_255954.4	10-ADP|i|9|MD	1
Regr_255954.4	22-ADP|i|21|MD	1
Regr_255954.4	19-ADP|i|18|MD	1
Regr_255954.4	13-SCONJ|som|9|MD	1
Regr_255954.4	5-ADP|av|4|MD	1
Regr_255954.4	2-AUX|är|25|OO	1
Regr_255954.5	5-ADP|i|3|OA	1
Regr_255954.5	20-ADP|i|19|MD	1
Regr_255954.5	16-ADP|av|15|MD	1
Regr_255954.5	12-ADP|för|11|MD 13-PART|att|12|OO	2
Regr_255954.5	10-ADP|till|9|MD	1
Regr_255954.5	8-PART|att|3|ES	1
Regr_255954.5	27-SCONJ|eftersom|3|MD	1
Regr_255954.6	4-ADP|på|3|OA	1
Regr_255954.7	4-ADP|i|3|MD	1
Regr_255954.7	11-ADP|från|10|MD	1
Regr_255954.7	7-ADP|mot|6|OA	1
Regr_255954.8	9-ADP|av|8|OA	1
Regr_255954.8	21-ADP|av|20|MD	1
Regr_255954.8	7-PART|att|4|IV	1
Regr_255954.9	2-AUX|kommer|0|-- 3-ADP|under|2|MD	2
Regr_255954.9	12-ADP|på|11|MD	1
Regr_255954.9	8-ADP|till|7|OA	1
Regr_255954.9	2-AUX|kommer|0|-- 3-ADP|under|2|MD 6-PART|att|2|IV	3
Regr_255954.10	4-ADP|i|3|MD	1
Regr_255954.10	7-ADP|under|6|MD	1
Regr_255954.10	15-ADP|under|13|MD	1
Regr_255954.10	11-AUX|kommer|6|conj 12-PART|att|11|IV	2
Regr_255954.11	6-ADP|i|5|MD	1
Regr_255954.11	2-ADP|för|1|MD	1
Regr_255954.11	16-ADP|enligt|13|MD	1
Regr_255954.11	11-ADP|till|10|MD 12-PART|att|11|OO	2
Regr_255954.11	25-ADP|i|24|MD	1
Regr_255954.11	22-ADP|till|21|MD	1
Regr_255954.11	8-AUX|är|0|-- 9-PART|att|8|SP	2
Digi_2014-05.4	2-AUX|har|0|--	1
Digi_2014-05.5	4-ADP|i|2|MD	1
Digi_2014-05.5	16-ADP|av|15|MD	1
Digi_2014-05.5	14-ADP|inom|13|OA	1
Digi_2014-05.5	12-AUX|är|10|conj	1
Digi_2014-05.5	9-SCONJ|som|8|MD	1
Digi_2014-05.5	7-ADP|till|2|OA	1
Digi_2014-05.5	34-ADP|för|33|MD	1
Digi_2014-05.5	37-ADP|i|33|MD	1
Digi_2014-05.5	28-SCONJ|som|27|MD	1
Digi_2014-05.5	26-ADP|till|2|conj	1
Digi_2014-05.6	1-ADP|I|6|RA	1
Digi_2014-05.6	25-ADP|för|24|OO	1
Digi_2014-05.6	18-SCONJ|som|17|MD	1
Digi_2014-05.6	15-ADP|för|13|MD	1
Digi_2014-05.6	11-ADP|av|10|MD	1
Digi_2014-05.7	4-ADP|för|3|MD	1
Digi_2014-05.7	8-PART|att|7|MD	1
Digi_2014-05.8	21-ADP|av|20|MD	1
Digi_2014-05.8	15-ADP|med|14|MD	1
Digi_2014-05.8	13-ADP|vid|12|MD	1
Digi_2014-05.8	11-AUX|bör|9|OO	1
Digi_2014-05.8	7-ADP|om|6|MD	1
Digi_2014-05.8	2-AUX|har|0|--	1
Digi_2014-05.9	8-ADP|för|7|MD	1
Digi_2014-05.9	20-ADP|av|19|MD	1
Digi_2014-05.9	18-ADP|för|17|MD	1
Digi_2014-05.9	16-SCONJ|som|15|MD	1
Digi_2014-05.9	14-PART|att|13|OO	1
Digi_2014-05.9	11-SCONJ|som|7|MD 12-AUX|är|11|OO	2
Digi_2014-05.9	2-AUX|har|0|--	1
Digi_2014-05.10	4-ADP|utifrån|3|OA	1
Digi_2014-05.10	2-AUX|är|0|--	1
Digi_2014-05.11	3-ADP|av|2|AG	1
Digi_2014-05.11	6-ADP|i|2|MD	1
Digi_2014-05.11	15-ADP|med|14|MD	1
Digi_2014-05.11	11-AUX|kommer|2|conj 13-PART|att|11|IV	2
Digi_2014-05.13	2-AUX|skulle|0|-- 4-AUX|kunna|2|IV	2
Digi_2014-05.14	3-ADP|i|2|OA	1
Digi_2014-05.14	26-ADP|av|25|MD	1
Digi_2014-05.14	33-ADP|hos|32|RA	1
Digi_2014-05.14	31-AUX|kan|13|OO	1
Digi_2014-05.14	12-ADP|för|11|MD	1
Digi_2014-05.14	9-ADP|om|8|MD	1
Digi_2014-05.14	5-PART|att|2|OO	1
Digi_2014-05.15	1-ADP|För|3|MD	1
Digi_2014-05.15	25-ADP|i|23|MD	1
Digi_2014-05.15	21-AUX|skulle|19|OO 22-AUX|kunna|21|IV	2
Digi_2014-05.15	10-SCONJ|som|9|MD	1
Digi_2014-05.15	5-ADP|med|3|MD 6-PART|att|5|OO	2
Digi_2014-05.16	11-ADP|i|10|MD	1
Digi_2014-05.16	6-SCONJ|som|5|MD	1
Digi_2014-05.16	4-ADP|med|2|MD	1
Digi_2014-05.17	3-ADP|om|2|MD	1
Digi_2014-05.18	3-ADP|i|2|MD	1
Digi_2014-05.19	1-ADP|I|6|MD	1
Digi_2014-05.19	21-ADP|på|18|MD	1
Digi_2014-05.19	16-ADP|för|14|MD 17-PART|att|16|OO	2
Digi_2014-05.19	13-AUX|bör|11|OO	1
Digi_2014-05.19	10-ADP|för|6|MD	1
Digi_2014-05.20	1-ADP|I|3|MD	1
Digi_2014-05.20	4-ADP|bland|3|MD	1
Digi_2014-05.20	17-ADP|av|16|MD	1
Digi_2014-05.20	15-ADP|med|11|MD	1
Digi_2014-05.20	9-SCONJ|där|7|MD	1
Digi_2014-05.21	11-ADP|till|14|MD	1
Digi_2014-05.21	24-ADP|av|23|MD	1
Digi_2014-05.21	26-SCONJ|såsom|23|MD	1
Digi_2014-05.21	20-ADP|av|19|MD	1
Digi_2014-05.21	3-ADP|på|2|OA	1
Digi_2014-05.21	7-ADP|till|6|OA	1
Digi_2014-05.22	1-ADP|I|3|MD	1
Digi_2014-05.22	5-ADP|av|4|MD	1
Digi_2014-05.24	5-ADP|om|4|MD	1
Digi_2014-05.25	1-ADP|I|6|RA	1
Digi_2014-05.25	16-ADP|kring|15|MD	1
Digi_2014-05.26	3-ADP|av|2|MD	1
Digi_2014-05.26	1-ADP|Under|5|MD	1
Digi_2014-05.26	32-ADP|för|31|MD 33-PART|att|32|OO 34-AUX|kunna|33|OO	3
Digi_2014-05.26	29-SCONJ|som|28|MD	1
Digi_2014-05.26	24-SCONJ|som|22|MD 25-AUX|ska|24|OO	2
Digi_2014-05.26	14-ADP|med|5|MD 15-PART|att|14|OO	2
Digi_2014-05.27	4-ADP|om|3|MD	1
Digi_2014-05.27	13-ADP|för|12|MD	1
Digi_2014-05.27	9-SCONJ|som|6|MD	1
Digi_2014-05.28	2-PART|att|1|OO	1
Digi_2014-05.28	16-ADP|för|15|MD	1
Digi_2014-05.28	14-ADP|om|13|MD	1
Digi_2014-05.28	4-AUX|är|0|-- 5-SCONJ|att|4|SB 9-AUX|kommer|5|OO 10-PART|att|9|IV	4
Digi_2014-05.29	8-ADP|till|6|MD	1
Digi_2014-05.31	8-ADP|till|7|MD	1
Digi_2014-05.31	16-ADP|om|15|MD	1
Digi_2014-05.31	12-ADP|under|11|MD	1
Digi_2014-05.31	22-SCONJ|då|20|MD 29-AUX|var|22|OO	2
Digi_2014-05.31	5-ADP|för|4|MD	1
Digi_2014-05.31	2-AUX|vill|0|--	1
Digi_2014-05.32	5-ADP|med|4|MD	1
Digi_2014-05.33	7-AUX|ska|0|-- 8-ADP|enligt|7|MD	2
Digi_2014-05.33	14-ADP|för|13|MD	1
Digi_2014-05.33	19-ADP|av|18|MD	1
Digi_2014-05.33	17-ADP|innan|11|MD	1
Digi_2014-05.34	2-ADP|till|1|OA	1
Digi_2014-05.34	15-ADP|på|14|MD	1
Digi_2014-05.34	11-ADP|för|10|MD	1
Digi_2014-05.34	7-ADP|i|6|OA	1
Digi_2014-05.34	22-ADP|med|21|MD	1
Digi_2014-05.34	18-ADP|för|6|MD 19-PART|att|18|OO	2
Digi_2014-05.34	4-AUX|har|0|--	1
Digi_2014-05.35	2-AUX|kommer|0|-- 4-ADP|enligt|2|MD	2
Digi_2014-05.35	11-ADP|för|9|MD 12-PART|att|11|OO	2
Digi_2014-05.35	2-AUX|kommer|0|-- 4-ADP|enligt|2|MD 7-PART|att|2|IV	3
Digi_2014-05.36	7-ADP|av|6|MD	1
Digi_2014-05.36	5-ADP|med|11|MD	1
Digi_2014-05.36	16-ADP|med|15|MD	1
Digi_2014-05.36	14-ADP|för|13|MD	1
Digi_2014-05.36	2-AUX|har|0|--	1
Digi_2014-05.38	4-AUX|kommer|0|-- 1-ADP|I|4|MD	2
Digi_2014-05.38	14-ADP|i|17|MD	1
Digi_2014-05.38	26-ADP|hos|24|RA	1
Digi_2014-05.38	21-ADP|av|20|MD	1
Digi_2014-05.38	29-ADP|på|28|OA	1
Digi_2014-05.38	13-SCONJ|som|11|MD	1
Digi_2014-05.38	10-ADP|till|7|MD	1
Digi_2014-05.38	4-AUX|kommer|0|-- 1-ADP|I|4|MD 6-PART|att|4|IV	3
Digi_2014-05.39	3-ADP|till|2|OA	1
Digi_2014-05.40	5-ADP|inom|4|MD	1
Digi_2014-05.40	13-ADP|av|12|MD	1
Digi_2014-05.40	11-ADP|under|9|MD	1
Digi_2014-05.40	8-SCONJ|som|4|MD	1
Digi_2014-05.40	2-AUX|är|0|--	1
Digi_2014-05.41	1-ADP|För|3|MD	1
Digi_2014-05.41	9-ADP|till|7|MD	1
Digi_2014-05.41	5-ADP|med|4|MD 6-PART|att|5|OO	2
Digi_2014-05.42	5-ADP|för|4|MD	1
Digi_2014-05.42	2-AUX|är|0|--	1
Digi_2014-05.43	3-ADP|om|2|MD	1
Digi_2014-05.44	3-AUX|ska|0|--	1
Digi_2014-05.45	9-ADP|för|8|MD	1
Digi_2014-05.46	3-ADP|bland|2|MD	1
Digi_2014-05.46	14-ADP|av|13|MD	1
Digi_2014-05.46	12-ADP|i|11|MD	1
Digi_2014-05.46	9-SCONJ|att|8|MD	1
Digi_2014-05.46	5-ADP|för|2|MD 6-PART|att|5|OO	2
Digi_2014-05.47	2-ADP|till|1|OA	1
Digi_2014-05.47	15-ADP|av|14|MD	1
Digi_2014-05.47	11-ADP|kring|10|MD	1
Digi_2014-05.47	7-SCONJ|som|6|MD	1
Digi_2014-05.50	3-ADP|under|2|MD	1
Digi_2014-05.50	6-ADP|i|2|OA	1
Digi_2014-05.50	8-PART|att|2|OO	1
Digi_2014-05.51	13-PART|att|12|OO	1
Digi_2014-05.51	7-ADP|i|6|MD	1
Digi_2014-05.51	4-SCONJ|som|2|OA	1
Digi_2014-05.52	5-ADP|för|4|MD	1
Digi_2014-05.52	2-AUX|har|0|-- 3-ADP|inom|2|MD	2
Digi_2014-05.52	11-ADP|till|7|MD	1
Digi_2014-05.53	8-ADP|av|7|MD	1
Digi_2014-05.53	6-ADP|från|5|MD	1
Digi_2014-05.53	2-AUX|har|0|--	1
Digi_2014-05.54	4-ADP|med|3|MD	1
Digi_2014-05.54	10-ADP|över|9|MD	1
Digi_2014-05.54	6-ADP|för|3|MD 7-PART|att|6|OO	2
Digi_2014-05.54	2-AUX|har|0|--	1
Digi_2014-05.55	15-ADP|av|14|MD	1
Digi_2014-05.55	11-ADP|emot|9|OA 12-PART|att|11|OO	2
Digi_2014-05.56	2-AUX|kan|0|--	1
Arbt_Flervarsel.1	3-ADP|i|2|MD	1
Arbt_Flervarsel.2	6-ADP|i|5|MD	1
Arbt_Flervarsel.2	4-ADP|med|3|MD	1
Arbt_Flervarsel.2	8-AUX|hade|0|-- 1-ADP|Efter|8|MD	2
Arbt_Flervarsel.2	13-ADP|till|12|OA	1
Arbt_Flervarsel.3	1-ADP|I|3|MD	1
Arbt_Flervarsel.3	9-ADP|på|8|MD	1
Arbt_Flervarsel.3	18-ADP|på|17|MD	1
Arbt_Flervarsel.3	14-ADP|med|13|MD	1
Arbt_Flervarsel.4	1-ADP|Utöver|3|MD	1
Arbt_Flervarsel.4	4-ADP|på|3|MD	1
Arbt_Flervarsel.4	10-ADP|i|9|MD	1
Arbt_Flervarsel.4	8-ADP|för|7|MD	1
Arbt_Flervarsel.5	4-ADP|från|3|MD	1
Arbt_Flervarsel.5	2-AUX|har|0|--	1
Arbt_Flervarsel.6	15-ADP|i|14|OA	1
Arbt_Flervarsel.6	11-ADP|på|10|MD	1
Arbt_Flervarsel.6	3-AUX|måste|0|-- 7-ADP|utan|3|MD 8-PART|att|7|OO	3
Arbt_Flervarsel.7	6-ADP|för|5|MD	1
Arbt_Flervarsel.7	12-ADP|efter|11|MD	1
Arbt_Flervarsel.7	3-AUX|är|0|--	1
Arbt_Flervarsel.8	7-SCONJ|som|6|MD	1
Arbt_Flervarsel.8	11-AUX|är|20|OO 2-AUX|kan|11|MD	2
Arbt_Flervarsel.8	15-ADP|för|14|MD	1
Arbt_Flervarsel.8	11-AUX|är|20|OO 2-AUX|kan|11|MD 17-PART|att|11|ES	3
Arbt_Flervarsel.8	25-ADP|i|24|MD	1
Arbt_Flervarsel.9	6-SCONJ|att|4|OO 9-AUX|skulle|6|OO 10-AUX|kunna|9|IV 11-AUX|vara|10|IV	4
Arbt_Flervarsel.9	6-SCONJ|att|4|OO 9-AUX|skulle|6|OO 10-AUX|kunna|9|IV 11-AUX|vara|10|IV 13-SCONJ|om|9|MD 15-AUX|är|13|OO	6
Arbt_Flervarsel.10	10-PART|att|8|IV	1
Arbt_Flervarsel.10	7-AUX|kan|3|EF	1
Arbt_Flervarsel.11	6-PART|att|5|ES	1
Arbt_Flervarsel.11	3-SCONJ|att|2|OO	1
Arbt_Flervarsel.11	16-ADP|för|15|OA	1
Arbt_Flervarsel.11	18-ADP|på|15|OA	1
Arbt_Flervarsel.12	4-AUX|hade|0|-- 5-ADP|på|4|MD	2
Arbt_Flervarsel.12	10-ADP|för|9|MD	1
Arbt_Flervarsel.12	8-ADP|om|7|MD	1
Arbt_Flervarsel.13	15-SCONJ|där|14|RA	1
Arbt_Flervarsel.13	13-SCONJ|som|12|MD	1
Arbt_Flervarsel.13	10-ADP|för|9|MD	1
Arbt_Flervarsel.13	6-SCONJ|som|4|MD	1
Arbt_Flervarsel.14	3-SCONJ|om|2|MD	1
Arbt_Flervarsel.15	9-ADP|mot|8|MD	1
Arbt_Flervarsel.15	3-AUX|är|0|-- 6-PART|att|3|ES	2
Arbt_Flervarsel.16	6-AUX|kan|0|-- 1-AUX|Kan|6|MD	2
Arbt_Flervarsel.17	2-AUX|är|9|OO 5-PART|att|2|ES	2
Arbt_Flervarsel.18	19-ADP|till|18|MD	1
Arbt_Flervarsel.18	16-SCONJ|som|15|MD	1
Arbt_Flervarsel.18	6-ADP|om|5|OA 7-SCONJ|att|6|OO	2
Arbt_Flervarsel.18	4-AUX|har|0|--	1
Arbt_Flervarsel.19	9-ADP|till|8|MD	1
Arbt_Flervarsel.19	3-AUX|kommer|0|-- 5-PART|att|3|IV	2
Arbt_Flervarsel.20	12-ADP|om|11|OA	1
Arbt_Flervarsel.20	10-AUX|har|0|--	1
Arbt_Flervarsel.21	1-ADP|På|3|MD	1
Arbt_Flervarsel.21	10-ADP|om|3|OA	1
Arbt_Flervarsel.22	2-ADP|av|1|MD	1
Arbt_Flervarsel.22	4-ADP|över|1|MD	1
Arbt_Flervarsel.23	5-ADP|på|3|OA	1
Arbt_Flervarsel.24	7-ADP|för|6|MD	1
Arbt_Flervarsel.25	7-ADP|innan|6|MD	1
Arbt_Flervarsel.25	1-SCONJ|Om|9|MD 5-AUX|har|1|OO	2
Arbt_Flervarsel.25	13-ADP|i|9|OA	1
Arbt_Flervarsel.25	19-ADP|i|18|MD	1
Arbt_Flervarsel.25	15-ADP|på|9|RA	1
Arbt_Flervarsel.26	6-SCONJ|som|5|MD	1
Arbt_Flervarsel.26	2-AUX|har|0|--	1
Arbt_Vardbolag.1	4-ADP|i|2|MD	1
Arbt_Vardbolag.2	5-ADP|av|4|MD	1
Arbt_Vardbolag.2	2-AUX|var|0|-- 3-ADP|i|2|SP	2
Arbt_Vardbolag.2	17-ADP|i|15|RA	1
Arbt_Vardbolag.2	21-ADP|av|19|OA	1
Arbt_Vardbolag.2	24-ADP|för|19|MD 25-SCONJ|att|24|OO	2
Arbt_Vardbolag.2	2-AUX|var|0|-- 3-ADP|i|2|SP 7-SCONJ|som|2|EF 10-AUX|kunde|7|OO	4
Arbt_Vardbolag.3	2-AUX|fick|0|-- 7-PART|att|2|IV	2
Arbt_Vardbolag.4	9-ADP|mot|8|MD	1
Arbt_Vardbolag.4	3-SCONJ|att|2|OO 5-AUX|kan|3|OO 6-AUX|vara|5|IV	3
Arbt_Vardbolag.5	6-ADP|av|5|AG	1
Arbt_Vardbolag.5	4-SCONJ|som|3|MD	1
Arbt_Vardbolag.5	1-ADP|Bland|9|MD	1
Arbt_Vardbolag.5	24-ADP|i|23|MD	1
Arbt_Vardbolag.5	22-ADP|med|21|MD	1
Arbt_Vardbolag.5	20-ADP|av|19|AG	1
Arbt_Vardbolag.5	17-SCONJ|som|16|MD	1
Arbt_Vardbolag.6	4-ADP|i|3|OA	1
Arbt_Vardbolag.6	6-ADP|av|3|MD	1
Arbt_Vardbolag.6	16-ADP|inom|14|OA	1
Arbt_Vardbolag.6	10-PART|att|3|OO	1
Arbt_Vardbolag.7	11-ADP|av|10|MD	1
Arbt_Vardbolag.7	9-ADP|på|8|MD	1
Arbt_Vardbolag.7	7-ADP|via|6|MD	1
Arbt_Vardbolag.7	18-SCONJ|än|17|JF 19-ADP|inom|18|OO	2
Arbt_Vardbolag.7	5-SCONJ|att|2|ES 16-AUX|är|5|OO	2
Arbt_Vardbolag.7	27-ADP|till|24|OA	1
Arbt_Vardbolag.8	11-ADP|från|10|MD	1
Arbt_Vardbolag.8	7-ADP|med|6|MD	1
Arbt_Vardbolag.8	5-ADP|av|4|MD	1
Arbt_Vardbolag.8	2-AUX|har|0|-- 3-ADP|med|2|MD	2
Arbt_Vardbolag.8	39-ADP|i|36|RA	1
Arbt_Vardbolag.8	33-SCONJ|att|32|OO	1
Arbt_Vardbolag.8	22-AUX|kunnat|16|conj	1
Arbt_Vardbolag.9	8-ADP|till|2|RA	1
Arbt_Vardbolag.9	20-ADP|i|19|MD	1
Arbt_Vardbolag.9	17-AUX|ska|15|OO 18-AUX|kunna|17|IV	2
Arbt_Vardbolag.9	14-ADP|kring|12|MD	1
Arbt_Vardbolag.9	10-ADP|för|2|MD 11-PART|att|10|OO	2
Arbt_Vardbolag.10	7-SCONJ|att|5|OO	1
Arbt_Vardbolag.10	21-PART|att|19|ES	1
Arbt_Vardbolag.10	36-ADP|i|35|MD	1
Arbt_Vardbolag.10	32-SCONJ|som|28|MD 34-AUX|är|32|OO	2
Arbt_Vardbolag.10	40-ADP|till|25|MD	1
Arbt_Vardbolag.11	8-ADP|över|7|OA	1
Arbt_Vardbolag.11	3-SCONJ|att|2|OO 6-AUX|är|3|OO	2
Arbt_Vardbolag.11	30-PART|att|29|OO	1
Arbt_Vardbolag.11	25-SCONJ|som|19|conj 27-AUX|skulle|25|OO 28-AUX|kunna|27|IV	3
Arbt_Vardbolag.11	18-ADP|i|17|MD	1
Arbt_Vardbolag.11	13-SCONJ|att|12|OO 15-AUX|måste|13|OO	2
Arbt_Vardbolag.12	18-ADP|av|17|MD	1
Arbt_Vardbolag.12	13-AUX|måste|3|conj	1
Arbt_Vardbolag.12	24-ADP|för|22|MD	1
Arbt_Vardbolag.12	28-PART|att|22|ES 29-AUX|vara|28|OO 30-ADP|på|29|SP	3
Arbt_Vardbolag.12	37-ADP|till|36|MD	1
Arbt_Vardbolag.12	28-PART|att|22|ES 29-AUX|vara|28|OO 30-ADP|på|29|SP 32-ADP|för|29|MD 33-PART|att|32|OO	5
Arbt_Vardbolag.13	1-ADP|Enligt|3|MD	1
Arbt_Vardbolag.13	7-ADP|i|6|MD	1
Arbt_Vardbolag.13	5-ADP|om|4|MD	1
Arbt_Vardbolag.14	3-AUX|får|29|OO 5-AUX|vara|3|IV	2
Arbt_Vardbolag.14	14-ADP|inom|13|MD	1
Arbt_Vardbolag.14	3-AUX|får|29|OO 5-AUX|vara|3|IV 9-SCONJ|om|3|MD 11-AUX|vill|9|OO	4
Arbt_Vardbolag.15	12-PART|att|11|OO	1
Arbt_Vardbolag.15	7-ADP|med|6|MD 8-SCONJ|att|7|OO	2
Arbt_Vardbolag.15	19-ADP|om|18|MD	1
Arbt_Vardbolag.15	16-ADP|genom|5|MD 17-PART|att|16|OO	2
Arbt_Vardbolag.15	2-AUX|kan|0|--	1
Arbt_Vardbolag.16	10-ADP|med|7|MD	1
Arbt_Vardbolag.16	5-SCONJ|att|3|OO	1
Arbt_Vardbolag.16	15-ADP|om|14|MD	1
Arbt_Vardbolag.16	20-ADP|i|18|MD	1
Arbt_Vardbolag.16	17-AUX|måste|3|conj	1
Arbt_Vardbolag.17	6-ADP|till|5|OA	1
Arbt_Vardbolag.17	17-SCONJ|som|16|MD	1
Arbt_Vardbolag.17	15-ADP|av|14|MD	1
Arbt_Vardbolag.17	21-ADP|inom|20|OA	1
Arbt_Vardbolag.17	12-SCONJ|att|11|OO	1
Arbt_Vardbolag.17	9-SCONJ|att|5|OO	1
Arbt_Vardbolag.17	42-ADP|i|40|RA	1
Arbt_Vardbolag.17	38-ADP|med|37|MD	1
Arbt_Vardbolag.17	36-ADP|i|34|MD	1
Arbt_Vardbolag.17	28-SCONJ|att|26|OO	1
Arbt_Vardbolag.18	2-ADP|med|1|MD	1
Arbt_Vardbolag.18	9-ADP|i|8|MD	1
Arbt_Vardbolag.18	15-ADP|med|14|MD	1
Arbt_Vardbolag.18	18-ADP|från|12|OA	1
Arbt_Vardbolag.18	7-SCONJ|där|1|MD	1
Arbt_Vardbolag.18	32-ADP|för|31|MD	1
Arbt_Vardbolag.18	29-PART|att|25|EO	1
Arbt_Vardbolag.19	13-ADP|i|12|MD	1
Arbt_Vardbolag.19	21-ADP|till|23|MD	1
Arbt_Vardbolag.19	28-ADP|inom|27|MD	1
Arbt_Vardbolag.19	20-SCONJ|som|18|JF	1
Arbt_Vardbolag.19	15-ADP|för|9|MD 16-PART|att|15|OO	2
Arbt_Vardbolag.19	8-PART|att|7|MD	1
Arbt_Vardbolag.19	2-AUX|vill|0|--	1
Arbt_Vardbolag.20	7-ADP|på|6|MD	1
Arbt_Vardbolag.20	23-ADP|av|22|MD	1
Arbt_Vardbolag.20	18-ADP|för|17|MD 19-PART|att|18|OO	2
Arbt_Vardbolag.20	16-ADP|av|15|AG	1
Arbt_Vardbolag.20	13-SCONJ|som|11|MD 14-AUX|är|13|OO	2
Arbt_Vardbolag.20	10-ADP|från|3|MD	1
Arbt_Vardbolag.21	1-ADP|I|8|RA	1
Arbt_Vardbolag.21	15-ADP|för|14|OA	1
Arbt_Vardbolag.21	17-PART|att|12|EO	1
Arbt_Vardbolag.21	11-SCONJ|som|10|MD	1
Arbt_Vardbolag.22	3-ADP|på|1|MD	1
Arbt_Vardbolag.22	13-ADP|i|9|RA	1
Arbt_Vardbolag.22	6-SCONJ|att|5|OO 8-AUX|kan|6|OO	2
Arbt_Vardbolag.23	13-ADP|om|12|MD	1
Arbt_Vardbolag.23	8-SCONJ|att|7|OO	1
Arbt_Vardbolag.24	8-ADP|sedan|3|MD	1
Arbt_Vardbolag.24	12-SCONJ|som|11|MD	1
Arbt_Vardbolag.24	19-ADP|på|18|MD	1
Arbt_Vardbolag.24	9-SCONJ|att|3|OO 16-AUX|är|9|OO	2
Regr_255284.2	15-ADP|till|14|MD	1
Regr_255284.2	6-SCONJ|som|5|MD	1
Regr_255284.3	20-ADP|till|18|MD	1
Regr_255284.3	15-ADP|för|14|MD	1
Regr_255284.3	12-ADP|på|11|MD	1
Regr_255284.3	7-SCONJ|som|6|MD 8-AUX|ska|7|OO	2
Regr_255284.4	4-AUX|kommer|0|-- 5-PART|att|4|IV	2
Regr_255284.5	10-ADP|av|9|MD	1
Regr_255284.5	12-ADP|utifrån|5|MD	1
Regr_255284.5	4-PART|att|3|SP	1
Regr_255284.6	10-ADP|för|9|MD	1
Regr_255284.6	8-SCONJ|som|5|conj	1
Regr_255284.6	2-AUX|ska|0|--	1
Regr_255284.7	4-ADP|för|3|MD	1
Regr_255284.7	11-ADP|av|10|MD	1
Regr_255284.7	9-AUX|är|0|--	1
Regr_255284.8	8-ADP|på|7|MD	1
Regr_255284.8	2-AUX|ska|0|--	1
Regr_255284.9	12-ADP|om|11|MD	1
Regr_255284.9	18-ADP|på|17|MD	1
Regr_255284.9	7-ADP|till|6|MD 16-ADP|med|7|AN	2
Regr_255284.9	2-AUX|är|0|-- 3-PART|att|2|SP	2
Regr_255284.10	5-ADP|i|4|MD	1
Regr_255284.10	2-AUX|kommer|0|-- 3-PART|att|2|IV	2
Regr_255284.11	14-ADP|för|13|MD	1
Regr_255284.11	17-ADP|till|11|MD	1
Regr_255284.11	5-SCONJ|där|3|MD	1
Regr_255284.12	6-ADP|av|5|MD	1
Regr_255284.12	14-ADP|i|13|MD	1
Regr_255284.12	12-ADP|till|11|MD	1
Regr_255284.12	4-SCONJ|där|3|MD	1
Regr_255284.13	9-ADP|i|8|MD	1
Regr_255284.13	7-ADP|om|6|MD	1
Regr_255284.13	4-SCONJ|då|2|MD	1
Regr_255284.14	9-ADP|utifrån|8|MD	1
Regr_255284.14	6-ADP|från|5|MD	1
Regr_255284.14	4-ADP|av|3|OA	1
Regr_255284.14	2-AUX|kommer|0|--	1
Regr_255284.15	11-ADP|till|10|MD	1
Regr_255284.15	8-PART|att|4|IV	1
Regr_255284.15	2-AUX|kommer|0|-- 3-PART|att|2|IV	2
Regr_255284.16	9-ADP|över|8|MD	1
Regr_255284.16	11-ADP|i|7|MD	1
Regr_255284.16	6-PART|att|5|MD	1
Regr_255284.17	3-AUX|är|0|--	1
Regr_255284.18	7-ADP|på|13|MD	1
Regr_255284.18	15-ADP|i|13|MD	1
Regr_255284.18	4-SCONJ|att|3|OO	1
Regr_255284.19	6-ADP|om|5|MD	1
Regr_255284.19	12-ADP|inom|11|MD	1
Regr_255284.19	8-ADP|med|4|MD	1
Regr_255284.19	2-AUX|ska|0|--	1
Regr_255284.20	11-ADP|om|10|MD	1
Regr_255284.20	22-ADP|i|21|MD	1
Regr_255284.20	20-ADP|på|17|MD	1
Regr_255284.20	9-SCONJ|där|7|MD	1
Regr_255284.20	3-AUX|vill|37|OO	1
Arbt_Spekulationer.1	2-ADP|om|1|MD	1
Arbt_Spekulationer.2	4-ADP|i|3|MD	1
Arbt_Spekulationer.2	9-ADP|under|8|MD	1
Arbt_Spekulationer.2	11-ADP|med|8|MD	1
Arbt_Spekulationer.3	7-ADP|i|5|MD	1
Arbt_Spekulationer.3	4-SCONJ|som|3|MD	1
Arbt_Spekulationer.3	11-ADP|om|10|OA 12-SCONJ|att|11|OO 19-AUX|är|12|OO 14-ADP|på|19|MD	4
Arbt_Spekulationer.3	26-ADP|på|24|MD	1
Arbt_Spekulationer.3	21-ADP|i|20|OA	1
Arbt_Spekulationer.3	32-SCONJ|som|31|OO	1
Arbt_Spekulationer.3	38-PART|att|37|OO	1
Arbt_Spekulationer.3	36-AUX|vara|35|IV	1
Arbt_Spekulationer.4	4-ADP|på|2|MD	1
Arbt_Spekulationer.4	9-ADP|i|8|MD	1
Arbt_Spekulationer.4	11-AUX|är|2|conj	1
Arbt_Spekulationer.5	10-ADP|i|9|MD	1
Arbt_Spekulationer.5	7-ADP|på|6|MD	1
Arbt_Spekulationer.5	5-ADP|inom|4|MD	1
Arbt_Spekulationer.5	3-AUX|är|0|--	1
Arbt_Spekulationer.6	3-ADP|till|2|MD	1
Arbt_Spekulationer.6	16-ADP|under|14|RA	1
Arbt_Spekulationer.6	13-PART|att|12|MD	1
Arbt_Spekulationer.6	8-SCONJ|att|7|OO 18-AUX|är|8|OO	2
Arbt_Spekulationer.6	5-SCONJ|att|2|OO	1
Arbt_Spekulationer.6	26-ADP|på|25|MD 27-SCONJ|att|26|OO 29-AUX|är|27|OO 31-SCONJ|som|29|EF	4
Arbt_Spekulationer.7	15-ADP|till|14|MD	1
Arbt_Spekulationer.7	8-ADP|mot|7|OA	1
Arbt_Spekulationer.7	3-AUX|är|0|-- 5-SCONJ|att|3|ES	2
Arbt_Spekulationer.8	6-ADP|med|5|MD	1
Arbt_Spekulationer.8	12-ADP|på|4|RA	1
Arbt_Spekulationer.8	2-AUX|har|0|--	1
Arbt_Spekulationer.9	6-ADP|i|5|MD	1
Arbt_Spekulationer.9	13-ADP|mot|12|MD	1
Arbt_Spekulationer.9	24-ADP|i|23|OA	1
Arbt_Spekulationer.9	17-AUX|har|2|conj 18-AUX|varit|17|IV	2
Arbt_Spekulationer.10	3-AUX|är|23|OO	1
Arbt_Spekulationer.10	32-ADP|i|31|MD	1
Arbt_Spekulationer.10	43-ADP|på|42|OA	1
Arbt_Spekulationer.10	47-ADP|utanför|46|MD	1
Arbt_Spekulationer.10	45-ADP|i|42|RA	1
Arbt_Spekulationer.10	34-SCONJ|då|31|MD	1
Arbt_Spekulationer.10	29-ADP|till|28|MD	1
Arbt_Spekulationer.10	26-SCONJ|som|24|MD	1
Arbt_Spekulationer.11	7-ADP|i|6|MD	1
Arbt_Spekulationer.11	5-ADP|på|4|MD	1
Arbt_Spekulationer.11	3-AUX|är|0|--	1
Arbt_Spekulationer.12	8-ADP|på|7|OA 9-SCONJ|att|8|OO 16-AUX|är|9|OO 11-ADP|på|16|MD	4
Arbt_Spekulationer.12	26-ADP|i|25|MD	1
Arbt_Spekulationer.12	20-SCONJ|som|19|MD	1
Arbt_Spekulationer.12	18-ADP|i|17|OA	1
Arbt_Spekulationer.12	4-SCONJ|att|3|OO	1
Arbt_Spekulationer.13	9-ADP|på|8|OA	1
Arbt_Spekulationer.13	3-AUX|kan|0|-- 5-AUX|vara|3|IV	2
Arbt_Spekulationer.14	2-ADP|av|8|MD	1
Arbt_Spekulationer.14	17-ADP|kring|16|MD	1
Arbt_Spekulationer.14	12-ADP|i|8|MD	1
Arbt_Spekulationer.15	4-ADP|på|2|OA 5-PART|att|4|OO	2
Arbt_Spekulationer.15	23-PART|att|22|MD	1
Arbt_Spekulationer.15	18-AUX|är|2|conj	1
Arbt_Spekulationer.16	9-ADP|över|8|MD	1
Arbt_Spekulationer.16	16-ADP|i|15|MD	1
Arbt_Spekulationer.16	5-SCONJ|att|2|OO 12-AUX|kan|5|OO 13-AUX|vara|12|IV	3
Arbt_Spekulationer.17	4-ADP|med|2|MD 5-PART|att|4|OO	2
Arbt_Spekulationer.17	9-ADP|till|8|MD	1
Arbt_Spekulationer.17	12-ADP|om|8|OA 13-PART|att|12|OO	2
Arbt_Spekulationer.17	20-ADP|med|18|OA	1
Arbt_Spekulationer.17	23-ADP|från|18|MD	1
Arbt_Spekulationer.18	24-SCONJ|som|23|OA	1
Arbt_Spekulationer.18	20-SCONJ|att|17|JF 22-AUX|måste|20|OO	2
Arbt_Spekulationer.18	12-SCONJ|att|11|OO 16-AUX|varit|12|OO	2
Arbt_Spekulationer.18	8-AUX|kan|4|OO 9-AUX|vara|8|IV 10-PART|att|9|SP	3
Arbt_Spekulationer.19	9-ADP|till|7|MD	1
Arbt_Spekulationer.19	5-SCONJ|att|2|OO	1
Arbt_Spekulationer.19	13-AUX|skulle|2|conj 14-ADP|i|13|MD	2
Arbt_Spekulationer.19	29-PART|att|27|OO	1
Arbt_Spekulationer.19	26-SCONJ|som|21|MD	1
Arbt_Spekulationer.19	20-SCONJ|att|19|MD	1
Arbt_Spekulationer.19	13-AUX|skulle|2|conj 14-ADP|i|13|MD 17-AUX|kunna|13|IV	3
Arbt_Spekulationer.20	6-ADP|i|5|MD	1
Arbt_Spekulationer.20	3-AUX|är|0|--	1
Arbt_Spekulationer.21	7-PART|inte|4|conj	1
Arbt_Spekulationer.21	2-SCONJ|om|1|OO	1
Arbt_Spekulationer.21	8-AUX|har|25|OO	1
Arbt_Rwanda.1	7-ADP|till|5|MD	1
Arbt_Rwanda.1	4-AUX|har|0|--	1
Arbt_Rwanda.2	7-ADP|under|13|MD	1
Arbt_Rwanda.2	20-SCONJ|som|19|MD	1
Arbt_Rwanda.3	10-ADP|för|9|MD	1
Arbt_Rwanda.3	8-ADP|av|7|AG	1
Arbt_Rwanda.3	16-ADP|med|15|OA	1
Arbt_Rwanda.3	18-ADP|av|15|AG	1
Arbt_Rwanda.3	2-AUX|är|0|--	1
Arbt_Rwanda.4	10-ADP|i|9|MD	1
Arbt_Rwanda.4	2-AUX|får|0|--	1
Arbt_Rwanda.5	4-ADP|på|7|MD	1
Arbt_Rwanda.5	11-ADP|till|13|MD	1
Arbt_Rwanda.5	14-ADP|av|13|MD	1
Arbt_Rwanda.5	10-ADP|med|7|MD	1
Arbt_Rwanda.5	3-AUX|har|0|--	1
Arbt_Rwanda.6	2-AUX|är|14|OO	1
Arbt_Rwanda.6	21-ADP|i|20|MD	1
Arbt_Rwanda.6	25-ADP|vid|20|MD	1
Arbt_Rwanda.6	18-SCONJ|som|15|MD 19-AUX|är|18|OO	2
Arbt_Rwanda.6	38-ADP|till|14|MD	1
Arbt_Rwanda.7	6-ADP|på|9|MD	1
Arbt_Rwanda.7	13-ADP|till|12|MD	1
Arbt_Rwanda.7	10-SCONJ|att|9|OO	1
Arbt_Rwanda.7	3-SCONJ|att|2|OO	1
Arbt_Rwanda.8	3-ADP|i|2|OA	1
Arbt_Rwanda.9	4-ADP|för|3|MD	1
Arbt_Rwanda.9	2-ADP|Bland|6|MD	1
Arbt_Rwanda.9	23-SCONJ|som|20|JF	1
Arbt_Rwanda.9	18-ADP|efter|16|MD	1
Arbt_Rwanda.9	15-PART|att|11|AN	1
Arbt_Rwanda.9	12-AUX|är|6|conj	1
Arbt_Rwanda.10	3-AUX|är|0|-- 4-ADP|trots|3|MD	2
Arbt_Rwanda.10	7-ADP|om|6|OA	1
Arbt_Rwanda.11	5-ADP|hos|4|MD	1
Arbt_Rwanda.11	12-ADP|för|11|MD	1
Arbt_Rwanda.11	8-PART|att|4|MD	1
Arbt_Rwanda.12	12-ADP|i|11|MD	1
Arbt_Rwanda.12	9-ADP|vid|8|MD	1
Arbt_Rwanda.12	6-SCONJ|som|2|MD 7-AUX|är|6|OO	2
Arbt_Rwanda.12	41-ADP|om|40|MD	1
Arbt_Rwanda.12	34-SCONJ|som|32|JF	1
Arbt_Rwanda.12	27-ADP|om|25|MD 28-SCONJ|att|27|OO 31-AUX|är|28|OO	3
Arbt_Rwanda.13	10-ADP|på|8|OA	1
Arbt_Rwanda.13	3-AUX|är|0|-- 6-SCONJ|att|3|ES	2
Arbt_Rwanda.14	7-AUX|kan|32|OO	1
Arbt_Rwanda.15	5-ADP|inför|4|OA	1
Arbt_Rwanda.15	3-AUX|är|0|--	1
Arbt_Rwanda.16	14-ADP|trots|12|MD	1
Arbt_Rwanda.16	19-SCONJ|innan|12|MD	1
Arbt_Rwanda.16	7-SCONJ|att|6|OO	1
Arbt_Rwanda.16	5-PART|att|2|ES	1
Arbt_Rwanda.17	9-SCONJ|som|8|MD	1
Arbt_Rwanda.17	7-ADP|hos|6|MD	1
Arbt_Rwanda.17	3-AUX|är|0|--	1
Arbt_Rwanda.18	8-ADP|för|7|MD	1
Arbt_Rwanda.18	3-AUX|är|0|-- 11-SCONJ|att|3|ES 12-PART|inte|11|OO	3
Arbt_Rwanda.19	5-AUX|ha|2|IV	1
Arbt_Rwanda.19	19-SCONJ|som|18|MD	1
Arbt_Rwanda.19	17-ADP|på|16|MD	1
Arbt_Rwanda.20	14-ADP|för|13|MD	1
Arbt_Rwanda.20	12-ADP|vid|11|MD	1
Arbt_Rwanda.20	17-ADP|på|11|MD	1
Arbt_Rwanda.20	4-SCONJ|som|3|MD	1
Arbt_Rwanda.20	2-AUX|är|0|--	1
Arbt_Rwanda.21	5-ADP|inför|4|OA 6-SCONJ|att|5|OO	2
Arbt_Rwanda.21	3-AUX|var|0|--	1
Arbt_Rwanda.22	9-ADP|mot|8|OA	1
Arbt_Rwanda.24	12-ADP|av|8|MD	1
Arbt_Rwanda.25	12-ADP|i|11|MD	1
Arbt_Rwanda.25	7-SCONJ|än|4|JF 8-ADP|i|7|OO	2
Arbt_Rwanda.25	2-ADP|trots|14|MD	1
Arbt_Rwanda.26	3-AUX|har|0|--	1
Regr_255175.1	9-ADP|av|8|MD	1
Regr_255175.1	7-ADP|med|6|MD	1
Regr_255175.1	5-ADP|i|4|MD	1
Regr_255175.1	2-ADP|till|1|MD	1
Regr_255175.2	3-ADP|för|2|MD	1
Regr_255175.2	8-AUX|har|0|-- 1-ADP|Inom|8|MD	2
Regr_255175.2	15-ADP|för|14|MD	1
Regr_255175.2	13-ADP|till|12|MD	1
Regr_255175.2	22-ADP|i|21|MD	1
Regr_255175.2	20-ADP|av|19|MD	1
Regr_255175.2	8-AUX|har|0|-- 1-ADP|Inom|8|MD 18-ADP|med|8|MD	3
Regr_255175.3	9-ADP|till|6|OA	1
Regr_255175.3	11-AUX|har|0|-- 1-ADP|För|11|MD 2-SCONJ|att|1|OO 5-AUX|ska|2|OO	4
Regr_255175.3	20-ADP|till|19|MD	1
Regr_255175.3	18-ADP|om|17|MD	1
Regr_255175.3	15-ADP|om|14|MD	1
Regr_255175.4	13-ADP|på|12|MD	1
Regr_255175.4	22-ADP|av|21|MD	1
Regr_255175.4	16-SCONJ|som|12|MD	1
Regr_255175.4	11-SCONJ|som|10|MD	1
Regr_255175.4	9-ADP|av|8|MD	1
Regr_255175.4	7-ADP|med|6|MD	1
Regr_255175.4	5-ADP|för|4|MD	1
Regr_255175.4	3-AUX|får|0|--	1
Regr_255175.5	11-ADP|för|10|MD	1
Regr_255175.5	4-AUX|är|15|OO 5-SCONJ|att|4|SP 8-AUX|ska|5|OO	3
Regr_255175.6	2-ADP|på|1|MD	1
Regr_255175.6	17-SCONJ|som|16|MD	1
Regr_255175.6	20-AUX|är|0|--	1
Regr_255175.7	8-ADP|ur|6|RA	1
Regr_255175.7	10-ADP|innan|6|MD	1
Regr_255175.7	19-ADP|för|15|OA	1
Regr_255175.7	14-AUX|kommer|13|OO	1
Regr_255175.7	4-AUX|ska|0|--	1
Regr_255175.8	9-ADP|mellan|8|MD	1
Regr_255175.8	7-ADP|av|6|MD	1
Regr_255175.8	12-ADP|i|6|MD	1
Regr_255175.9	2-AUX|är|0|-- 5-ADP|av|2|SP	2
Regr_255175.10	4-ADP|med|7|MD	1
Regr_255175.10	13-ADP|av|12|MD	1
Regr_255175.10	15-SCONJ|som|12|MD 19-AUX|är|15|OO 16-ADP|på|19|MD	3
Regr_255175.10	28-ADP|i|27|OA	1
Regr_255175.10	22-ADP|för|21|MD 23-SCONJ|att|22|OO 26-AUX|ska|23|OO	3
Regr_255175.10	9-ADP|för|8|MD	1
Regr_255175.11	10-ADP|av|9|MD	1
Regr_255175.11	8-ADP|med|7|MD	1
Regr_255175.11	5-ADP|till|4|MD	1
Regr_255175.11	2-ADP|om|1|MD	1
Regr_255175.11	15-ADP|i|14|OA	1
Regr_255175.11	12-AUX|kommer|0|-- 13-PART|att|12|IV	2
Regr_255175.12	3-ADP|enligt|2|MD	1
Regr_255175.12	10-SCONJ|som|9|MD	1
Regr_255175.12	8-ADP|för|7|MD	1
Regr_255175.12	5-AUX|får|0|--	1
Regr_255175.13	6-ADP|enligt|5|MD	1
Regr_255175.13	3-ADP|om|2|MD	1
Regr_255175.13	11-ADP|till|10|MD	1
Regr_255175.13	8-AUX|ska|0|-- 9-AUX|ha|8|IV	2
Regr_255175.14	8-ADP|av|7|AG	1
Regr_255175.14	6-SCONJ|som|5|MD	1
Regr_255175.14	11-AUX|har|0|-- 1-SCONJ|Eftersom|11|MD	2
Regr_255175.14	16-ADP|med|15|MD	1
Regr_255175.15	13-ADP|med|12|MD	1
Regr_255175.15	11-ADP|i|10|MD	1
Regr_255175.15	7-SCONJ|att|6|AN 9-AUX|bör|7|OO	2
Regr_255175.16	5-ADP|i|4|OA	1
Regr_255175.16	7-ADP|utan|4|MD	1
Regr_255175.16	2-AUX|kan|0|--	1
Arbt_Sundsvallssyndikalister.1	3-ADP|i|2|RA	1
Arbt_Sundsvallssyndikalister.2	10-ADP|vid|9|MD	1
Arbt_Sundsvallssyndikalister.2	18-ADP|mot|17|MD	1
Arbt_Sundsvallssyndikalister.2	16-ADP|för|14|MD	1
Arbt_Sundsvallssyndikalister.2	7-SCONJ|där|6|MD	1
Arbt_Sundsvallssyndikalister.2	5-ADP|i|3|RA	1
Arbt_Sundsvallssyndikalister.3	2-ADP|till|1|MD	1
Arbt_Sundsvallssyndikalister.3	19-ADP|för|18|MD	1
Arbt_Sundsvallssyndikalister.3	17-ADP|om|16|MD	1
Arbt_Sundsvallssyndikalister.3	4-AUX|är|0|-- 5-SCONJ|att|4|SP	2
Arbt_Sundsvallssyndikalister.4	13-ADP|om|12|MD	1
Arbt_Sundsvallssyndikalister.4	21-ADP|av|20|MD	1
Arbt_Sundsvallssyndikalister.4	19-ADP|vid|17|MD	1
Arbt_Sundsvallssyndikalister.4	3-AUX|ville|0|-- 8-ADP|för|3|MD 9-PART|att|8|OO	3
Arbt_Sundsvallssyndikalister.5	9-ADP|för|8|MD	1
Arbt_Sundsvallssyndikalister.5	7-ADP|till|6|MD	1
Arbt_Sundsvallssyndikalister.5	15-SCONJ|att|14|OO 17-AUX|skulle|15|OO 18-AUX|vara|17|IV 20-PART|att|18|ES	4
Arbt_Sundsvallssyndikalister.6	8-AUX|fick|3|conj 6-ADP|i|8|MD	2
Arbt_Sundsvallssyndikalister.6	23-ADP|på|21|RA	1
Arbt_Sundsvallssyndikalister.6	11-SCONJ|att|10|OO 13-AUX|skulle|11|OO 18-SCONJ|om|13|MD	3
Arbt_Sundsvallssyndikalister.6	31-ADP|på|30|MD	1
Arbt_Sundsvallssyndikalister.7	7-ADP|på|6|MD	1
Arbt_Sundsvallssyndikalister.7	15-ADP|för|14|MD	1
Arbt_Sundsvallssyndikalister.7	17-ADP|vid|14|MD	1
Arbt_Sundsvallssyndikalister.7	12-SCONJ|fastän|5|MD	1
Arbt_Sundsvallssyndikalister.8	4-ADP|med|2|MD 5-SCONJ|att|4|OO	2
Arbt_Sundsvallssyndikalister.9	4-ADP|till|3|MD	1
Arbt_Sundsvallssyndikalister.9	6-SCONJ|att|3|OO	1
Arbt_Sundsvallssyndikalister.9	12-AUX|ville|3|parataxis	1
Arbt_Sundsvallssyndikalister.10	15-ADP|på|10|MD	1
Arbt_Sundsvallssyndikalister.10	9-PART|att|8|OO	1
Arbt_Sundsvallssyndikalister.10	5-SCONJ|eftersom|2|MD 7-AUX|blev|5|OO	2
Arbt_Sundsvallssyndikalister.11	4-ADP|till|3|MD	1
Arbt_Sundsvallssyndikalister.11	6-ADP|under|3|MD	1
Arbt_Sundsvallssyndikalister.11	1-ADP|Efter|9|MD	1
Arbt_Sundsvallssyndikalister.11	15-ADP|av|14|MD	1
Arbt_Sundsvallssyndikalister.11	12-ADP|av|9|AG	1
Arbt_Sundsvallssyndikalister.11	19-ADP|i|18|MD	1
Arbt_Sundsvallssyndikalister.11	17-ADP|i|9|MD	1
Arbt_Sundsvallssyndikalister.12	1-ADP|Under|4|MD	1
Arbt_Sundsvallssyndikalister.12	6-ADP|på|4|OA 7-SCONJ|att|6|OO 9-AUX|skulle|7|OO	3
Arbt_Sundsvallssyndikalister.12	22-ADP|om|21|MD	1
Arbt_Sundsvallssyndikalister.12	17-SCONJ|att|16|OO 20-AUX|hade|17|OO	2
Arbt_Sundsvallssyndikalister.12	12-SCONJ|eftersom|4|MD	1
Arbt_Sundsvallssyndikalister.13	16-ADP|på|15|MD 17-SCONJ|att|16|OO 20-AUX|hade|17|OO	3
Arbt_Sundsvallssyndikalister.13	11-SCONJ|att|9|OO	1
Arbt_Sundsvallssyndikalister.14	8-SCONJ|som|4|MD 10-AUX|är|8|OO	2
Arbt_Sundsvallssyndikalister.14	16-AUX|är|0|-- 1-ADP|Enligt|16|MD	2
Arbt_Sundsvallssyndikalister.14	16-AUX|är|0|-- 1-ADP|Enligt|16|MD 18-ADP|i|16|MD	3
Arbt_Sundsvallssyndikalister.14	16-AUX|är|0|-- 1-ADP|Enligt|16|MD 18-ADP|i|16|MD 23-SCONJ|att|16|ES 25-AUX|har|23|OO	5
Arbt_Sundsvallssyndikalister.15	6-ADP|för|5|MD	1
Arbt_Sundsvallssyndikalister.15	4-ADP|på|2|MD	1
Regr_255670.1	8-ADP|i|7|MD	1
Regr_255670.1	6-ADP|på|3|MD	1
Regr_255670.2	5-AUX|kommer|0|-- 1-ADP|Under|5|MD	2
Regr_255670.2	9-ADP|av|8|MD	1
Regr_255670.2	5-AUX|kommer|0|-- 1-ADP|Under|5|MD 13-PART|att|5|IV	3
Regr_255670.3	4-AUX|ska|0|-- 1-ADP|Bland|4|MD	2
Regr_255670.3	16-ADP|till|14|OA	1
Regr_255670.3	10-ADP|för|9|MD 11-SCONJ|att|10|OO 13-AUX|ska|11|OO	3
Regr_255670.3	8-SCONJ|som|6|OO	1
Regr_255670.4	2-ADP|över|1|MD	1
Regr_255670.4	6-ADP|mot|5|MD	1
Regr_255670.4	14-AUX|ska|11|OO	1
Regr_255670.4	10-ADP|om|9|MD	1
Regr_255670.4	20-ADP|på|18|OA	1
Regr_255670.6	3-SCONJ|att|2|OO 6-AUX|ska|3|OO	2
Regr_255670.7	5-AUX|ska|0|--	1
Regr_255670.8	3-ADP|på|2|OA 4-SCONJ|att|3|OO	2
Regr_255670.9	24-ADP|till|23|RA	1
Regr_255670.9	22-SCONJ|som|21|MD	1
Regr_255670.9	19-ADP|av|18|MD	1
Regr_255670.9	13-SCONJ|som|12|MD	1
Regr_255670.9	2-AUX|är|0|-- 9-ADP|med|2|MD	2
Regr_255670.10	8-AUX|kan|6|OO	1
Regr_255670.10	10-ADP|med|4|MD	1
Regr_255670.10	2-AUX|kommer|15|OO 3-PART|att|2|IV	2
Regr_255670.10	21-ADP|inför|20|MD	1
Regr_255670.10	18-ADP|i|15|MD	1
Regr_255670.11	11-ADP|utanför|10|MD	1
Regr_255670.11	7-ADP|med|6|MD	1
Regr_255670.11	3-AUX|måste|0|--	1
Regr_255670.12	2-AUX|måste|9|DF	1
Regr_255670.13	11-ADP|från|10|MD	1
Regr_255670.13	4-AUX|kommer|0|-- 6-PART|att|4|IV	2
Regr_255670.14	9-ADP|på|8|MD	1
Regr_255670.14	4-ADP|från|3|MD	1
Regr_255670.14	15-ADP|i|13|MD	1
Regr_255670.14	12-AUX|har|0|--	1
Regr_255670.15	25-ADP|i|23|MD	1
Regr_255670.15	22-PART|att|21|MD	1
Regr_255670.15	17-SCONJ|att|16|OO	1
Regr_255670.15	15-SCONJ|som|14|MD	1
Regr_255670.15	2-AUX|är|0|-- 6-SCONJ|som|2|EF 7-AUX|fått|6|OO 11-ADP|för|7|MD 12-PART|att|11|OO	5
Regr_255670.16	2-AUX|är|0|--	1
Regr_255670.17	3-PART|att|2|MD	1
Regr_255670.17	7-ADP|i|9|MD	1
Regr_255670.17	10-ADP|i|9|OA	1
Regr_255670.17	6-AUX|är|0|--	1
Regr_255670.18	2-AUX|är|0|--	1
Regr_255670.19	8-ADP|om|7|MD	1
Regr_255670.19	17-ADP|av|16|AG	1
Regr_255670.19	12-SCONJ|att|11|MD 15-AUX|blir|12|OO	2
Regr_255670.19	2-AUX|är|20|OO	1
Regr_255670.20	3-AUX|kommer|0|-- 1-ADP|Under|3|MD	2
Regr_255670.20	3-AUX|kommer|0|-- 1-ADP|Under|3|MD 5-PART|att|3|IV	3
Regr_255656.1	5-ADP|om|4|MD	1
Regr_255656.1	3-ADP|på|2|MD	1
Regr_255656.2	5-ADP|till|4|RA	1
Regr_255656.2	16-ADP|om|15|MD	1
Regr_255656.2	13-ADP|på|12|RA	1
Regr_255656.2	10-ADP|för|4|MD 11-PART|att|10|OO	2
Regr_255656.3	2-ADP|från|1|MD	1
Regr_255656.3	17-ADP|av|16|MD	1
Regr_255656.3	19-AUX|kan|15|OO	1
Regr_255656.3	14-ADP|för|13|MD	1
Regr_255656.3	9-ADP|om|8|MD	1
Regr_255656.3	6-ADP|för|5|MD 7-PART|att|6|OO	2
Regr_255656.4	13-SCONJ|som|12|MD	1
Regr_255656.4	7-ADP|med|5|MD	1
Regr_255656.4	3-PART|att|2|OO	1
Regr_255656.5	2-ADP|för|1|MD	1
Regr_255656.5	7-ADP|till|4|OA	1
Regr_255656.5	18-SCONJ|som|16|JF	1
Regr_255656.5	14-AUX|är|13|OO	1
Regr_255656.6	6-ADP|på|5|OA 7-PART|att|6|OO	2
Regr_255656.6	4-AUX|måste|0|--	1
Regr_255656.7	6-SCONJ|att|2|IV	1
Regr_255656.8	3-ADP|om|2|OA 4-PART|att|3|OO	2
Regr_255656.9	4-AUX|har|0|-- 1-ADP|Sedan|4|MD	2
Regr_255656.9	11-ADP|av|10|MD	1
Regr_255656.9	9-ADP|på|8|MD	1
Regr_255656.10	5-AUX|har|0|--	1
Regr_255656.11	10-ADP|av|9|MD	1
Regr_255656.11	6-ADP|på|5|MD	1
Regr_255656.11	4-AUX|har|0|--	1
Regr_255656.12	1-ADP|Mellan|6|MD	1
Regr_255656.12	13-ADP|av|12|MD	1
Regr_255656.12	11-ADP|på|10|MD	1
Regr_255656.14	4-AUX|ska|0|--	1
Regr_255656.15	19-ADP|av|18|MD	1
Regr_255656.15	13-ADP|för|12|MD 14-PART|att|13|OO	2
Regr_255656.15	10-ADP|om|7|MD	1
Regr_255656.15	5-ADP|på|4|MD	1
Regr_255656.15	2-AUX|kommer|0|--	1
Regr_255656.16	3-ADP|om|2|MD	1
Regr_255656.16	6-ADP|på|5|OA	1
Arbt_Vansterpartiets.2	2-ADP|för|1|MD	1
Arbt_Vansterpartiets.2	4-AUX|får|0|-- 7-PART|att|4|IV	2
Arbt_Vansterpartiets.3	9-ADP|om|8|MD	1
Arbt_Vansterpartiets.3	13-ADP|från|8|MD	1
Arbt_Vansterpartiets.3	16-ADP|med|8|MD	1
Arbt_Vansterpartiets.3	5-ADP|av|4|AG	1
Arbt_Vansterpartiets.3	20-AUX|har|0|-- 1-SCONJ|Som|20|MD 2-AUX|vore|1|OO	3
Arbt_Vansterpartiets.3	30-ADP|från|29|MD	1
Arbt_Vansterpartiets.4	1-ADP|I|5|MD	1
Arbt_Vansterpartiets.4	12-PART|att|11|OO	1
Arbt_Vansterpartiets.4	8-ADP|för|5|MD 9-SCONJ|att|8|OO	2
Arbt_Vansterpartiets.4	20-ADP|för|19|MD 21-PART|att|20|OO	2
Arbt_Vansterpartiets.4	18-ADP|i|26|MD	1
Arbt_Vansterpartiets.4	31-ADP|till|29|MD	1
Arbt_Vansterpartiets.4	27-ADP|på|26|OA 28-PART|att|27|OO	2
Arbt_Vansterpartiets.4	16-SCONJ|eftersom|5|MD	1
Arbt_Vansterpartiets.5	5-AUX|är|0|-- 3-ADP|ur|5|MD	2
Arbt_Vansterpartiets.6	2-ADP|tvärtemot|7|MD	1
Arbt_Vansterpartiets.6	15-ADP|för|14|MD	1
Arbt_Vansterpartiets.6	10-ADP|till|7|OA 11-SCONJ|att|10|OO	2
Arbt_Vansterpartiets.8	3-ADP|för|2|MD	1
Arbt_Vansterpartiets.8	1-SCONJ|Som|7|MD	1
Arbt_Vansterpartiets.8	9-ADP|i|7|OA	1
Arbt_Vansterpartiets.8	28-ADP|på|21|MD	1
Arbt_Vansterpartiets.8	18-SCONJ|att|17|OO	1
Arbt_Vansterpartiets.8	11-ADP|efter|7|MD 12-SCONJ|att|11|OO	2
Arbt_Vansterpartiets.9	2-ADP|av|1|AG	1
Arbt_Vansterpartiets.9	9-ADP|från|8|MD	1
Arbt_Vansterpartiets.9	6-PART|att|4|OO	1
Arbt_Vansterpartiets.9	16-ADP|trots|21|MD 17-SCONJ|att|16|OO	2
Arbt_Vansterpartiets.9	32-ADP|av|31|MD	1
Arbt_Vansterpartiets.9	30-SCONJ|som|29|MD	1
Arbt_Vansterpartiets.9	27-ADP|med|26|MD	1
Arbt_Vansterpartiets.9	25-PART|att|21|OA	1
Arbt_Vansterpartiets.9	15-SCONJ|att|14|OO	1
Arbt_Vansterpartiets.10	11-ADP|för|10|OA 12-SCONJ|att|11|OO 17-AUX|skulle|12|OO 18-AUX|vara|17|IV	4
Arbt_Vansterpartiets.10	4-SCONJ|att|2|OO	1
Arbt_Vansterpartiets.11	17-ADP|från|16|MD	1
Arbt_Vansterpartiets.11	11-ADP|från|10|MD 12-SCONJ|att|11|OO	2
Arbt_Vansterpartiets.11	23-SCONJ|att|21|OO 25-AUX|skulle|23|OO	2
Arbt_Vansterpartiets.11	8-SCONJ|som|5|MD	1
Arbt_Vansterpartiets.12	5-ADP|ur|4|OA	1
Arbt_Vansterpartiets.12	2-AUX|är|0|--	1
Arbt_Vansterpartiets.13	4-AUX|är|0|-- 1-ADP|I|4|MD	2
Arbt_Vansterpartiets.13	12-SCONJ|än|11|JF	1
Arbt_Vansterpartiets.13	10-ADP|om|9|OA	1
Arbt_Vansterpartiets.13	4-AUX|är|0|-- 1-ADP|I|4|MD 7-SCONJ|att|4|ES	3
Arbt_Vansterpartiets.14	12-ADP|inom|11|MD	1
Arbt_Vansterpartiets.14	8-ADP|för|7|MD	1
Arbt_Vansterpartiets.14	19-PART|att|18|OO	1
Arbt_Vansterpartiets.14	14-SCONJ|som|7|MD	1
Arbt_Vansterpartiets.14	5-ADP|av|2|MD	1
Arbt_Vansterpartiets.15	5-AUX|vill|0|-- 2-ADP|av|5|MD	2
Arbt_Vansterpartiets.15	10-ADP|vid|8|OA	1
Arbt_Vansterpartiets.16	4-ADP|för|0|-- 1-ADP|För|4|MD	2
Arbt_Vansterpartiets.16	22-SCONJ|som|21|MD	1
Arbt_Vansterpartiets.16	20-PART|att|19|OA	1
Arbt_Vansterpartiets.16	25-ADP|i|19|MD	1
Arbt_Vansterpartiets.16	16-SCONJ|där|14|MD	1
Arbt_Vansterpartiets.16	11-ADP|i|10|MD	1
Arbt_Vansterpartiets.16	4-ADP|för|0|-- 1-ADP|För|4|MD 5-SCONJ|att|4|OO 9-AUX|har|5|OO	4
Arbt_Vansterpartiets.17	4-ADP|eftersom|0|-- 1-ADP|För|4|DF	2
Arbt_Vansterpartiets.17	7-SCONJ|som|6|MD	1
Arbt_Vansterpartiets.17	13-ADP|till|12|OA	1
Arbt_Vansterpartiets.17	16-SCONJ|som|12|MD	1
Arbt_Vansterpartiets.17	4-ADP|eftersom|0|-- 1-ADP|För|4|DF 5-SCONJ|att|4|OO	3
Arbt_Vansterpartiets.18	1-ADP|Enligt|4|MD	1
Arbt_Vansterpartiets.18	11-SCONJ|som|10|MD	1
Arbt_Vansterpartiets.18	7-SCONJ|som|6|MD	1
Arbt_Vansterpartiets.18	17-ADP|mot|16|MD	1
Arbt_Vansterpartiets.19	16-SCONJ|än|10|JF 17-ADP|på|16|OO 18-PART|att|17|OO	3
Arbt_Vansterpartiets.19	12-ADP|på|11|OA	1
Arbt_Vansterpartiets.19	5-SCONJ|att|4|OO	1
Arbt_Vansterpartiets.19	2-AUX|kan|0|--	1
Arbt_Vansterpartiets.20	14-ADP|för|13|OA	1
Arbt_Vansterpartiets.20	7-SCONJ|då|4|MD 10-AUX|är|7|OO 12-SCONJ|som|10|EF	3
Arbt_Vansterpartiets.21	5-ADP|om|4|OO	1
Arbt_Vansterpartiets.21	9-AUX|är|0|-- 1-ADP|Oaktat|9|MD	2
Arbt_Vansterpartiets.22	3-AUX|är|0|-- 4-SCONJ|att|3|SP	2
Arbt_Vansterpartiets.23	2-ADP|till|1|MD 3-PART|att|2|OO	2
Arbt_Vansterpartiets.23	6-AUX|är|0|--	1
Arbt_Vansterpartiets.24	8-ADP|av|7|MD	1
Arbt_Vansterpartiets.24	6-ADP|i|5|MD	1
Arbt_Vansterpartiets.24	16-ADP|vid|15|MD	1
Arbt_Vansterpartiets.24	12-AUX|är|2|conj 14-PART|att|12|SP	2
Arbt_Vansterpartiets.25	6-ADP|till|5|OA	1
Arbt_Vansterpartiets.25	3-AUX|kan|0|-- 9-SCONJ|om|3|MD	2
Arbt_Vansterpartiets.26	12-ADP|i|11|MD	1
Arbt_Vansterpartiets.26	5-ADP|i|4|MD 6-PART|att|5|OO	2
Arbt_Vansterpartiets.26	18-AUX|måste|2|conj	1
Arbt_Vansterpartiets.27	6-AUX|är|0|-- 1-SCONJ|Att|6|SB	2
Arbt_Vansterpartiets.28	6-ADP|med|5|OA	1
Arbt_Vansterpartiets.28	8-AUX|är|0|-- 1-SCONJ|Att|8|SB	2
Arbt_Vansterpartiets.29	8-ADP|vid|6|OP	1
Arbt_Vansterpartiets.29	4-ADP|till|3|OA 5-PART|att|4|OO	2
Arbt_Vansterpartiets.30	2-AUX|var|0|--	1
Arbt_Vansterpartiets.31	4-AUX|kunde|0|-- 1-ADP|För|4|MD	2
Arbt_Vansterpartiets.31	7-ADP|till|6|MD 8-PART|att|7|OO	2
Arbt_Vansterpartiets.32	6-ADP|mellan|5|MD	1
Arbt_Vansterpartiets.33	13-ADP|från|12|MD	1
Arbt_Vansterpartiets.33	18-ADP|om|17|MD	1
Arbt_Vansterpartiets.33	8-SCONJ|som|5|JF 9-PART|att|8|OO	2
Arbt_Vansterpartiets.34	4-AUX|hade|0|-- 5-AUX|varit|4|IV 6-PART|att|5|SP	3
Arbt_Vansterpartiets.35	3-AUX|hade|0|-- 1-ADP|I|3|MD	2
Arbt_Vansterpartiets.35	17-ADP|på|16|MD	1
Arbt_Vansterpartiets.35	12-SCONJ|att|11|OO 14-AUX|är|12|OO	2
Arbt_Vansterpartiets.36	4-ADP|på|3|OA	1
Arbt_Vansterpartiets.36	13-ADP|över|12|OA	1
Arbt_Vansterpartiets.36	6-ADP|över|3|OA 7-SCONJ|att|6|OO 11-AUX|är|7|OO	3
Arbt_Vansterpartiets.37	2-AUX|hade|0|--	1
Arbt_Vansterpartiets.38	4-ADP|med|3|OA	1
Arbt_Vansterpartiets.38	2-AUX|kan|0|--	1
Arbt_Vansterpartiets.39	1-ADP|Trots|4|MD	1
Arbt_Vansterpartiets.39	7-ADP|för|4|OA	1
Arbt_Vansterpartiets.40	8-ADP|inför|7|MD	1
Arbt_Vansterpartiets.40	4-ADP|med|3|MD	1
Arbt_Vansterpartiets.41	10-ADP|för|9|OA	1
Arbt_Vansterpartiets.41	5-ADP|om|4|MD 6-SCONJ|att|5|OO 8-AUX|är|6|OO	3
Arbt_Vansterpartiets.41	2-AUX|har|0|--	1
Arbt_Vansterpartiets.42	5-ADP|kring|4|MD	1
Arbt_Vansterpartiets.42	7-AUX|är|0|--	1
Arbt_Vansterpartiets.43	7-AUX|är|0|-- 2-SCONJ|som|7|SB 3-AUX|skulle|2|OO 4-AUX|kunna|3|IV	4
Arbt_Vansterpartiets.43	21-ADP|från|20|MD	1
Arbt_Vansterpartiets.43	7-AUX|är|0|-- 2-SCONJ|som|7|SB 3-AUX|skulle|2|OO 4-AUX|kunna|3|IV 8-SCONJ|att|7|SP	5
Arbt_Vansterpartiets.44	7-ADP|för|6|MD	1
Arbt_Vansterpartiets.44	22-ADP|i|19|OA	1
Arbt_Vansterpartiets.44	18-PART|att|17|MD	1
Arbt_Vansterpartiets.44	12-PART|att|11|MD	1
Arbt_Vansterpartiets.44	2-AUX|skulle|0|-- 3-AUX|vara|2|IV	2
Arbt_Vansterpartiets.45	10-ADP|för|9|MD	1
Arbt_Vansterpartiets.45	7-PART|att|6|OO	1
Arbt_Vansterpartiets.45	16-ADP|med|15|OA	1
Arbt_Vansterpartiets.45	13-AUX|kan|0|--	1
Arbt_Vansterpartiets.46	8-ADP|för|7|MD	1
Arbt_Vansterpartiets.46	4-ADP|av|2|MD	1
Arbt_Vansterpartiets.47	3-ADP|av|2|MD	1
Arbt_Vansterpartiets.47	1-ADP|I|6|MD	1
Arbt_Vansterpartiets.47	8-ADP|i|6|MD	1
Arbt_Vansterpartiets.47	17-SCONJ|än|15|JF	1
Arbt_Vansterpartiets.47	14-ADP|för|13|OA	1
Arbt_Vansterpartiets.47	12-SCONJ|som|11|MD	1
Arbt_Vansterpartiets.48	6-ADP|på|3|MD	1
Arbt_Vansterpartiets.49	10-SCONJ|som|9|MD	1
Arbt_Vansterpartiets.49	5-ADP|på|2|OA 6-SCONJ|att|5|OO	2
Arbt_Vansterpartiets.50	3-AUX|blir|0|--	1
Arbt_Vansterpartiets.51	3-AUX|är|0|--	1
Arbt_Vansterpartiets.52	5-ADP|på|4|MD	1
Arbt_Vansterpartiets.52	2-AUX|har|0|--	1
Regr_255193.1	5-ADP|för|4|MD	1
Regr_255193.1	3-ADP|till|2|MD	1
Regr_255193.2	15-ADP|för|14|MD	1
Regr_255193.2	7-ADP|till|6|MD	1
Regr_255193.2	5-ADP|om|4|MD	1
Regr_255193.2	2-AUX|har|0|--	1
Regr_255193.3	6-AUX|ska|0|--	1
Regr_255193.4	2-AUX|ska|0|-- 3-AUX|vara|2|IV	2
Regr_255193.5	2-ADP|För|8|MD 3-PART|att|2|OO	2
Regr_255193.5	19-SCONJ|som|18|MD	1
Regr_255193.5	16-ADP|i|15|MD	1
Regr_255193.5	12-SCONJ|som|11|MD 14-AUX|ska|12|OO	2
Regr_255193.6	2-ADP|till|1|MD	1
Regr_255193.6	14-ADP|för|13|MD 15-PART|att|14|OO	2
Regr_255193.6	8-ADP|till|7|OA 9-SCONJ|att|8|OO	2
Regr_255193.6	6-AUX|kan|0|--	1
Regr_255193.7	1-ADP|I|3|MD	1
Regr_255193.7	11-ADP|för|10|MD	1
Regr_255193.7	5-SCONJ|att|3|OO	1
Regr_255193.8	11-ADP|med|10|MD	1
Regr_255193.8	6-AUX|kan|0|-- 7-ADP|genom|6|MD	2
Regr_255193.8	22-ADP|av|21|MD	1
Regr_255193.8	18-ADP|till|17|MD 19-PART|att|18|OO	2
Regr_255193.9	2-ADP|genom|0|-- 3-SCONJ|att|2|OO	2
Regr_255193.10	18-ADP|av|17|MD	1
Regr_255193.10	13-SCONJ|som|12|MD	1
Regr_255193.10	11-ADP|i|10|OA	1
Regr_255193.10	3-SCONJ|att|2|OO 7-AUX|måste|3|OO 8-AUX|kunna|7|IV 9-AUX|vara|8|IV	4
Regr_255193.11	1-ADP|I|3|MD	1
Regr_255193.11	8-ADP|på|3|OA	1
Regr_255193.12	14-ADP|kring|13|MD	1
Regr_255193.12	23-AUX|kan|12|OO 20-ADP|i|23|MD	2
Regr_255193.12	25-ADP|av|24|AG	1
Regr_255193.12	11-ADP|på|10|MD	1
Regr_255193.12	6-PART|att|5|MD	1
Regr_255193.12	4-ADP|i|2|OA	1
Regr_255193.13	18-ADP|för|17|MD	1
Regr_255193.13	9-ADP|av|8|MD 10-PART|att|9|OO	2
Regr_255193.13	5-ADP|om|4|MD	1
Regr_255193.15	5-ADP|i|4|MD	1
Regr_255193.15	8-ADP|under|4|MD	1
Regr_255193.15	10-ADP|på|4|RA	1
Regr_255193.15	2-AUX|kommer|0|-- 3-SCONJ|att|2|IV	2
Regr_255706.1	9-ADP|mellan|8|MD	1
Regr_255706.1	7-ADP|för|6|MD	1
Regr_255706.2	17-ADP|om|16|MD	1
Regr_255706.2	13-ADP|till|12|OA 14-PART|att|13|OO	2
Regr_255706.2	11-SCONJ|som|8|MD	1
Regr_255706.2	9-ADP|till|6|MD	1
Regr_255706.2	5-PART|att|4|OO	1
Regr_255706.2	2-AUX|har|0|--	1
Regr_255706.3	3-ADP|bland|2|MD	1
Regr_255706.3	13-ADP|för|12|MD	1
Regr_255706.3	6-ADP|på|2|OA 7-SCONJ|att|6|OO 15-AUX|ska|7|OO	3
Regr_255706.4	7-ADP|mellan|6|MD	1
Regr_255706.4	5-ADP|för|4|MD	1
Regr_255706.5	7-ADP|mellan|6|MD	1
Regr_255706.5	4-PART|att|3|MD	1
Regr_255706.5	9-AUX|är|0|-- 10-PART|att|9|SP	2
Regr_255706.6	2-ADP|med|1|MD	1
Regr_255706.6	12-SCONJ|som|11|MD	1
Regr_255706.6	6-AUX|är|0|-- 7-PART|att|6|SP	2
Regr_255706.7	4-ADP|om|2|OA	1
Regr_255706.7	9-AUX|kan|2|conj 11-AUX|vara|9|IV	2
Regr_255706.8	5-SCONJ|än|4|JF	1
Regr_255706.9	4-ADP|av|3|MD	1
Regr_255706.9	2-ADP|vid|1|MD	1
Regr_255706.10	14-ADP|av|13|MD	1
Regr_255706.10	10-ADP|vid|9|MD	1
Regr_255706.10	8-ADP|till|7|MD	1
Regr_255706.10	6-ADP|om|5|MD	1
Regr_255706.10	2-AUX|har|0|--	1
Regr_255706.11	7-PART|att|6|OO 8-AUX|vara|7|OO	2
Regr_255706.11	10-AUX|kan|0|-- 2-SCONJ|om|10|MD 5-AUX|är|2|OO	3
Regr_255706.11	17-SCONJ|som|16|MD	1
Regr_255706.11	23-ADP|i|22|OA	1
Regr_255706.11	25-ADP|på|22|MD	1
Regr_255706.11	14-SCONJ|då|13|MD 21-AUX|måste|14|OO	2
Regr_255706.12	1-ADP|Med|4|MD	1
Regr_255706.12	13-ADP|till|12|MD	1
Regr_255706.12	9-SCONJ|som|8|MD 10-AUX|har|9|OO	2
Regr_255706.12	6-PART|att|5|MD	1
Regr_255706.13	1-ADP|I|3|MD	1
Regr_255706.13	5-SCONJ|att|3|OO	1
Regr_255706.14	8-SCONJ|som|7|MD	1
Regr_255706.14	5-ADP|av|4|AG	1
Regr_255706.15	2-ADP|i|4|MD	1
Regr_255706.15	11-ADP|till|10|MD	1
Regr_255706.15	9-ADP|i|8|MD	1
Regr_255706.15	7-SCONJ|att|6|MD	1
Regr_255706.17	2-ADP|bland|3|MD	1
Regr_255706.17	10-ADP|om|9|MD	1
Regr_255706.17	5-ADP|av|4|MD 6-PART|att|5|OO	2
Regr_255706.19	6-ADP|vid|3|MD	1
Regr_255706.20	6-AUX|är|0|-- 1-SCONJ|Om|6|MD 4-AUX|är|1|OO	3
Regr_255706.20	12-ADP|i|16|MD	1
Regr_255706.20	22-ADP|av|21|AG	1
Regr_255706.20	20-SCONJ|som|19|MD	1
Regr_255706.20	18-ADP|genom|16|MD	1
Regr_255706.20	6-AUX|är|0|-- 1-SCONJ|Om|6|MD 4-AUX|är|1|OO 10-SCONJ|att|6|ES	4
Regr_255706.21	10-SCONJ|än|8|JF	1
Regr_255706.21	3-SCONJ|att|2|OO 6-AUX|ska|3|OO	2
Regr_255706.22	3-ADP|för|2|MD	1
Regr_255706.23	4-PART|att|3|MD	1
Regr_255706.23	1-ADP|Med|9|MD	1
Regr_255706.23	19-ADP|vid|17|MD	1
Regr_255706.23	16-PART|att|15|MD	1
Regr_255706.23	10-SCONJ|att|9|SB 12-AUX|ska|10|OO	2
Regr_255706.24	2-AUX|ska|0|-- 4-PART|inte|2|MD	2
Regr_255706.24	13-ADP|på|16|MD	1
Regr_255706.24	17-ADP|av|16|AG	1
Regr_255706.24	12-SCONJ|som|11|MD	1
Regr_255706.26	7-ADP|för|5|MD	1
Regr_255706.26	3-AUX|kommer|0|-- 4-PART|att|3|IV	2
Regr_255706.27	4-SCONJ|att|3|OO 6-AUX|är|4|OO	2
Regr_255706.27	2-AUX|har|11|OO	1
Digi_2014-11.2	21-ADP|för|20|OA	1
Digi_2014-11.2	14-SCONJ|som|13|MD 15-AUX|är|14|OO	2
Digi_2014-11.2	11-ADP|för|9|MD	1
Digi_2014-11.2	7-ADP|av|6|MD	1
Digi_2014-11.3	3-ADP|för|2|MD	1
Digi_2014-11.3	5-AUX|är|0|--	1
Digi_2014-11.4	17-ADP|av|16|MD	1
Digi_2014-11.4	13-ADP|för|12|MD	1
Digi_2014-11.4	10-SCONJ|som|9|MD 11-AUX|ska|10|OO	2
Digi_2014-11.5	19-ADP|i|18|MD	1
Digi_2014-11.5	16-ADP|med|15|MD	1
Digi_2014-11.5	11-SCONJ|som|10|MD 14-AUX|kan|11|OO	2
Digi_2014-11.5	7-ADP|för|6|MD	1
Digi_2014-11.5	5-ADP|till|4|OA	1
Digi_2014-11.5	2-AUX|ska|0|--	1
Digi_2014-11.6	2-AUX|är|0|--	1
Digi_2014-11.8	1-ADP|Under|5|MD	1
Digi_2014-11.8	12-ADP|med|11|MD	1
Digi_2014-11.8	19-ADP|i|17|MD	1
Digi_2014-11.8	16-SCONJ|som|11|MD	1
Digi_2014-11.8	8-ADP|av|5|AG	1
Digi_2014-11.9	5-ADP|bland|7|MD	1
Digi_2014-11.9	8-ADP|för|7|MD	1
Digi_2014-11.9	4-ADP|om|3|MD	1
Digi_2014-11.9	14-ADP|i|13|MD	1
Digi_2014-11.9	19-SCONJ|som|18|MD 22-AUX|har|19|OO	2
Digi_2014-11.9	12-ADP|mellan|11|OO	1
Digi_2014-11.9	2-AUX|kommer|0|-- 10-SCONJ|att|2|IV	2
Digi_2014-11.10	3-ADP|om|2|MD	1
Digi_2014-11.11	3-ADP|om|2|MD	1
Digi_2014-11.12	8-ADP|i|7|MD	1
Digi_2014-11.12	20-ADP|med|25|MD	1
Digi_2014-11.12	26-SCONJ|där|25|MD 28-AUX|är|26|OO	2
Digi_2014-11.12	14-ADP|om|13|OA	1
Digi_2014-11.12	12-SCONJ|som|7|MD	1
Digi_2014-11.12	10-PART|att|4|OO	1
Digi_2014-11.13	6-ADP|av|5|MD	1
Digi_2014-11.13	3-ADP|för|2|MD	1
Digi_2014-11.13	19-ADP|i|18|MD	1
Digi_2014-11.13	13-ADP|i|12|MD	1
Digi_2014-11.13	10-ADP|om|9|OA	1
Digi_2014-11.14	4-ADP|av|3|MD	1
Digi_2014-11.14	10-ADP|av|9|AG	1
Digi_2014-11.14	8-AUX|kan|0|--	1
Digi_2014-11.15	16-ADP|i|15|OA	1
Digi_2014-11.15	13-SCONJ|som|12|MD	1
Digi_2014-11.15	8-ADP|för|7|MD	1
Digi_2014-11.15	3-SCONJ|att|2|OO 6-AUX|kan|3|OO	2
Digi_2014-11.16	3-ADP|om|2|MD	1
Digi_2014-11.17	3-ADP|kring|2|MD	1
Digi_2014-11.17	10-ADP|i|9|OA	1
Digi_2014-11.18	3-ADP|av|2|MD	1
Digi_2014-11.18	1-ADP|I|5|MD	1
Digi_2014-11.18	9-ADP|i|5|RA	1
Digi_2014-11.18	14-ADP|om|13|MD 20-ADP|ur|14|AN	2
Digi_2014-11.18	11-ADP|för|5|MD	1
Digi_2014-11.19	5-ADP|mot|4|MD	1
Digi_2014-11.19	27-ADP|i|26|MD	1
Digi_2014-11.19	23-ADP|genom|21|MD	1
Digi_2014-11.19	19-SCONJ|som|14|MD	1
Digi_2014-11.19	11-ADP|på|10|MD	1
Digi_2014-11.19	8-AUX|var|2|conj	1
Digi_2014-11.20	11-ADP|kring|10|MD	1
Digi_2014-11.20	26-ADP|på|25|MD	1
Digi_2014-11.20	28-ADP|för|25|MD 29-SCONJ|att|28|OO	2
Digi_2014-11.20	19-ADP|av|16|MD	1
Digi_2014-11.20	14-SCONJ|där|10|MD	1
Digi_2014-11.20	7-ADP|kring|6|MD	1
Digi_2014-11.20	2-AUX|är|0|-- 4-SCONJ|att|2|ES	2
Digi_2014-11.21	7-ADP|av|6|MD	1
Digi_2014-11.21	13-ADP|på|12|MD	1
Digi_2014-11.21	18-ADP|i|12|RA	1
Digi_2014-11.21	11-SCONJ|som|6|conj	1
Digi_2014-11.21	2-AUX|kan|0|--	1
Digi_2014-11.24	8-SCONJ|att|7|OO 10-AUX|kan|8|OO	2
Digi_2014-11.24	6-SCONJ|som|5|MD	1
Digi_2014-11.24	1-AUX|Vill|0|--	1
Digi_2014-11.25	9-ADP|i|8|MD	1
Digi_2014-11.25	7-ADP|på|12|RA	1
Digi_2014-11.25	15-ADP|om|14|MD	1
Digi_2014-11.26	4-ADP|för|3|OA	1
Digi_2014-11.26	2-AUX|är|0|--	1
Digi_2014-11.27	3-AUX|får|0|-- 1-ADP|Under|3|MD	2
Digi_2014-11.27	14-ADP|av|13|AG	1
Digi_2014-11.27	21-ADP|med|13|MD	1
Digi_2014-11.27	27-ADP|för|26|MD	1
Digi_2014-11.27	25-ADP|inom|13|MD	1
Digi_2014-11.28	2-ADP|med|1|MD	1
Digi_2014-11.29	4-ADP|i|3|MD	1
Digi_2014-11.29	8-ADP|med|13|MD	1
Digi_2014-11.29	16-ADP|på|15|MD	1
Digi_2014-11.29	20-ADP|för|13|MD	1
Digi_2014-11.29	30-ADP|vid|28|MD	1
Digi_2014-11.29	26-ADP|på|24|RA	1
Digi_2014-11.29	33-ADP|mellan|24|MD	1
Digi_2014-11.30	8-ADP|på|4|RA	1
Digi_2014-11.30	12-ADP|med|11|MD	1
Digi_2014-11.30	3-PART|att|1|OO	1
Digi_2014-11.31	2-AUX|är|0|--	1
Digi_2014-11.32	5-ADP|i|2|MD	1
Digi_2014-11.33	3-ADP|på|1|MD	1
Digi_2014-11.33	11-ADP|på|10|MD	1
Digi_2014-11.33	9-ADP|för|1|MD	1
Regr_255346.1	5-ADP|i|3|MD	1
Regr_255346.2	17-ADP|i|16|MD	1
Regr_255346.2	21-ADP|för|16|MD	1
Regr_255346.2	13-ADP|om|12|MD	1
Regr_255346.2	11-PART|att|10|OO	1
Regr_255346.2	7-AUX|kommer|0|-- 9-AUX|vara|7|IV	2
Regr_255346.3	9-ADP|för|8|OA	1
Regr_255346.3	11-PART|att|8|MD	1
Regr_255346.3	3-SCONJ|att|2|OO	1
Regr_255346.4	6-ADP|i|5|MD	1
Regr_255346.4	3-SCONJ|som|2|MD	1
Regr_255346.4	17-ADP|på|14|OA	1
Regr_255346.4	25-ADP|av|27|AG	1
Regr_255346.4	23-ADP|av|22|AG	1
Regr_255346.4	20-ADP|för|14|MD 21-PART|att|20|OO	2
Regr_255346.4	13-PART|att|12|MD	1
Regr_255346.5	5-ADP|i|2|MD	1
Regr_255346.5	12-ADP|i|2|MD	1
Regr_255346.6	4-ADP|i|3|MD	1
Regr_255346.6	2-AUX|är|0|--	1
Regr_255346.7	10-ADP|åt|5|OA 11-PART|att|10|OO	2
Regr_255346.7	3-AUX|får|0|--	1
Regr_255346.8	4-ADP|med|3|MD	1
Regr_255346.9	2-AUX|kommer|0|--	1
Regr_255346.10	1-ADP|Under|3|MD	1
Regr_255346.10	16-ADP|för|15|MD	1
Regr_255346.10	12-SCONJ|där|10|MD 19-AUX|är|12|OO	2
Regr_255346.10	8-ADP|i|3|MD	1
Regr_255346.11	6-ADP|i|5|MD	1
Regr_255346.11	3-SCONJ|som|2|MD	1
Regr_255346.11	11-ADP|i|9|MD	1
Regr_255346.11	19-ADP|i|17|MD	1
Regr_255346.12	11-ADP|av|10|MD	1
Regr_255346.12	16-ADP|i|15|RA	1
Regr_255346.12	7-SCONJ|om|6|OO 14-AUX|ska|7|OO	2
Regr_255346.12	2-AUX|är|0|-- 5-SCONJ|som|2|EF	2
Regr_255346.12	22-PART|att|21|OO	1
Regr_255346.12	19-SCONJ|om|26|MD	1
Regr_255346.12	31-ADP|på|30|MD	1
Regr_255346.12	29-ADP|för|28|OA	1
Regr_255346.13	6-ADP|med|5|MD	1
Regr_255346.13	14-ADP|för|13|MD	1
Regr_255346.14	5-ADP|i|4|MD	1
Regr_255346.14	1-ADP|I|7|MD	1
Regr_255346.14	13-ADP|över|12|MD	1
Regr_255346.15	4-ADP|i|3|MD	1
Regr_255346.16	6-ADP|av|5|MD	1
Regr_255346.16	2-ADP|av|1|MD	1
Regr_255346.16	16-ADP|med|15|MD	1
Regr_255346.16	22-ADP|i|21|MD	1
Regr_255346.16	20-ADP|om|15|MD	1
Regr_255346.16	13-ADP|av|12|MD	1
Regr_255346.16	10-AUX|är|0|--	1
Regr_255855.1	3-ADP|för|2|MD	1
Regr_255855.2	17-ADP|för|16|MD	1
Regr_255855.2	20-SCONJ|som|19|MD	1
Regr_255855.2	13-ADP|till|12|OA 14-PART|att|13|OO	2
Regr_255855.2	11-SCONJ|som|10|MD	1
Regr_255855.2	9-ADP|med|6|MD	1
Regr_255855.2	7-ADP|till|4|MD	1
Regr_255855.2	2-AUX|har|0|--	1
Regr_255855.3	3-AUX|har|0|-- 1-ADP|Inom|3|RA	2
Regr_255855.3	12-ADP|med|11|MD	1
Regr_255855.3	6-ADP|vid|5|MD	1
Regr_255855.4	3-ADP|på|2|OA	1
Regr_255855.5	3-SCONJ|att|2|OO 5-AUX|ska|3|OO	2
Regr_255855.6	4-ADP|inom|3|MD	1
Regr_255855.6	11-ADP|för|10|MD	1
Regr_255855.6	6-AUX|har|0|--	1
Regr_255855.7	3-ADP|bland|2|MD	1
Regr_255855.7	12-ADP|vid|11|MD	1
Regr_255855.7	9-ADP|för|8|OA	1
Regr_255855.7	19-SCONJ|om|8|MD 16-AUX|vill|19|MD	2
Regr_255855.7	19-SCONJ|om|8|MD 16-AUX|vill|19|MD 22-AUX|varit|19|OO	3
Regr_255855.7	5-SCONJ|att|2|OO	1
Regr_255855.8	20-SCONJ|om|17|MD	1
Regr_255855.8	15-SCONJ|som|14|MD	1
Regr_255855.8	13-ADP|på|12|MD	1
Regr_255855.8	9-SCONJ|som|8|MD	1
Regr_255855.8	5-PART|att|4|OO	1
Regr_255855.8	2-AUX|är|0|--	1
Regr_255855.9	7-ADP|av|6|MD	1
Regr_255855.9	5-ADP|till|4|MD	1
Regr_255855.9	16-ADP|om|14|MD	1
Regr_255855.9	13-PART|att|12|OO	1
Regr_255855.9	11-AUX|är|2|conj	1
Regr_255855.10	14-ADP|med|13|MD	1
Regr_255855.10	10-ADP|vid|8|MD	1
Regr_255855.10	3-SCONJ|att|2|OO 7-AUX|ska|3|OO	2
Regr_255855.11	14-SCONJ|än|13|JF	1
Regr_255855.11	9-SCONJ|som|8|MD 11-AUX|får|9|OO	2
Regr_255855.11	4-ADP|för|2|MD	1
Regr_255855.12	17-PART|att|16|MD	1
Regr_255855.12	15-ADP|mot|14|OA	1
Regr_255855.12	13-SCONJ|som|12|MD	1
Regr_255855.12	28-ADP|på|27|MD 29-SCONJ|att|28|OO 31-AUX|är|29|OO	3
Regr_255855.12	25-SCONJ|som|24|MD	1
Regr_255855.12	33-PART|att|22|IV	1
Regr_255855.12	4-SCONJ|att|2|OO 6-AUX|ska|4|OO 7-AUX|vara|6|IV 9-PART|att|7|ES	4
Regr_255855.13	6-SCONJ|som|5|MD 7-AUX|kan|6|OO	2
Regr_255855.13	2-ADP|för|1|MD	1
Regr_255855.14	4-ADP|i|3|OA	1
Regr_255855.14	8-ADP|med|7|MD 9-SCONJ|att|8|OO	2
Regr_255855.14	6-ADP|i|3|MD	1
Regr_255855.15	7-ADP|av|6|MD	1
Regr_255855.15	4-ADP|under|3|MD	1
Regr_255855.16	12-ADP|på|8|MD	1
Regr_255855.16	22-ADP|gentemot|21|MD	1
Regr_255855.16	17-SCONJ|att|16|OO	1
Regr_255855.16	14-ADP|för|8|MD 15-PART|att|14|OO	2
Regr_255855.16	3-AUX|är|0|-- 5-SCONJ|att|3|ES	2
Regr_255855.17	14-ADP|av|13|AG	1
Regr_255855.17	2-AUX|är|25|OO 6-SCONJ|att|2|ES 11-AUX|kommer|6|OO 12-PART|att|11|IV	4
Regr_255855.17	31-ADP|i|25|MD	1
Regr_254981.1	2-ADP|av|1|MD	1
Regr_254981.2	4-ADP|för|3|MD	1
Regr_254981.2	7-ADP|vid|3|MD	1
Regr_254981.2	2-ADP|för|1|MD	1
Regr_254981.2	17-ADP|av|16|MD	1
Regr_254981.2	15-ADP|av|14|MD	1
Regr_254981.2	12-AUX|har|0|--	1
Regr_254981.3	7-ADP|till|4|MD	1
Regr_254981.3	2-AUX|har|0|--	1
Regr_254981.4	6-ADP|av|5|MD	1
Regr_254981.4	3-ADP|av|2|MD	1
Regr_254981.4	15-ADP|per|14|MD	1
Regr_254981.4	9-AUX|är|0|--	1
Regr_254981.5	5-ADP|på|4|MD 6-SCONJ|att|5|OO 10-AUX|är|6|OO	3
Regr_254981.6	4-ADP|av|3|MD	1
Regr_254981.6	15-SCONJ|än|13|JF	1
Regr_254981.6	11-ADP|av|10|AG	1
Regr_254981.6	6-AUX|är|0|-- 7-SCONJ|att|6|SP	2
Regr_254981.7	3-SCONJ|att|2|OO 7-AUX|bör|3|OO 5-ADP|inom|7|RA	3
Regr_254981.7	15-ADP|i|14|MD	1
Regr_254981.7	12-ADP|av|11|MD	1
Regr_254981.7	22-ADP|till|21|MD	1
Regr_254981.7	18-ADP|vid|17|RA	1
Regr_254981.7	9-ADP|för|8|MD 10-SCONJ|att|9|OO	2
Regr_254981.8	6-ADP|för|5|MD	1
Regr_254981.8	3-ADP|på|2|MD	1
Regr_254981.8	8-AUX|bör|0|-- 1-ADP|I|8|MD	2
Regr_254981.8	12-ADP|av|11|MD	1
Regr_254981.8	17-ADP|till|16|MD	1
Regr_254981.8	19-ADP|från|16|MD	1
Regr_254981.8	15-ADP|vid|14|MD	1
Regr_254981.9	2-AUX|bör|0|--	1
Regr_254981.10	3-AUX|bör|0|-- 1-ADP|På|3|MD	2
Regr_254981.10	13-ADP|vid|11|MD	1
Regr_254981.10	6-SCONJ|om|5|ES 10-AUX|ska|6|OO	2
Regr_254981.11	4-SCONJ|att|2|OO 10-AUX|ska|4|OO 7-SCONJ|som|10|MD	3
Regr_254981.11	13-ADP|till|12|MD	1
Regr_254981.11	17-ADP|under|11|MD	1
Regr_254981.12	6-ADP|för|5|MD	1
Regr_254981.12	2-AUX|ska|0|-- 9-AUX|få|2|IV	2
Regr_254981.13	3-ADP|bland|2|MD	1
Regr_254981.13	11-ADP|under|10|MD	1
Regr_254981.13	9-ADP|till|8|MD	1
Regr_254981.13	7-ADP|för|6|MD	1
Regr_254981.13	16-ADP|till|15|MD	1
Regr_254981.13	5-SCONJ|att|2|SB 14-AUX|ska|5|OO	2
Regr_254981.14	7-ADP|i|6|MD	1
Regr_254981.14	4-ADP|av|3|MD	1
Regr_254981.14	2-ADP|om|1|MD	1
Regr_254981.14	11-ADP|i|10|OA	1
Regr_254981.15	5-ADP|i|4|OA	1
Regr_254842.1	6-ADP|i|5|MD	1
Regr_254842.1	4-ADP|av|3|MD	1
Regr_254842.1	2-ADP|med|1|MD	1
Regr_254842.2	9-ADP|för|8|MD	1
Regr_254842.2	6-ADP|med|5|MD	1
Regr_254842.2	14-SCONJ|som|5|MD	1
Regr_254842.3	5-ADP|i|4|MD	1
Regr_254842.3	12-ADP|till|11|OA	1
Regr_254842.4	5-ADP|i|4|MD	1
Regr_254842.4	2-ADP|av|1|MD	1
Regr_254842.4	11-ADP|på|10|MD	1
Regr_254842.4	7-AUX|är|0|--	1
Regr_254842.5	10-ADP|för|9|MD	1
Regr_254842.6	5-ADP|till|4|RA	1
Regr_254842.6	3-AUX|har|0|--	1
Regr_254842.7	3-ADP|i|2|MD	1
Regr_254842.7	14-ADP|i|13|MD	1
Regr_254842.7	10-ADP|med|9|MD	1
Regr_254842.8	6-ADP|i|3|RA	1
Regr_254842.10	12-ADP|mot|11|MD	1
Regr_254842.10	8-SCONJ|som|7|MD	1
Regr_254842.10	6-ADP|till|5|OA	1
Regr_254842.10	2-SCONJ|som|1|MD	1
Regr_254842.10	20-ADP|till|19|OA	1
Regr_254842.10	18-AUX|måste|0|--	1
Regr_254842.11	11-ADP|utmed|9|MD	1
Regr_254842.11	8-PART|att|7|OO	1
Regr_254842.11	6-AUX|har|2|conj	1
Regr_254842.12	3-AUX|har|0|-- 1-ADP|Sedan|3|MD	2
Regr_254842.12	6-ADP|till|8|MD	1
Regr_254842.12	14-ADP|i|12|MD	1
Regr_254842.12	9-ADP|med|8|MD	1
Regr_254842.12	35-ADP|till|34|MD	1
Regr_254842.12	32-SCONJ|som|31|MD	1
Regr_254842.12	21-ADP|till|20|MD	1
Regr_254842.13	9-ADP|från|8|MD	1
Regr_254842.13	2-AUX|har|0|--	1
Regr_254842.14	8-ADP|för|7|OA	1
Regr_254842.14	5-SCONJ|som|4|MD 6-AUX|är|5|OO	2
Regr_254842.15	4-AUX|är|0|-- 1-ADP|På|4|MD	2
Regr_254842.15	14-ADP|på|13|MD	1
Regr_254842.15	4-AUX|är|0|-- 1-ADP|På|4|MD 10-SCONJ|som|4|EF 11-AUX|kan|10|OO	4
Regr_254842.17	9-ADP|med|8|MD	1
Regr_254842.17	16-ADP|på|14|MD	1
Regr_254842.17	11-ADP|för|6|MD 12-PART|att|11|OO 13-AUX|kunna|12|OO	3
Regr_254842.18	3-ADP|via|2|MD	1
Regr_254842.18	16-ADP|för|2|MD 17-PART|att|16|OO	2
Regr_254842.19	7-ADP|mot|6|MD	1
Regr_254842.19	9-ADP|i|2|RA	1
Regr_254842.20	11-ADP|i|10|RA	1
Regr_254842.20	20-PART|att|19|MD	1
Regr_254842.20	17-ADP|av|16|MD	1
Regr_254842.20	14-SCONJ|som|10|MD	1
Regr_254842.20	9-SCONJ|som|8|MD	1
Regr_254842.20	6-ADP|till|5|MD	1
Regr_254842.21	2-AUX|kommer|0|-- 3-PART|att|2|IV	2
Regr_254842.22	3-AUX|är|0|-- 1-ADP|För|3|MD	2
Regr_254842.22	3-AUX|är|0|-- 1-ADP|För|3|MD 5-ADP|i|3|MD	3
Regr_254842.22	18-ADP|i|17|RA	1
Regr_254842.22	16-SCONJ|som|15|MD	1
Regr_254842.22	29-ADP|från|28|MD	1
Regr_254842.22	20-SCONJ|som|15|MD	1
Regr_254842.22	13-ADP|med|12|MD	1
Regr_254842.22	3-AUX|är|0|-- 1-ADP|För|3|MD 5-ADP|i|3|MD 9-PART|att|3|ES	4
Arbt_Smutsigvalkampanj.1	3-AUX|kan|0|--	1
Arbt_Smutsigvalkampanj.2	4-ADP|på|3|MD	1
Arbt_Smutsigvalkampanj.2	2-AUX|har|0|--	1
Arbt_Smutsigvalkampanj.3	7-ADP|för|14|MD	1
Arbt_Smutsigvalkampanj.3	11-ADP|i|14|MD	1
Arbt_Smutsigvalkampanj.3	17-ADP|för|14|MD	1
Arbt_Smutsigvalkampanj.4	9-ADP|i|8|MD	1
Arbt_Smutsigvalkampanj.4	24-ADP|med|19|MD	1
Arbt_Smutsigvalkampanj.4	20-ADP|till|17|MD	1
Arbt_Smutsigvalkampanj.4	7-SCONJ|innan|2|MD	1
Arbt_Smutsigvalkampanj.5	1-ADP|I|3|OA	1
Arbt_Smutsigvalkampanj.5	11-ADP|av|9|MD	1
Arbt_Smutsigvalkampanj.5	6-ADP|av|5|MD	1
Arbt_Smutsigvalkampanj.5	13-ADP|för|5|MD	1
Arbt_Smutsigvalkampanj.5	19-ADP|i|18|MD	1
Arbt_Smutsigvalkampanj.5	15-ADP|vid|5|MD	1
Arbt_Smutsigvalkampanj.5	4-ADP|för|3|MD	1
Arbt_Smutsigvalkampanj.6	8-ADP|i|7|MD	1
Arbt_Smutsigvalkampanj.6	18-ADP|i|17|MD	1
Arbt_Smutsigvalkampanj.6	16-SCONJ|som|15|MD	1
Arbt_Smutsigvalkampanj.6	13-SCONJ|som|7|MD	1
Arbt_Smutsigvalkampanj.6	4-ADP|av|3|AG	1
Arbt_Smutsigvalkampanj.6	24-AUX|har|0|--	1
Arbt_Smutsigvalkampanj.7	5-ADP|till|4|OA	1
Arbt_Smutsigvalkampanj.7	2-AUX|har|0|--	1
Arbt_Smutsigvalkampanj.8	4-ADP|efter|8|MD 5-SCONJ|att|4|OO	2
Arbt_Smutsigvalkampanj.8	13-ADP|i|12|MD	1
Arbt_Smutsigvalkampanj.8	15-SCONJ|som|12|MD	1
Arbt_Smutsigvalkampanj.9	5-AUX|är|3|OO	1
Arbt_Smutsigvalkampanj.10	13-SCONJ|som|12|MD	1
Arbt_Smutsigvalkampanj.10	11-ADP|på|10|OA	1
Arbt_Smutsigvalkampanj.10	6-SCONJ|där|5|MD 9-AUX|kan|6|OO	2
Arbt_Smutsigvalkampanj.10	18-AUX|är|0|-- 1-SCONJ|Att|18|SB	2
Arbt_Smutsigvalkampanj.11	3-ADP|vid|2|MD	1
Arbt_Smutsigvalkampanj.11	5-SCONJ|att|2|OO	1
Arbt_Smutsigvalkampanj.11	18-ADP|i|17|MD	1
Arbt_Smutsigvalkampanj.11	16-ADP|för|15|MD	1
Arbt_Smutsigvalkampanj.11	22-ADP|till|11|OA	1
Arbt_Smutsigvalkampanj.12	5-ADP|i|4|MD	1
Arbt_Smutsigvalkampanj.12	2-SCONJ|som|1|MD	1
Arbt_Smutsigvalkampanj.12	14-ADP|i|13|MD	1
Arbt_Smutsigvalkampanj.12	22-ADP|från|21|MD	1
Arbt_Smutsigvalkampanj.12	19-PART|att|9|IV	1
Arbt_Smutsigvalkampanj.13	3-ADP|i|2|MD	1
Arbt_Smutsigvalkampanj.13	9-ADP|på|8|MD	1
Arbt_Smutsigvalkampanj.13	6-ADP|via|14|MD	1
Arbt_Smutsigvalkampanj.13	15-SCONJ|att|14|OO	1
Arbt_Smutsigvalkampanj.13	5-SCONJ|att|2|IV	1
Arbt_Smutsigvalkampanj.14	23-ADP|av|21|MD	1
Arbt_Smutsigvalkampanj.14	29-ADP|med|27|OA	1
Arbt_Smutsigvalkampanj.14	32-ADP|inför|27|MD	1
Arbt_Smutsigvalkampanj.14	25-ADP|för|21|MD 26-PART|att|25|OO	2
Arbt_Smutsigvalkampanj.14	17-SCONJ|att|16|OO 20-AUX|ska|17|OO	2
Arbt_Smutsigvalkampanj.14	15-SCONJ|som|14|MD	1
Arbt_Smutsigvalkampanj.14	11-ADP|från|10|OA	1
Arbt_Smutsigvalkampanj.14	2-SCONJ|som|1|MD	1
Arbt_Smutsigvalkampanj.15	2-SCONJ|Som|4|MD	1
Arbt_Smutsigvalkampanj.15	16-SCONJ|som|15|OA	1
Arbt_Smutsigvalkampanj.15	12-SCONJ|som|11|MD 14-AUX|kan|12|OO	2
Arbt_Smutsigvalkampanj.15	10-ADP|i|9|MD	1
Arbt_Smutsigvalkampanj.15	6-ADP|av|4|AG	1
Arbt_Smutsigvalkampanj.16	15-ADP|för|14|MD	1
Arbt_Smutsigvalkampanj.16	13-ADP|i|11|MD	1
Arbt_Smutsigvalkampanj.16	9-ADP|med|8|MD	1
Arbt_Smutsigvalkampanj.16	6-ADP|på|5|OA	1
Arbt_Smutsigvalkampanj.16	4-AUX|är|1|OO	1
Arbt_Smutsigvalkampanj.16	31-ADP|från|30|MD	1
Arbt_Smutsigvalkampanj.16	25-ADP|trots|20|MD 26-SCONJ|att|25|OO 28-AUX|är|26|OO	3
Arbt_Smutsigvalkampanj.16	43-ADP|i|37|MD	1
Arbt_Smutsigvalkampanj.17	17-PART|att|16|MD	1
Arbt_Smutsigvalkampanj.17	10-ADP|vid|9|MD 11-SCONJ|att|10|OO 13-AUX|var|11|OO	3
Arbt_Smutsigvalkampanj.18	18-ADP|för|17|MD	1
Arbt_Smutsigvalkampanj.18	16-ADP|mot|15|MD	1
Arbt_Smutsigvalkampanj.18	13-ADP|om|12|MD	1
Arbt_Smutsigvalkampanj.18	5-AUX|är|3|OO 8-SCONJ|att|5|ES	2
Arbt_Smutsigvalkampanj.19	8-ADP|av|7|MD	1
Arbt_Smutsigvalkampanj.19	6-ADP|i|4|MD	1
Arbt_Smutsigvalkampanj.19	21-PART|att|20|MD	1
Arbt_Smutsigvalkampanj.19	16-SCONJ|där|15|MD	1
Arbt_Smutsigvalkampanj.19	13-ADP|via|4|MD	1
Arbt_Smutsigvalkampanj.19	3-PART|att|2|IV	1
Arbt_Smutsigvalkampanj.20	5-AUX|var|21|OO 2-ADP|från|5|MD	2
Arbt_Smutsigvalkampanj.20	9-ADP|med|8|OA 10-SCONJ|att|9|OO 12-AUX|var|10|OO 14-SCONJ|som|12|EF 15-AUX|var|14|OO	5
Arbt_Smutsigvalkampanj.21	13-ADP|av|11|OA	1
Arbt_Smutsigvalkampanj.21	23-ADP|om|20|MD	1
Arbt_Smutsigvalkampanj.21	8-ADP|för|5|MD 9-SCONJ|att|8|OO 17-SCONJ|att|9|AN 19-AUX|kunde|17|OO	4
Arbt_Smutsigvalkampanj.21	3-AUX|har|0|--	1
Arbt_Smutsigvalkampanj.22	4-ADP|om|2|MD	1
Arbt_Smutsigvalkampanj.23	6-ADP|av|5|MD	1
Arbt_Smutsigvalkampanj.24	2-AUX|har|0|--	1
Arbt_Smutsigvalkampanj.25	1-ADP|Efter|4|MD	1
Arbt_Smutsigvalkampanj.25	10-ADP|för|4|MD 11-PART|att|10|OO	2
Arbt_Smutsigvalkampanj.26	7-ADP|i|6|MD	1
Arbt_Smutsigvalkampanj.26	12-ADP|i|11|MD	1
Arbt_Smutsigvalkampanj.26	10-ADP|vid|6|MD	1
Arbt_Smutsigvalkampanj.26	2-ADP|enligt|15|MD	1
Arbt_Smutsigvalkampanj.26	21-ADP|på|19|MD	1
Arbt_Smutsigvalkampanj.26	18-PART|att|15|IV	1
Arbt_Smutsigvalkampanj.27	9-DET|de|11|DT	1
Arbt_Smutsigvalkampanj.27	7-ADP|i|5|MD	1
Arbt_Smutsigvalkampanj.27	19-ADP|för|18|MD	1
Arbt_Smutsigvalkampanj.27	15-PART|att|14|IV	1
Arbt_Smutsigvalkampanj.27	12-SCONJ|då|5|MD	1
Arbt_Smutsigvalkampanj.28	2-AUX|är|11|OO 8-ADP|i|2|MD	2
Arbt_Smutsigvalkampanj.29	17-ADP|åt|16|MD	1
Arbt_Smutsigvalkampanj.29	14-ADP|för|11|MD 15-PART|att|14|OO	2
Arbt_Smutsigvalkampanj.29	10-SCONJ|som|9|MD	1
Arbt_Smutsigvalkampanj.29	6-ADP|från|5|OA	1
Arbt_Smutsigvalkampanj.29	3-AUX|har|0|--	1
Arbt_Smutsigvalkampanj.30	7-SCONJ|som|5|JF	1
Arbt_Smutsigvalkampanj.30	20-ADP|med|16|OA	1
Arbt_Smutsigvalkampanj.30	13-SCONJ|då|4|MD	1
Arbt_Smutsigvalkampanj.30	23-AUX|är|0|-- 2-SCONJ|att|23|SB	2
Arbt_Smutsigvalkampanj.30	23-AUX|är|0|-- 2-SCONJ|att|23|SB 28-ADP|enligt|23|MD	3
Arbt_Smutsigvalkampanj.31	13-ADP|på|10|OA 14-SCONJ|att|13|OO	2
Arbt_Smutsigvalkampanj.31	3-AUX|är|20|OO 9-PART|att|3|ES	2
Arbt_Smutsigvalkampanj.32	21-DET|ett|23|DT	1
Arbt_Smutsigvalkampanj.32	20-ADP|åt|19|MD	1
Arbt_Smutsigvalkampanj.32	18-PART|att|15|IV	1
Arbt_Smutsigvalkampanj.32	5-AUX|är|0|-- 9-SCONJ|att|5|ES	2
Arbt_Smutsigvalkampanj.33	9-ADP|undan|7|OO	1
Arbt_Smutsigvalkampanj.33	4-AUX|borde|0|-- 5-AUX|vara|4|IV 6-PART|att|5|SP	3
Arbt_Smutsigvalkampanj.33	15-PART|att|14|IV	1
Arbt_Smutsigvalkampanj.33	4-AUX|borde|0|-- 5-AUX|vara|4|IV 6-PART|att|5|SP 11-SCONJ|då|4|MD	4
Arbt_Smutsigvalkampanj.34	2-AUX|är|15|OO	1
Arbt_Olagligjakt.1	3-ADP|på|2|MD	1
Arbt_Olagligjakt.2	4-ADP|av|3|MD	1
Arbt_Olagligjakt.2	2-ADP|i|6|MD	1
Arbt_Olagligjakt.2	18-ADP|i|17|MD	1
Arbt_Olagligjakt.2	14-ADP|för|6|MD 15-PART|att|14|OO	2
Arbt_Olagligjakt.3	5-ADP|trots|10|MD 6-SCONJ|att|5|OO	2
Arbt_Olagligjakt.3	16-ADP|på|15|MD	1
Arbt_Olagligjakt.3	14-PART|att|10|IV	1
Arbt_Olagligjakt.4	4-AUX|ska|0|-- 1-ADP|Vid|4|MD	2
Arbt_Olagligjakt.4	4-AUX|ska|0|-- 1-ADP|Vid|4|MD 7-AUX|ha|4|IV 8-AUX|varit|7|IV	4
Arbt_Olagligjakt.4	18-ADP|mot|15|OA	1
Arbt_Olagligjakt.4	12-AUX|fick|11|OO 14-PART|att|12|IV	2
Arbt_Olagligjakt.5	9-ADP|på|8|MD	1
Arbt_Olagligjakt.5	5-ADP|med|4|MD	1
Arbt_Olagligjakt.5	16-ADP|enligt|15|MD	1
Arbt_Olagligjakt.5	13-SCONJ|som|12|MD 14-AUX|är|13|OO	2
Arbt_Olagligjakt.6	16-ADP|efter|13|MD	1
Arbt_Olagligjakt.6	26-ADP|av|24|OA	1
Arbt_Olagligjakt.6	31-ADP|i|24|MD	1
Arbt_Olagligjakt.6	20-SCONJ|att|13|OO 23-AUX|skulle|20|OO	2
Arbt_Olagligjakt.7	5-SCONJ|som|2|MD	1
Arbt_Olagligjakt.7	14-ADP|till|13|MD	1
Arbt_Olagligjakt.7	9-ADP|i|8|MD	1
Arbt_Olagligjakt.7	29-SCONJ|att|8|OO	1
Arbt_Olagligjakt.8	9-AUX|måste|26|OO 2-SCONJ|Om|9|MD	2
Arbt_Olagligjakt.8	28-ADP|till|26|MD	1
Arbt_Olagligjakt.9	11-ADP|efter|10|MD	1
Arbt_Olagligjakt.9	9-ADP|i|8|MD	1
Arbt_Olagligjakt.9	18-ADP|för|17|MD	1
Arbt_Olagligjakt.9	14-ADP|i|3|MD	1
Arbt_Olagligjakt.10	3-ADP|med|2|MD	1
Arbt_Olagligjakt.10	5-AUX|har|0|-- 1-ADP|Inför|5|MD	2
Arbt_Olagligjakt.10	26-ADP|på|25|MD	1
Arbt_Olagligjakt.10	24-ADP|i|22|MD	1
Arbt_Olagligjakt.10	16-SCONJ|att|15|ES	1
Arbt_Olagligjakt.10	11-SCONJ|där|9|MD	1
Arbt_Olagligjakt.11	11-SCONJ|som|10|MD	1
Arbt_Olagligjakt.11	2-ADP|trots|1|MD 3-SCONJ|att|2|OO 5-AUX|är|3|OO	3
Arbt_Olagligjakt.12	7-ADP|av|6|MD	1
Arbt_Olagligjakt.12	14-ADP|inom|13|MD	1
Arbt_Olagligjakt.12	3-AUX|har|0|--	1
Arbt_Olagligjakt.13	9-ADP|av|8|MD	1
Arbt_Olagligjakt.13	5-ADP|av|4|MD	1
Arbt_Olagligjakt.13	19-ADP|i|18|MD	1
Arbt_Olagligjakt.13	16-ADP|till|14|OA	1
Arbt_Olagligjakt.13	12-SCONJ|som|4|MD	1
Arbt_Olagligjakt.14	4-AUX|ska|0|-- 1-ADP|Vid|4|MD	2
Arbt_Olagligjakt.14	4-AUX|ska|0|-- 1-ADP|Vid|4|MD 5-ADP|till|4|MD	3
Arbt_Olagligjakt.14	8-ADP|från|7|MD	1
Arbt_Olagligjakt.14	11-ADP|utanför|10|RA	1
Arbt_Olagligjakt.15	8-ADP|på|7|MD	1
Arbt_Olagligjakt.15	10-SCONJ|eftersom|7|MD 15-AUX|är|10|OO	2
Arbt_Olagligjakt.15	3-AUX|är|0|-- 6-SCONJ|som|3|EF	2
Arbt_Olagligjakt.16	20-ADP|med|7|MD	1
Arbt_Olagligjakt.16	4-ADP|om|2|OA 5-SCONJ|att|4|OO	2
Arbt_Olagligjakt.17	13-ADP|med|12|OA	1
Arbt_Olagligjakt.17	9-SCONJ|att|8|OO	1
Arbt_Olagligjakt.17	5-AUX|har|0|--	1
Arbt_Olagligjakt.18	7-ADP|med|6|MD	1
Arbt_Olagligjakt.18	10-ADP|från|6|MD 11-ADP|i|10|OO 14-ADP|i|11|AN	3
Arbt_Olagligjakt.18	4-ADP|i|2|MD	1
Arbt_Olagligjakt.18	27-ADP|i|26|MD	1
Arbt_Olagligjakt.18	25-ADP|hos|24|MD	1
Arbt_Olagligjakt.18	29-ADP|om|24|OA 30-PART|att|29|OO 31-AUX|få|30|OO	3
Arbt_Olagligjakt.18	16-SCONJ|att|2|OO	1
Arbt_Olagligjakt.19	3-ADP|om|2|MD	1
Arbt_Olagligjakt.19	5-AUX|är|0|-- 1-ADP|Enligt|5|MD	2
Arbt_Olagligjakt.19	14-ADP|med|13|MD	1
Arbt_Olagligjakt.19	12-SCONJ|som|11|MD	1
Arbt_Olagligjakt.19	10-ADP|för|9|OA	1
Arbt_Olagligjakt.19	19-ADP|av|17|OA	1
Arbt_Olagligjakt.19	22-ADP|utan|17|MD	1
Arbt_Olagligjakt.19	5-AUX|är|0|-- 1-ADP|Enligt|5|MD 16-PART|att|5|ES	3
Arbt_Olagligjakt.20	4-ADP|på|3|MD	1
Arbt_Olagligjakt.20	2-ADP|om|1|MD	1
Arbt_Olagligjakt.20	10-ADP|i|9|MD	1
Arbt_Olagligjakt.20	13-ADP|bland|15|MD	1
Arbt_Olagligjakt.20	25-SCONJ|där|24|MD	1
Arbt_Olagligjakt.20	21-ADP|mellan|20|MD	1
Arbt_Olagligjakt.20	17-SCONJ|som|15|MD	1
Arbt_Olagligjakt.20	12-ADP|av|9|AG	1
Arbt_Olagligjakt.21	7-ADP|enligt|10|MD	1
Arbt_Olagligjakt.21	30-ADP|i|29|MD	1
Arbt_Olagligjakt.21	23-ADP|för|33|MD 28-ADP|i|23|AN	2
Arbt_Olagligjakt.21	15-SCONJ|att|14|OO	1
Arbt_Olagligjakt.21	13-SCONJ|som|12|MD	1
Arbt_Olagligjakt.22	2-ADP|Efter|18|MD 3-PART|att|2|OO 4-AUX|ha|3|OO	3
Arbt_Olagligjakt.22	24-SCONJ|att|23|OO	1
Arbt_Olagligjakt.22	22-PART|att|21|MD	1
Arbt_Olagligjakt.23	16-DET|den|18|DT	1
Arbt_Olagligjakt.23	14-ADP|av|13|MD	1
Arbt_Olagligjakt.23	8-SCONJ|som|7|MD	1
Arbt_Olagligjakt.23	5-ADP|på|4|OA	1
Arbt_Olagligjakt.24	5-AUX|har|0|-- 1-ADP|Förutom|5|MD	2
Arbt_Olagligjakt.24	18-ADP|på|17|MD	1
Arbt_Olagligjakt.24	13-ADP|med|12|MD	1
Arbt_Olagligjakt.24	23-ADP|av|22|AG	1
Arbt_Olagligjakt.25	6-AUX|är|0|-- 1-PART|Att|6|SB	2
Arbt_Olagligjakt.25	8-ADP|enligt|7|MD	1
Arbt_Olagligjakt.26	8-SCONJ|att|7|OO 11-AUX|skulle|8|OO	2
Arbt_Olagligjakt.26	6-AUX|har|0|--	1
Arbt_Olagligjakt.27	9-ADP|för|4|MD	1
Arbt_Olagligjakt.27	13-ADP|utan|3|MD	1
Arbt_Olagligjakt.27	2-AUX|har|0|--	1
Arbt_Olagligjakt.28	17-ADP|i|16|MD	1
Arbt_Olagligjakt.28	13-SCONJ|om|12|OO	1
Arbt_Olagligjakt.28	9-SCONJ|att|5|OO	1
Arbt_Olagligjakt.28	22-ADP|i|21|MD	1
Arbt_Olagligjakt.28	30-ADP|på|29|OA	1
Arbt_Olagligjakt.28	27-SCONJ|som|25|MD 28-AUX|är|27|OO	2
Arbt_Olagligjakt.28	24-ADP|till|21|OA	1
Arbt_Olagligjakt.29	2-AUX|har|0|--	1
Arbt_Olagligjakt.30	1-ADP|Under|3|MD	1
Arbt_Olagligjakt.30	11-ADP|på|10|MD	1
Arbt_Olagligjakt.30	8-ADP|kring|5|MD	1
Arbt_Olagligjakt.30	6-ADP|i|3|RA	1
Arbt_Olagligjakt.30	36-ADP|om|34|OA 37-SCONJ|att|36|OO	2
Arbt_Olagligjakt.30	32-ADP|för|31|MD 33-PART|att|32|OO	2
Arbt_Olagligjakt.30	21-ADP|till|19|OA	1
Arbt_Olagligjakt.30	13-ADP|efter|3|MD 14-SCONJ|att|13|OO	2
Arbt_Olagligjakt.31	9-SCONJ|som|8|MD	1
Arbt_Olagligjakt.31	4-AUX|är|0|-- 6-SCONJ|att|4|SP 11-AUX|är|6|OO	3
Arbt_Iandrahand.1	4-ADP|i|3|OA	1
Arbt_Iandrahand.1	7-ADP|av|3|MD	1
Arbt_Iandrahand.2	1-ADP|Trots|4|MD	1
Arbt_Iandrahand.2	7-ADP|av|6|MD	1
Arbt_Iandrahand.2	5-ADP|i|4|MD	1
Arbt_Iandrahand.2	14-ADP|i|13|MD	1
Arbt_Iandrahand.2	17-ADP|till|4|OA	1
Arbt_Iandrahand.3	13-ADP|i|11|MD	1
Arbt_Iandrahand.3	16-ADP|utan|11|MD	1
Arbt_Iandrahand.3	10-SCONJ|som|9|MD	1
Arbt_Iandrahand.3	6-ADP|för|4|MD 7-PART|att|6|OO	2
Arbt_Iandrahand.3	2-AUX|ska|0|--	1
Arbt_Iandrahand.4	5-ADP|efter|4|MD	1
Arbt_Iandrahand.4	7-AUX|har|0|-- 2-SCONJ|innan|7|MD	2
Arbt_Iandrahand.4	17-ADP|i|16|MD	1
Arbt_Iandrahand.4	15-SCONJ|som|14|MD	1
Arbt_Iandrahand.4	22-ADP|om|21|MD 23-PART|att|22|OO 24-AUX|få|23|OO	3
Arbt_Iandrahand.4	20-PART|att|13|OO	1
Arbt_Iandrahand.6	3-ADP|av|2|MD	1
Arbt_Iandrahand.6	13-ADP|över|11|MD 14-SCONJ|att|13|OO	2
Arbt_Iandrahand.6	7-AUX|är|0|-- 8-SCONJ|att|7|SP	2
Arbt_Iandrahand.7	9-ADP|i|8|MD	1
Arbt_Iandrahand.7	13-AUX|är|8|conj	1
Arbt_Iandrahand.7	7-SCONJ|som|6|MD	1
Arbt_Iandrahand.7	5-ADP|för|4|MD	1
Arbt_Iandrahand.7	3-ADP|av|2|MD	1
Arbt_Iandrahand.8	3-AUX|är|0|--	1
Arbt_Iandrahand.9	10-ADP|för|9|MD	1
Arbt_Iandrahand.9	16-AUX|är|9|AN	1
Arbt_Iandrahand.9	8-ADP|till|7|MD	1
Arbt_Iandrahand.9	6-ADP|av|5|MD	1
Arbt_Iandrahand.9	4-AUX|är|0|--	1
Arbt_Iandrahand.10	4-ADP|till|3|OA	1
Arbt_Iandrahand.10	19-ADP|i|17|OA	1
Arbt_Iandrahand.10	15-SCONJ|som|13|MD	1
Arbt_Iandrahand.10	12-ADP|av|11|MD	1
Arbt_Iandrahand.10	9-ADP|för|8|OA 10-SCONJ|att|9|OO 26-AUX|kommer|10|OO 24-ADP|i|26|MD	4
Arbt_Iandrahand.10	29-ADP|utan|28|OO	1
Arbt_Iandrahand.10	9-ADP|för|8|OA 10-SCONJ|att|9|OO 26-AUX|kommer|10|OO 24-ADP|i|26|MD 27-PART|att|26|IV	5
Arbt_Iandrahand.10	2-AUX|är|0|--	1
Arbt_Iandrahand.11	4-ADP|i|3|OA	1
Arbt_Iandrahand.11	7-ADP|av|3|MD	1
Arbt_Iandrahand.12	9-ADP|med|8|OA	1
Arbt_Iandrahand.12	4-SCONJ|att|20|OO	1
Arbt_Iandrahand.13	7-AUX|måste|0|-- 1-ADP|För|7|MD 2-SCONJ|att|1|OO 4-AUX|ska|2|OO	4
Arbt_Iandrahand.13	13-ADP|med|12|MD	1
Arbt_Iandrahand.13	25-SCONJ|som|24|MD 26-AUX|ska|25|OO	2
Arbt_Iandrahand.13	21-ADP|med|20|MD	1
Arbt_Iandrahand.14	2-ADP|från|1|MD	1
Arbt_Iandrahand.14	10-ADP|via|9|MD	1
Arbt_Iandrahand.14	6-SCONJ|som|5|JF 7-SCONJ|om|6|OO	2
Arbt_Iandrahand.14	17-SCONJ|som|16|MD	1
Arbt_Iandrahand.14	4-AUX|är|0|--	1
Arbt_Iandrahand.15	3-AUX|ska|0|-- 1-ADP|Till|3|MD	2
Arbt_Iandrahand.15	7-ADP|i|6|RA	1
Arbt_Iandrahand.15	11-DET|ett|12|DT	1
Arbt_Iandrahand.15	9-ADP|i|6|MD	1
Arbt_Iandrahand.15	3-AUX|ska|0|-- 1-ADP|Till|3|MD 5-AUX|ha|3|IV	3
Arbt_Iandrahand.16	2-ADP|För|7|MD	1
Arbt_Iandrahand.16	14-ADP|för|11|JF 15-PART|att|14|OO	2
Arbt_Iandrahand.16	24-ADP|på|21|MD	1
Arbt_Iandrahand.16	4-AUX|kan|0|-- 6-AUX|vara|4|IV 8-SCONJ|att|6|ES	3
Arbt_Iandrahand.17	7-ADP|på|6|OA	1
Arbt_Iandrahand.17	4-PART|att|2|OO	1
Arbt_Iandrahand.18	1-ADP|Enligt|5|MD	1
Arbt_Iandrahand.18	6-ADP|mellan|10|DT	1
Arbt_Iandrahand.18	11-ADP|av|10|MD	1
Arbt_Iandrahand.19	13-ADP|för|12|OA 14-PART|att|13|OO	2
Arbt_Iandrahand.19	5-SCONJ|att|3|OO 9-AUX|kommer|5|OO 10-PART|att|9|IV	3
Arbt_Iandrahand.20	10-ADP|med|9|MD	1
Arbt_Iandrahand.20	8-PART|att|7|OO	1
Arbt_Iandrahand.20	18-ADP|för|17|OA	1
Arbt_Iandrahand.20	4-SCONJ|att|2|OO 6-AUX|är|4|OO 13-SCONJ|om|6|MD	3
Arbt_Iandrahand.21	3-DET|det|5|DT	1
Arbt_Iandrahand.21	2-ADP|I|6|MD	1
Arbt_Iandrahand.21	9-ADP|vid|8|MD 10-SCONJ|att|9|OO	2
Arbt_Iandrahand.22	7-ADP|på|6|MD	1
Arbt_Iandrahand.22	5-ADP|med|4|MD	1
Arbt_Iandrahand.22	2-AUX|kan|0|--	1
Arbt_Iandrahand.23	9-SCONJ|att|8|OO 11-AUX|är|9|OO	2
Arbt_Iandrahand.23	5-SCONJ|att|3|ES 7-AUX|kunna|5|OO	2
Arbt_Iandrahand.24	9-ADP|för|6|JF	1
Arbt_Iandrahand.24	2-AUX|skulle|12|OO	1
Arbt_Iandrahand.25	5-AUX|kommer|0|-- 6-ADP|efter|5|MD	2
Arbt_Iandrahand.25	17-ADP|om|16|MD	1
Arbt_Iandrahand.25	12-ADP|till|9|MD 13-SCONJ|att|12|OO	2
Arbt_Iandrahand.25	5-AUX|kommer|0|-- 6-ADP|efter|5|MD 8-PART|att|5|IV	3
Arbt_Iandrahand.26	10-ADP|för|9|MD	1
Arbt_Iandrahand.26	8-PART|att|7|MD	1
Arbt_Iandrahand.26	4-ADP|av|3|MD	1
Arbt_Iandrahand.26	2-ADP|på|1|MD	1
Arbt_Iandrahand.27	9-ADP|i|8|MD	1
Arbt_Iandrahand.27	3-AUX|är|0|-- 5-SCONJ|som|3|EF	2
Arbt_Iandrahand.28	8-ADP|av|7|MD 9-SCONJ|att|8|OO 11-AUX|vill|9|OO	3
Arbt_Iandrahand.28	20-ADP|i|19|MD	1
Arbt_Iandrahand.29	5-ADP|från|2|OA	1
Arbt_Iandrahand.30	6-ADP|av|5|MD	1
Arbt_Iandrahand.30	10-ADP|av|9|AG 12-AUX|är|10|OO 14-ADP|till|12|SP	3
Arbt_Iandrahand.30	21-ADP|av|20|MD	1
Arbt_Iandrahand.30	19-ADP|i|18|MD	1
Arbt_Iandrahand.30	16-ADP|inför|9|MD	1
Arbt_Iandrahand.30	2-AUX|var|0|-- 8-SCONJ|som|2|EF	2
Arbt_Iandrahand.31	14-ADP|i|16|MD	1
Arbt_Iandrahand.31	12-ADP|om|11|MD	1
Arbt_Iandrahand.31	8-AUX|kunna|4|IV	1
Arbt_Iandrahand.32	2-ADP|framför|4|MD	1
Arbt_Iandrahand.32	8-ADP|kring|7|MD	1
Arbt_Iandrahand.33	7-ADP|i|4|OA	1
Arbt_Iandrahand.34	6-ADP|om|5|MD	1
Arbt_Iandrahand.34	10-AUX|kommer|0|-- 12-PART|att|10|IV	2
Arbt_Iandrahand.35	1-AUX|Kommer|0|-- 3-PART|att|1|IV	2
Arbt_Iandrahand.36	6-ADP|med|5|MD	1
Arbt_Iandrahand.36	1-AUX|Kommer|0|-- 3-PART|att|1|IV	2
Arbt_Iandrahand.37	6-PART|att|5|MD	1
Arbt_Iandrahand.37	2-AUX|kommer|0|-- 3-PART|att|2|IV	2
Arbt_Hokarangenbor.1	5-ADP|i|3|OA	1
Arbt_Hokarangenbor.1	2-AUX|vill|0|--	1
Arbt_Hokarangenbor.2	11-ADP|i|10|MD	1
Arbt_Hokarangenbor.2	9-ADP|på|6|RA	1
Arbt_Hokarangenbor.2	22-ADP|i|21|MD	1
Arbt_Hokarangenbor.2	17-ADP|mot|16|OA	1
Arbt_Hokarangenbor.2	14-ADP|för|6|MD 15-PART|att|14|OO	2
Arbt_Hokarangenbor.3	15-ADP|i|14|RA	1
Arbt_Hokarangenbor.3	13-SCONJ|som|12|OO	1
Arbt_Hokarangenbor.3	11-ADP|om|10|MD	1
Arbt_Hokarangenbor.3	7-ADP|på|6|MD	1
Arbt_Hokarangenbor.3	3-AUX|var|19|OO	1
Arbt_Hokarangenbor.3	27-ADP|till|26|MD	1
Arbt_Hokarangenbor.3	25-ADP|av|24|MD	1
Arbt_Hokarangenbor.4	4-AUX|blir|0|-- 7-ADP|på|4|RA	2
Arbt_Hokarangenbor.4	4-AUX|blir|0|-- 7-ADP|på|4|RA 10-ADP|för|4|MD 11-SCONJ|att|10|OO 13-AUX|är|11|OO	5
Arbt_Hokarangenbor.5	10-ADP|för|9|OA	1
Arbt_Hokarangenbor.5	4-SCONJ|att|3|OO 7-AUX|ska|4|OO 8-AUX|vara|7|IV 12-PART|att|8|ES	4
Arbt_Hokarangenbor.5	2-AUX|vill|0|--	1
Arbt_Hokarangenbor.6	2-AUX|var|0|-- 3-ADP|i|2|SP	2
Arbt_Hokarangenbor.6	14-ADP|i|13|MD	1
Arbt_Hokarangenbor.6	11-ADP|på|17|SP	1
Arbt_Hokarangenbor.6	20-ADP|av|19|AG	1
Arbt_Hokarangenbor.6	25-ADP|i|24|MD	1
Arbt_Hokarangenbor.6	23-ADP|på|19|RA	1
Arbt_Hokarangenbor.6	2-AUX|var|0|-- 3-ADP|i|2|SP 7-SCONJ|som|2|EF	3
Arbt_Hokarangenbor.7	7-ADP|i|6|MD	1
Arbt_Hokarangenbor.7	5-ADP|av|4|MD	1
Arbt_Hokarangenbor.7	3-ADP|i|2|OA	1
Arbt_Hokarangenbor.7	20-ADP|i|17|MD	1
Arbt_Hokarangenbor.7	14-ADP|i|13|MD	1
Arbt_Hokarangenbor.8	4-ADP|under|2|MD	1
Arbt_Hokarangenbor.8	16-ADP|i|15|AN	1
Arbt_Hokarangenbor.8	12-SCONJ|som|10|MD	1
Arbt_Hokarangenbor.8	9-ADP|till|8|MD	1
Arbt_Hokarangenbor.9	3-AUX|är|0|--	1
Arbt_Hokarangenbor.10	9-ADP|på|8|MD	1
Arbt_Hokarangenbor.10	5-SCONJ|som|3|MD	1
Arbt_Hokarangenbor.10	14-ADP|med|12|MD	1
Arbt_Hokarangenbor.11	5-PART|att|2|ES	1
Arbt_Hokarangenbor.12	8-ADP|till|6|MD	1
Arbt_Hokarangenbor.12	4-SCONJ|att|2|OO	1
Arbt_Hokarangenbor.13	5-ADP|i|4|MD	1
Arbt_Hokarangenbor.14	2-ADP|av|1|MD	1
Arbt_Hokarangenbor.14	4-AUX|var|0|--	1
Arbt_Hokarangenbor.15	17-ADP|i|12|MD	1
Arbt_Hokarangenbor.15	11-SCONJ|som|10|MD	1
Arbt_Hokarangenbor.15	9-ADP|mot|8|MD	1
Arbt_Hokarangenbor.15	3-AUX|är|0|-- 5-PART|att|3|ES	2
Arbt_Hokarangenbor.16	5-ADP|i|3|OA	1
Arbt_Hokarangenbor.16	7-AUX|har|17|OO 1-SCONJ|Sedan|7|MD	2
Arbt_Hokarangenbor.16	12-PART|att|9|ES	1
Arbt_Hokarangenbor.17	16-ADP|mot|15|MD	1
Arbt_Hokarangenbor.17	14-ADP|efter|13|OA	1
Arbt_Hokarangenbor.17	8-ADP|av|7|MD	1
Arbt_Hokarangenbor.17	6-ADP|för|5|MD	1
Arbt_Hokarangenbor.17	3-AUX|var|0|--	1
Arbt_Hokarangenbor.18	4-AUX|är|23|OO 2-ADP|I|4|MD	2
Arbt_Hokarangenbor.18	16-ADP|för|15|MD	1
Arbt_Hokarangenbor.18	19-ADP|på|13|MD	1
Arbt_Hokarangenbor.18	11-SCONJ|som|10|MD 12-AUX|vill|11|OO	2
Arbt_Hokarangenbor.18	8-ADP|på|7|MD	1
Arbt_Hokarangenbor.19	11-ADP|för|10|MD 12-PART|att|11|OO	2
Arbt_Hokarangenbor.19	7-SCONJ|där|6|MD	1
Arbt_Hokarangenbor.19	2-AUX|vill|0|--	1
Arbt_Hokarangenbor.20	3-ADP|för|2|MD	1
Arbt_Hokarangenbor.20	1-ADP|Inom|5|MD	1
Arbt_Hokarangenbor.20	8-ADP|enligt|5|MD	1
Arbt_Hokarangenbor.20	14-ADP|mot|13|MD	1
Arbt_Hokarangenbor.20	12-PART|att|5|ES	1
Arbt_Hokarangenbor.21	12-ADP|från|9|MD	1
Arbt_Hokarangenbor.21	5-SCONJ|som|3|OA 6-SCONJ|att|5|OO 8-AUX|måste|6|OO	3
Arbt_Hokarangenbor.22	13-ADP|på|11|MD	1
Arbt_Hokarangenbor.22	15-ADP|efter|11|MD	1
Arbt_Hokarangenbor.22	7-SCONJ|att|6|OO	1
Arbt_Hokarangenbor.22	3-SCONJ|att|2|OO 5-AUX|har|3|OO	2
Arbt_Hokarangenbor.23	6-ADP|av|5|MD	1
Arbt_Hokarangenbor.23	8-SCONJ|som|5|MD 9-AUX|har|8|OO	2
Arbt_Hokarangenbor.23	2-AUX|vill|0|--	1
Arbt_Hokarangenbor.24	7-ADP|i|6|MD	1
Arbt_Hokarangenbor.24	9-ADP|med|6|MD	1
Arbt_Hokarangenbor.24	4-AUX|vill|0|--	1
Regr_255701.1	4-DET|ett|5|DT	1
Regr_255701.1	8-ADP|av|7|MD	1
Regr_255701.1	6-ADP|för|2|MD	1
Regr_255701.2	8-ADP|av|7|AG	1
Regr_255701.2	3-SCONJ|som|2|MD	1
Regr_255701.2	16-ADP|i|15|MD	1
Regr_255701.2	13-ADP|av|12|AG	1
Regr_255701.2	10-AUX|kan|0|--	1
Regr_255701.3	20-ADP|för|19|MD	1
Regr_255701.3	18-ADP|till|17|OA	1
Regr_255701.3	14-SCONJ|som|13|MD 15-AUX|ska|14|OO 16-AUX|kunna|15|IV	3
Regr_255701.3	12-ADP|av|10|OA	1
Regr_255701.3	5-SCONJ|att|3|OO 8-AUX|ska|5|OO 9-AUX|kunna|8|IV	3
Regr_255701.4	3-ADP|från|2|MD	1
Regr_255701.4	8-ADP|i|6|MD	1
Regr_255701.4	11-ADP|för|6|MD	1
Regr_255701.5	5-ADP|av|4|MD	1
Regr_255701.5	10-ADP|för|9|MD	1
Regr_255701.5	13-AUX|är|2|conj	1
Regr_255701.6	4-ADP|i|3|MD	1
Regr_255701.6	17-ADP|av|16|AG	1
Regr_255701.6	6-AUX|är|0|-- 7-SCONJ|att|6|SP 14-AUX|kommer|7|OO 15-PART|att|14|IV	4
Regr_255701.7	10-DET|ett|11|DT	1
Regr_255701.7	18-ADP|av|17|MD	1
Regr_255701.7	16-ADP|av|15|MD	1
Regr_255701.7	12-ADP|för|8|MD 13-PART|att|12|OO	2
Regr_255701.7	5-ADP|över|4|OA 6-SCONJ|att|5|OO	2
Regr_255701.7	3-AUX|är|0|--	1
Regr_255701.8	16-ADP|för|15|MD	1
Regr_255701.8	18-ADP|i|15|MD	1
Regr_255701.8	14-SCONJ|som|13|MD	1
Regr_255701.8	8-ADP|för|7|MD 9-PART|att|8|OO	2
Regr_255701.8	4-SCONJ|att|2|OO	1
Regr_255701.10	2-ADP|av|1|MD	1
Regr_255701.11	1-ADP|I|3|MD	1
Regr_255701.11	14-ADP|från|13|MD	1
Regr_255701.11	12-ADP|av|11|MD	1
Regr_255701.11	10-ADP|om|6|MD	1
Regr_255701.11	5-ADP|i|4|MD	1
Regr_255701.12	1-ADP|Genom|3|MD	1
Regr_255701.12	22-ADP|av|16|MD	1
Regr_255701.12	35-ADP|i|34|MD	1
Regr_255701.12	31-ADP|från|30|MD	1
Regr_255701.12	29-ADP|av|28|MD	1
Regr_255701.12	27-ADP|om|16|MD	1
Regr_255701.12	15-ADP|i|14|MD	1
Regr_255701.12	13-ADP|om|7|MD	1
Regr_255701.13	7-ADP|i|6|MD	1
Regr_255701.13	12-ADP|till|11|OA 13-PART|att|12|OO	2
Regr_255701.13	10-SCONJ|som|6|MD	1
Regr_255701.14	9-ADP|på|8|RA	1
Regr_255701.14	17-ADP|av|16|AG	1
Regr_255701.14	14-SCONJ|som|8|OO 15-AUX|kan|14|OO	2
Regr_255701.14	4-SCONJ|att|2|OO 7-AUX|ska|4|OO	2
Regr_255701.16	3-ADP|till|2|MD	1
Regr_255701.16	5-ADP|under|2|MD	1
Regr_255701.17	4-ADP|i|3|OA	1
Regr_254797.1	6-ADP|för|5|MD	1
Regr_254797.1	3-ADP|om|2|MD	1
Regr_254797.2	10-ADP|för|9|MD	1
Regr_254797.2	7-ADP|för|6|MD	1
Regr_254797.2	5-ADP|om|4|MD	1
Regr_254797.3	2-ADP|för|1|MD	1
Regr_254797.3	6-ADP|i|5|OA	1
Regr_254797.3	17-ADP|av|15|AG	1
Regr_254797.3	14-SCONJ|som|13|MD	1
Regr_254797.4	3-ADP|i|2|MD	1
Regr_254797.4	6-PART|att|5|IV	1
Regr_254797.4	11-ADP|under|10|MD	1
Regr_254797.4	9-AUX|kan|5|conj	1
Regr_254797.5	4-ADP|av|3|MD	1
Regr_254797.5	2-ADP|för|1|MD	1
Regr_254797.5	6-AUX|är|0|--	1
Regr_254797.6	12-ADP|till|11|MD 13-PART|att|12|OO	2
Regr_254797.6	26-ADP|för|25|MD	1
Regr_254797.6	7-ADP|för|6|MD	1
Regr_254797.7	19-ADP|bland|21|MD	1
Regr_254797.7	13-SCONJ|där|12|MD	1
Regr_254797.7	5-ADP|mellan|4|MD	1
Regr_254797.7	2-AUX|ska|0|--	1
Regr_254797.8	11-ADP|i|10|MD	1
Regr_254797.8	5-ADP|för|4|MD 6-SCONJ|att|5|OO 9-AUX|ska|6|OO	3
Regr_254797.8	3-AUX|måste|0|--	1
Regr_254797.9	18-ADP|i|17|MD	1
Regr_254797.9	16-PART|att|15|MD	1
Regr_254797.9	12-SCONJ|som|11|MD	1
Regr_254797.9	4-SCONJ|att|1|AN 7-AUX|får|4|OO	2
Regr_254797.9	2-AUX|är|0|--	1
Regr_254797.10	7-ADP|för|6|MD	1
Regr_254797.10	2-AUX|är|19|OO	1
Regr_254797.11	10-ADP|i|9|MD	1
Regr_254797.11	5-ADP|i|4|MD	1
Regr_254797.11	2-AUX|har|0|--	1
Regr_254797.12	5-ADP|från|4|MD	1
Regr_254797.12	9-ADP|till|8|RA	1
Regr_254797.12	7-AUX|har|0|--	1
Regr_254797.13	12-SCONJ|som|11|MD	1
Regr_254797.13	9-ADP|till|8|MD	1
Regr_254797.13	3-AUX|är|0|-- 7-SCONJ|liksom|3|MD	2
Regr_254797.14	9-ADP|för|8|MD	1
Regr_254797.14	16-SCONJ|som|8|MD 18-AUX|ska|16|OO	2
Regr_254797.14	5-ADP|till|4|MD	1
Regr_254797.14	2-AUX|är|0|--	1
Regr_254797.15	20-SCONJ|där|18|MD	1
Regr_254797.15	17-ADP|i|16|MD	1
Regr_254797.15	4-ADP|på|3|OA	1
Regr_254797.15	2-AUX|ska|0|--	1
Regr_254797.16	2-AUX|ska|0|--	1
Regr_254797.17	5-ADP|mellan|9|DT	1
Regr_254797.17	11-ADP|mellan|4|MD	1
Regr_254797.17	2-AUX|kommer|0|-- 3-PART|att|2|IV	2
Regr_254797.18	8-ADP|för|7|MD	1
Regr_254797.18	5-SCONJ|som|3|MD	1
Regr_254797.18	1-ADP|Efter|11|MD	1
Regr_254797.18	32-ADP|av|31|MD	1
Regr_254797.18	28-ADP|för|27|MD	1
Regr_254797.18	26-ADP|till|25|OA	1
Regr_254797.18	23-SCONJ|som|22|MD 24-AUX|ska|23|OO	2
Regr_254797.18	15-SCONJ|att|12|MD	1
Regr_254797.18	13-ADP|till|11|OA	1
Regr_255566.1	3-ADP|för|2|MD	1
Regr_255566.1	11-ADP|i|10|MD	1
Regr_255566.1	9-ADP|till|8|MD	1
Regr_255566.1	6-PART|att|2|MD	1
Regr_255566.2	22-ADP|för|21|MD	1
Regr_255566.2	20-ADP|i|19|MD	1
Regr_255566.2	18-ADP|till|17|MD	1
Regr_255566.2	29-PART|att|28|MD	1
Regr_255566.2	27-ADP|i|16|MD	1
Regr_255566.2	11-ADP|om|10|MD 12-SCONJ|att|11|OO 15-AUX|ska|12|OO	3
Regr_255566.2	9-ADP|med|6|MD	1
Regr_255566.2	7-ADP|till|4|MD	1
Regr_255566.2	2-AUX|har|0|--	1
Regr_255566.3	6-ADP|för|5|MD	1
Regr_255566.3	2-AUX|är|0|--	1
Regr_255566.4	1-ADP|Genom|3|MD	1
Regr_255566.5	1-ADP|Genom|3|MD	1
Regr_255566.5	6-ADP|för|5|MD	1
Regr_255566.5	10-ADP|under|14|MD	1
Regr_255566.5	18-ADP|i|17|MD	1
Regr_255566.5	16-ADP|till|15|MD	1
Regr_255566.5	9-SCONJ|att|5|MD	1
Regr_255566.6	3-SCONJ|att|2|OO 9-AUX|ska|3|OO 5-ADP|genom|9|MD	3
Regr_255566.6	13-ADP|i|11|MD	1
Regr_255566.6	17-PART|att|16|MD	1
Regr_255566.6	15-ADP|i|11|MD	1
Regr_255566.6	3-SCONJ|att|2|OO 9-AUX|ska|3|OO 5-ADP|genom|9|MD 10-AUX|få|9|IV	4
Regr_255566.7	1-ADP|För|8|MD 2-SCONJ|att|1|OO 5-AUX|ska|2|OO 6-AUX|få|5|IV	4
Regr_255566.7	11-ADP|i|10|MD	1
Regr_255566.7	14-ADP|i|13|MD	1
Regr_255566.7	9-SCONJ|att|8|SB	1
Regr_255566.8	8-DET|en|10|DT	1
Regr_255566.8	12-DET|ett|14|DT	1
Regr_255566.8	7-ADP|till|6|MD	1
Regr_255566.8	2-AUX|måste|0|--	1
Regr_255566.9	9-ADP|i|8|MD	1
Regr_255566.9	6-ADP|på|5|MD 7-SCONJ|att|6|OO 11-AUX|kan|7|OO	3
Regr_255566.9	2-AUX|måste|0|--	1
Regr_255566.10	1-ADP|Vid|4|MD	1
Regr_255566.10	10-ADP|bland|13|MD	1
Regr_255566.10	17-SCONJ|som|16|MD	1
Regr_255566.10	9-ADP|om|8|MD	1
Regr_255566.10	7-ADP|till|6|MD	1
Regr_255566.11	14-SCONJ|som|13|MD	1
Regr_255566.11	2-AUX|får|0|-- 7-ADP|för|2|MD 8-PART|att|7|OO	3
Regr_255566.12	15-ADP|för|14|MD	1
Regr_255566.12	13-ADP|till|12|OA	1
Regr_255566.12	11-SCONJ|som|10|MD	1
Regr_255566.12	8-ADP|för|6|MD	1
Regr_255566.12	5-PART|att|3|ES	1
Regr_255566.12	17-AUX|får|0|-- 1-SCONJ|Om|17|MD	2
Regr_255566.12	21-ADP|vid|19|MD	1
Regr_255566.13	5-ADP|inom|4|MD	1
Regr_255566.13	7-AUX|är|25|OO 2-ADP|Med|7|MD	2
Regr_255566.13	9-ADP|mellan|8|MD	1
Regr_255566.13	15-ADP|för|14|MD 16-SCONJ|att|15|OO 21-AUX|ska|16|OO 22-AUX|kunna|21|IV	4
Regr_255566.13	7-AUX|är|25|OO 2-ADP|Med|7|MD 12-ADP|av|7|SP	3
Regr_255566.14	1-ADP|Genom|5|MD	1
Regr_255566.14	8-DET|ett|9|DT	1
Regr_255566.14	12-ADP|mot|11|MD	1
Regr_255566.14	10-ADP|i|9|MD	1
Arbt_Barnen.1	4-ADP|i|2|RA	1
Arbt_Barnen.2	3-SCONJ|än|2|JF	1
Arbt_Barnen.2	7-ADP|av|6|MD	1
Arbt_Barnen.2	1-ADP|Efter|9|MD	1
Arbt_Barnen.2	12-SCONJ|att|9|ES	1
Arbt_Barnen.3	5-ADP|under|4|MD	1
Arbt_Barnen.3	7-ADP|i|4|MD	1
Arbt_Barnen.3	16-ADP|av|15|MD	1
Arbt_Barnen.3	23-ADP|vid|25|MD	1
Arbt_Barnen.3	32-ADP|från|31|MD	1
Arbt_Barnen.3	29-SCONJ|som|28|MD	1
Arbt_Barnen.3	14-ADP|av|13|MD	1
Arbt_Barnen.4	6-ADP|på|5|MD	1
Arbt_Barnen.4	3-AUX|är|0|--	1
Arbt_Barnen.5	7-ADP|med|6|OA	1
Arbt_Barnen.5	4-AUX|är|26|OO	1
Arbt_Barnen.5	31-ADP|för|30|MD	1
Arbt_Barnen.5	37-ADP|på|36|MD	1
Arbt_Barnen.5	34-ADP|i|26|MD	1
Arbt_Barnen.6	3-AUX|har|0|-- 1-ADP|Enligt|3|MD	2
Arbt_Barnen.6	3-AUX|har|0|-- 1-ADP|Enligt|3|MD 4-ADP|i|3|MD	3
Arbt_Barnen.6	7-SCONJ|än|6|JF	1
Arbt_Barnen.6	17-ADP|under|14|MD	1
Arbt_Barnen.7	10-ADP|av|9|MD	1
Arbt_Barnen.8	8-ADP|till|6|RA	1
Arbt_Barnen.8	15-ADP|om|14|MD	1
Arbt_Barnen.8	13-ADP|i|6|MD	1
Arbt_Barnen.8	2-AUX|har|0|--	1
Arbt_Barnen.9	5-AUX|har|0|-- 1-ADP|Vid|5|MD	2
Arbt_Barnen.9	5-AUX|har|0|-- 1-ADP|Vid|5|MD 6-ADP|enligt|5|MD	3
Arbt_Barnen.9	19-DET|en|20|DT	1
Arbt_Barnen.9	21-ADP|av|20|MD	1
Arbt_Barnen.9	25-ADP|enligt|20|MD	1
Arbt_Barnen.10	5-ADP|vid|4|MD	1
Arbt_Barnen.10	19-ADP|för|18|OA	1
Arbt_Barnen.10	17-SCONJ|som|16|MD	1
Arbt_Barnen.10	15-ADP|för|14|MD	1
Arbt_Barnen.10	12-ADP|för|11|MD	1
Arbt_Barnen.11	11-ADP|från|10|MD	1
Arbt_Barnen.11	25-ADP|av|24|MD	1
Arbt_Barnen.11	22-ADP|i|21|OA	1
Arbt_Barnen.11	20-PART|att|19|OO	1
Arbt_Barnen.11	15-ADP|till|14|OA 16-SCONJ|att|15|OO	2
Arbt_Barnen.11	33-ADP|till|31|MD	1
Arbt_Barnen.12	13-ADP|enligt|15|MD	1
Arbt_Barnen.12	19-ADP|för|18|MD	1
Arbt_Barnen.12	12-SCONJ|som|10|MD	1
Arbt_Barnen.12	9-ADP|på|8|MD	1
Arbt_Barnen.13	6-AUX|är|0|--	1
Arbt_Barnen.14	4-ADP|under|3|MD	1
Arbt_Barnen.14	8-AUX|kan|3|conj	1
Arbt_Barnen.14	20-ADP|för|19|MD	1
Arbt_Barnen.14	23-ADP|i|15|MD	1
Arbt_Barnen.15	2-ADP|utan|1|MD	1
Arbt_Barnen.15	13-ADP|i|12|MD	1
Arbt_Barnen.15	9-ADP|på|4|RA 11-ADP|i|9|AN	2
Arbt_Barnen.16	11-ADP|av|10|MD	1
Arbt_Barnen.16	9-ADP|av|8|MD	1
Arbt_Barnen.16	6-ADP|i|5|OA	1
Arbt_Barnen.16	19-ADP|på|21|RA	1
Arbt_Barnen.16	24-ADP|på|22|RA	1
Arbt_Barnen.16	15-ADP|efter|14|MD 16-SCONJ|att|15|OO	2
Arbt_Barnen.16	2-AUX|är|0|--	1
Arbt_Barnen.17	3-AUX|var|0|-- 1-ADP|Enligt|3|MD	2
Arbt_Barnen.17	9-ADP|till|7|RA	1
Arbt_Barnen.17	11-ADP|under|7|MD	1
Arbt_Barnen.17	6-SCONJ|som|5|MD	1
Arbt_Barnen.18	2-AUX|hade|0|--	1
Arbt_Barnen.19	4-ADP|från|7|MD	1
Arbt_Barnen.19	10-ADP|med|9|MD	1
Arbt_Barnen.19	17-ADP|i|15|MD	1
Arbt_Barnen.19	8-SCONJ|att|7|OO 12-AUX|är|8|OO 13-PART|att|12|SP	3
Arbt_Barnen.19	19-AUX|kan|39|OO 2-SCONJ|Medan|19|MD	2
Arbt_Barnen.19	24-ADP|på|22|RA	1
Arbt_Barnen.19	21-SCONJ|som|20|MD	1
Arbt_Barnen.19	27-SCONJ|att|26|OO 29-AUX|är|27|OO	2
Arbt_Barnen.19	44-ADP|utan|43|MD	1
Arbt_Barnen.19	47-ADP|i|46|MD	1
Arbt_Riskerna.1	4-ADP|hos|3|OA	1
Arbt_Riskerna.1	2-AUX|är|0|--	1
Arbt_Riskerna.2	3-ADP|av|2|MD	1
Arbt_Riskerna.2	1-ADP|I|6|MD	1
Arbt_Riskerna.2	19-ADP|i|16|MD 18-ADP|om|19|MD	2
Arbt_Riskerna.2	14-ADP|i|13|MD	1
Arbt_Riskerna.2	11-ADP|av|10|MD	1
Arbt_Riskerna.2	9-ADP|inom|6|MD	1
Arbt_Riskerna.3	3-ADP|innan|2|MD	1
Arbt_Riskerna.3	8-ADP|på|5|MD	1
Arbt_Riskerna.3	11-ADP|i|5|MD	1
Arbt_Riskerna.4	2-ADP|i|1|MD 4-ADP|i|2|AN	2
Arbt_Riskerna.4	6-ADP|under|1|MD	1
Arbt_Riskerna.4	19-ADP|på|18|MD	1
Arbt_Riskerna.4	13-ADP|efter|12|MD 14-SCONJ|att|13|OO	2
Arbt_Riskerna.4	9-SCONJ|där|1|MD	1
Arbt_Riskerna.4	27-ADP|för|26|MD	1
Arbt_Riskerna.4	32-SCONJ|än|31|JF	1
Arbt_Riskerna.4	41-ADP|av|39|MD	1
Arbt_Riskerna.4	37-ADP|med|36|MD	1
Arbt_Riskerna.4	24-SCONJ|att|23|OO 30-AUX|är|24|OO	2
Arbt_Riskerna.5	7-ADP|i|6|MD	1
Arbt_Riskerna.5	10-ADP|under|6|MD	1
Arbt_Riskerna.5	18-ADP|av|16|MD	1
Arbt_Riskerna.5	14-ADP|med|13|MD	1
Arbt_Riskerna.5	2-AUX|har|0|--	1
Arbt_Riskerna.6	4-AUX|är|0|-- 7-ADP|med|4|MD	2
Arbt_Riskerna.6	15-ADP|av|14|AG	1
Arbt_Riskerna.7	5-SCONJ|där|4|MD 7-AUX|är|5|OO	2
Arbt_Riskerna.7	3-AUX|är|0|--	1
Arbt_Riskerna.8	5-AUX|är|0|-- 1-ADP|Bland|5|MD	2
Arbt_Riskerna.8	15-ADP|vid|14|MD	1
Arbt_Riskerna.8	12-ADP|för|11|OA	1
Arbt_Riskerna.8	5-AUX|är|0|-- 1-ADP|Bland|5|MD 9-SCONJ|som|5|EF 10-AUX|är|9|OO	4
Arbt_Riskerna.9	3-AUX|är|27|OO 1-ADP|Inom|3|MD	2
Arbt_Riskerna.9	16-SCONJ|som|15|MD 17-AUX|kan|16|OO	2
Arbt_Riskerna.9	3-AUX|är|27|OO 1-ADP|Inom|3|MD 11-ADP|med|3|MD	3
Arbt_Riskerna.9	29-ADP|till|27|MD	1
Arbt_Riskerna.10	6-ADP|gentemot|5|MD	1
Arbt_Riskerna.10	12-SCONJ|som|15|JF 13-ADP|i|12|OO	2
Arbt_Riskerna.10	21-ADP|om|20|MD	1
Arbt_Riskerna.10	19-ADP|av|18|MD	1
Arbt_Riskerna.10	10-ADP|genom|4|MD 11-SCONJ|att|10|OO	2
Arbt_Riskerna.10	3-PART|att|2|OO	1
Arbt_Riskerna.11	8-ADP|på|7|MD	1
Arbt_Riskerna.11	14-SCONJ|som|13|JF	1
Arbt_Riskerna.11	2-AUX|är|0|-- 3-SCONJ|att|2|SP 5-AUX|kommer|3|OO 6-PART|att|5|IV	4
Arbt_Riskerna.12	12-ADP|för|11|MD	1
Arbt_Riskerna.12	5-SCONJ|att|4|OO 7-AUX|är|5|OO 9-SCONJ|som|7|EF	3
Arbt_Riskerna.13	9-ADP|i|12|MD	1
Arbt_Riskerna.13	13-ADP|med|12|OA	1
Arbt_Riskerna.13	3-AUX|kan|0|--	1
Arbt_Riskerna.14	8-ADP|med|7|MD	1
Arbt_Riskerna.14	12-AUX|har|10|OO	1
Arbt_Riskerna.14	4-ADP|med|2|MD 5-SCONJ|att|4|OO	2
Arbt_Riskerna.15	4-AUX|kan|0|-- 1-ADP|Enligt|4|MD	2
Arbt_Riskerna.15	12-ADP|i|11|MD	1
Arbt_Riskerna.15	10-ADP|av|9|MD	1
Arbt_Riskerna.15	24-ADP|inom|21|MD	1
Arbt_Riskerna.15	20-SCONJ|som|19|MD	1
Arbt_Riskerna.15	4-AUX|kan|0|-- 1-ADP|Enligt|4|MD 17-AUX|vara|4|IV	3
Arbt_Riskerna.16	22-ADP|utan|21|OA 23-SCONJ|att|22|OO	2
Arbt_Riskerna.16	16-SCONJ|där|15|MD 20-AUX|är|16|OO	2
Arbt_Riskerna.16	13-ADP|i|12|OA	1
Arbt_Riskerna.16	9-SCONJ|att|8|OO 11-AUX|är|9|OO	2
Arbt_Riskerna.16	7-SCONJ|som|6|MD	1
Arbt_Riskerna.16	3-AUX|kan|34|OO	1
Arbt_Riskerna.16	41-ADP|i|40|MD	1
Arbt_Riskerna.16	39-ADP|för|38|MD	1
Arbt_Riskerna.17	3-AUX|kan|0|-- 1-ADP|Enligt|3|MD	2
Arbt_Riskerna.17	14-ADP|till|13|MD	1
Arbt_Riskerna.17	9-ADP|mellan|8|MD	1
Arbt_Riskerna.17	19-SCONJ|som|18|MD	1
Arbt_Riskerna.18	4-ADP|från|3|MD	1
Arbt_Riskerna.18	15-AUX|är|13|OO	1
Arbt_Riskerna.18	12-SCONJ|än|10|JF	1
Arbt_Riskerna.18	26-ADP|i|25|MD	1
Arbt_Riskerna.18	24-ADP|för|23|MD	1
Arbt_Riskerna.19	3-ADP|från|1|MD	1
Arbt_Riskerna.19	10-ADP|av|9|MD	1
Arbt_Riskerna.19	22-ADP|på|20|RA	1
Arbt_Riskerna.19	19-SCONJ|som|17|JF	1
Arbt_Riskerna.19	7-ADP|om|5|MD 8-SCONJ|att|7|OO 14-AUX|kan|8|OO 15-AUX|vara|14|IV	4
Arbt_Riskerna.20	3-AUX|är|23|DF	1
Arbt_Riskerna.20	11-ADP|på|10|AN	1
Arbt_Riskerna.20	17-ADP|för|16|MD	1
Arbt_Riskerna.20	8-SCONJ|som|23|DF	1
Arbt_Riskerna.20	25-ADP|på|22|MD	1
Arbt_Riskerna.20	30-ADP|för|23|MD 31-PART|att|30|OO	2
Arbt_Riskerna.21	7-SCONJ|att|6|MD 11-AUX|är|7|OO	2
Arbt_Riskerna.22	12-SCONJ|att|11|OO	1
Arbt_Riskerna.22	9-ADP|med|8|OA 10-PART|att|9|OO	2
Arbt_Riskerna.22	4-SCONJ|att|2|OO 6-AUX|ska|4|OO 7-AUX|vara|6|IV	3
Arbt_Riskerna.23	1-ADP|Enligt|3|MD	1
Arbt_Riskerna.23	20-ADP|bland|19|MD	1
Arbt_Riskerna.23	17-SCONJ|som|16|MD	1
Arbt_Riskerna.23	15-SCONJ|som|7|JF	1
Arbt_Riskerna.23	11-ADP|om|10|MD	1
Arbt_Riskerna.23	9-ADP|i|8|MD	1
Arbt_Riskerna.23	6-ADP|om|3|OA	1
Arbt_Riskerna.24	13-ADP|på|12|MD	1
Arbt_Riskerna.24	23-SCONJ|som|22|JF	1
Arbt_Riskerna.24	17-SCONJ|att|16|MD	1
Arbt_Riskerna.24	8-AUX|ska|0|--	1
Arbt_Riskerna.25	8-ADP|med|7|OA	1
Arbt_Riskerna.25	4-SCONJ|att|3|OO 6-AUX|är|4|OO	2
Arbt_Riskerna.25	2-AUX|ska|11|OO	1
Romn_Lundqvist-Ingentobak.14	2-AUX|var|0|-- 3-ADP|utom|2|MD	2
Romn_Lundqvist-Ingentobak.16	4-SCONJ|än|2|JF	1
Romn_Lundqvist-Ingentobak.17	2-AUX|var|0|-- 10-AUX|var|2|parataxis	2
Romn_Lundqvist-Ingentobak.18	13-SCONJ|som|7|MD	1
Romn_Lundqvist-Ingentobak.18	18-SCONJ|som|7|MD	1
Romn_Lundqvist-Ingentobak.18	23-ADP|i|7|RA	1
Romn_Lundqvist-Ingentobak.18	6-PART|att|5|OO	1
Romn_Lundqvist-Ingentobak.18	27-AUX|var|0|-- 2-SCONJ|eftersom|27|MD 4-AUX|skulle|2|OO	3
Romn_Lundqvist-Ingentobak.18	30-PART|att|29|OO	1
Romn_Lundqvist-Ingentobak.20	8-ADP|i|6|MD	1
Romn_Lundqvist-Ingentobak.20	2-AUX|var|0|--	1
Romn_Lundqvist-Ingentobak.21	9-ADP|med|8|MD	1
Romn_Lundqvist-Ingentobak.21	7-PART|att|6|MD	1
Romn_Lundqvist-Ingentobak.21	3-AUX|hade|0|--	1
Romn_Lundqvist-Ingentobak.22	1-ADP|I|3|RA	1
Romn_Lundqvist-Ingentobak.22	21-SCONJ|som|18|JF	1
Romn_Lundqvist-Ingentobak.22	24-PART|att|20|MD	1
Romn_Lundqvist-Ingentobak.22	39-ADP|av|38|MD	1
Romn_Lundqvist-Ingentobak.22	43-ADP|för|36|MD	1
Romn_Lundqvist-Ingentobak.22	30-SCONJ|som|29|MD	1
Romn_Lundqvist-Ingentobak.22	14-ADP|av|13|MD 15-PART|att|14|OO	2
Romn_Lundqvist-Ingentobak.22	10-SCONJ|att|8|JF	1
Romn_Lundqvist-Ingentobak.22	7-ADP|i|3|MD	1
Romn_Lundqvist-Ingentobak.23	5-ADP|i|7|MD	1
Romn_Lundqvist-Ingentobak.23	17-ADP|till|20|MD	1
Romn_Lundqvist-Ingentobak.24	7-ADP|i|6|MD	1
Romn_Lundqvist-Ingentobak.24	20-ADP|om|19|MD	1
Romn_Lundqvist-Ingentobak.24	14-SCONJ|som|13|MD	1
Romn_Lundqvist-Ingentobak.24	11-ADP|för|10|MD	1
Romn_Lundqvist-Ingentobak.24	4-SCONJ|som|3|MD 5-AUX|var|4|OO	2
Romn_Lundqvist-Ingentobak.26	1-ADP|I|4|OA	1
Romn_Lundqvist-Ingentobak.26	10-ADP|till|9|RA	1
Romn_Lundqvist-Ingentobak.26	15-ADP|längs|14|MD	1
Romn_Lundqvist-Ingentobak.26	12-ADP|från|9|RA	1
Romn_Lundqvist-Ingentobak.26	19-ADP|till|17|OA	1
Romn_Lundqvist-Ingentobak.26	25-ADP|av|24|OA	1
Romn_Lundqvist-Ingentobak.26	5-SCONJ|att|4|SB	1
Romn_Lundqvist-Ingentobak.28	3-ADP|i|7|RA	1
Romn_Lundqvist-Ingentobak.29	9-ADP|mot|7|RA	1
Romn_Lundqvist-Ingentobak.29	5-SCONJ|innan|3|MD	1
Romn_Lundqvist-Ingentobak.30	7-ADP|över|6|MD	1
Romn_Lundqvist-Ingentobak.30	4-ADP|med|2|MD	1
Romn_Lundqvist-Ingentobak.31	11-SCONJ|än|10|JF	1
Romn_Lundqvist-Ingentobak.31	13-ADP|från|8|RA	1
Romn_Lundqvist-Ingentobak.31	5-SCONJ|att|3|JF	1
Romn_Lundqvist-Ingentobak.32	1-ADP|Bakom|5|RA	1
Romn_Lundqvist-Ingentobak.32	8-ADP|i|5|MD	1
Romn_Lundqvist-Ingentobak.33	8-ADP|med|6|MD	1
Romn_Lundqvist-Ingentobak.33	2-ADP|till|0|--	1
Romn_Lundqvist-Ingentobak.34	3-ADP|i|22|RA	1
Romn_Lundqvist-Ingentobak.34	5-ADP|till|22|RA	1
Romn_Lundqvist-Ingentobak.34	15-ADP|ur|17|RA	1
Romn_Lundqvist-Ingentobak.34	12-SCONJ|som|11|MD	1
Romn_Lundqvist-Ingentobak.34	24-ADP|av|22|MD	1
Romn_Lundqvist-Ingentobak.34	43-ADP|till|39|OA	1
Romn_Lundqvist-Ingentobak.34	35-SCONJ|att|33|JF	1
Romn_Lundqvist-Ingentobak.34	30-SCONJ|tills|27|MD	1
Romn_Lundqvist-Ingentobak.36	2-ADP|mellan|6|RA	1
Romn_Lundqvist-Ingentobak.36	7-ADP|i|6|MD	1
Romn_Lundqvist-Ingentobak.36	11-ADP|för|6|OA	1
Romn_Lundqvist-Ingentobak.37	8-ADP|med|7|OA	1
Romn_Lundqvist-Ingentobak.37	14-ADP|på|12|MD	1
Romn_Lundqvist-Ingentobak.39	2-AUX|är|9|OO	1
Romn_Lundqvist-Ingentobak.40	3-SCONJ|där|2|MD 5-AUX|är|3|OO	2
Romn_Lundqvist-Ingentobak.41	2-ADP|med|1|OA	1
Romn_Lundqvist-Ingentobak.43	1-ADP|Med|8|OA	1
Romn_Lundqvist-Ingentobak.43	3-AUX|borde|0|-- 7-AUX|varit|3|IV	2
Romn_Lundqvist-Ingentobak.44	2-AUX|borde|0|-- 3-AUX|ha|2|IV 4-AUX|varit|3|IV 6-ADP|i|4|RA	4
Romn_Lundqvist-Ingentobak.44	17-SCONJ|som|15|JF	1
Romn_Lundqvist-Ingentobak.44	14-ADP|i|13|RA	1
Romn_Lundqvist-Ingentobak.44	19-ADP|om|13|MD	1
Romn_Lundqvist-Ingentobak.44	2-AUX|borde|0|-- 3-AUX|ha|2|IV 4-AUX|varit|3|IV 6-ADP|i|4|RA 11-SCONJ|som|2|MD	5
Romn_Lundqvist-Ingentobak.45	2-ADP|trots|6|MD	1
Romn_Lundqvist-Ingentobak.45	10-SCONJ|som|9|MD	1
Romn_Lundqvist-Ingentobak.45	12-ADP|av|9|AG	1
Romn_Lundqvist-Ingentobak.45	15-SCONJ|som|9|conj 19-ADP|av|15|AG	2
Romn_Lundqvist-Ingentobak.46	22-SCONJ|som|21|MD	1
Romn_Lundqvist-Ingentobak.46	2-AUX|kunde|0|-- 9-SCONJ|som|2|MD 11-AUX|var|9|OO	3
Romn_Lundqvist-Ingentobak.47	10-SCONJ|att|9|OO	1
Romn_Lundqvist-Ingentobak.47	8-AUX|får|6|MD	1
Romn_Lundqvist-Ingentobak.48	4-SCONJ|som|3|JF 5-ADP|på|4|OO	2
Romn_Lundqvist-Ingentobak.49	1-ADP|Med|4|MD	1
Romn_Lundqvist-Ingentobak.49	13-ADP|av|11|MD	1
Romn_Lundqvist-Ingentobak.49	16-ADP|omkring|10|RA	1
Romn_Lundqvist-Ingentobak.49	20-ADP|i|10|RA	1
Romn_Lundqvist-Ingentobak.49	7-SCONJ|om|4|MD	1
Romn_Lundqvist-Ingentobak.50	2-AUX|var|0|--	1
Romn_Lundqvist-Ingentobak.52	10-SCONJ|som|8|JF	1
Romn_Lundqvist-Ingentobak.52	5-SCONJ|som|4|MD 7-AUX|var|5|OO	2
Romn_Lundqvist-Ingentobak.52	1-SCONJ|Att|15|DF	1
Romn_Lundqvist-Ingentobak.53	7-ADP|på|3|MD	1
Romn_Lundqvist-Ingentobak.53	19-ADP|vid|17|MD	1
Romn_Lundqvist-Ingentobak.53	27-SCONJ|som|25|MD	1
Romn_Lundqvist-Ingentobak.53	31-PART|inte|16|conj 32-SCONJ|som|31|MD	2
Romn_Lundqvist-Ingentobak.53	12-ADP|om|10|OA 13-SCONJ|att|12|OO 15-AUX|skulle|13|OO	3
Romn_Lundqvist-Ingentobak.54	5-ADP|om|1|MD	1
Romn_Lundqvist-Ingentobak.56	3-ADP|av|2|MD	1
Romn_Lundqvist-Ingentobak.56	8-ADP|på|7|OA	1
Romn_Lundqvist-Ingentobak.56	5-SCONJ|bara|2|MD	1
Romn_Lundqvist-Ingentobak.57	4-ADP|på|3|OA	1
Romn_Lundqvist-Ingentobak.57	14-ADP|om|13|MD	1
Romn_Lundqvist-Ingentobak.57	12-ADP|med|11|MD	1
Romn_Lundqvist-Ingentobak.57	21-ADP|i|24|MD	1
Romn_Lundqvist-Ingentobak.57	26-ADP|på|25|MD	1
Romn_Lundqvist-Ingentobak.57	29-ADP|för|24|MD	1
Romn_Lundqvist-Ingentobak.57	19-SCONJ|att|18|OO	1
Romn_Lundqvist-Ingentobak.57	9-SCONJ|då|7|AN	1
Romn_Lundqvist-Ingentobak.57	1-SCONJ|Att|34|SB	1
Romn_Lundqvist-Ingentobak.57	44-ADP|till|40|RA	1
Romn_Lundqvist-Ingentobak.57	35-ADP|på|34|OA 36-SCONJ|att|35|OO 38-AUX|ska|36|OO	3
Romn_Lundqvist-Ingentobak.58	5-ADP|om|4|MD	1
Romn_Lundqvist-Ingentobak.58	9-ADP|för|3|MD	1
Romn_Lundqvist-Ingentobak.58	19-ADP|i|18|MD	1
Romn_Lundqvist-Ingentobak.58	14-ADP|från|3|MD	1
Romn_Lundqvist-Ingentobak.58	2-AUX|har|0|--	1
Romn_Lundqvist-Ingentobak.59	26-ADP|på|24|OA	1
Romn_Lundqvist-Ingentobak.59	21-SCONJ|som|19|JF 23-AUX|kan|21|OO	2
Romn_Lundqvist-Ingentobak.59	16-ADP|för|15|MD	1
Romn_Lundqvist-Ingentobak.59	11-ADP|med|9|MD 12-PART|att|11|OO	2
Romn_Lundqvist-Ingentobak.60	14-ADP|till|13|MD	1
Romn_Lundqvist-Ingentobak.60	11-ADP|angående|10|MD	1
Romn_Lundqvist-Ingentobak.60	7-ADP|med|6|MD	1
Romn_Lundqvist-Ingentobak.62	7-ADP|i|4|RA	1
Romn_Lundqvist-Ingentobak.62	22-ADP|av|24|AG	1
Romn_Lundqvist-Ingentobak.62	1-SCONJ|Att|27|SB	1
Romn_Lundqvist-Ingentobak.62	33-ADP|för|32|MD	1
Romn_Lundqvist-Ingentobak.62	28-ADP|på|27|OA 29-SCONJ|att|28|OO	2
Romn_Lundqvist-Ingentobak.64	4-AUX|är|0|-- 5-SCONJ|att|4|SP	2
Romn_Lundqvist-Ingentobak.65	10-ADP|från|9|MD	1
Romn_Lundqvist-Ingentobak.65	16-SCONJ|som|14|MD	1
Romn_Lundqvist-Ingentobak.66	21-PART|att|18|OO	1
Romn_Lundqvist-Ingentobak.66	14-ADP|till|13|MD 15-SCONJ|att|14|OO	2
Romn_Lundqvist-Ingentobak.66	9-AUX|är|2|conj	1
Romn_Lundqvist-Ingentobak.68	4-ADP|vid|6|MD	1
Romn_Lundqvist-Ingentobak.68	2-AUX|är|0|--	1
Romn_Lundqvist-Ingentobak.69	4-ADP|längs|3|MD	1
Romn_Lundqvist-Ingentobak.69	2-AUX|är|0|--	1
Romn_Lundqvist-Ingentobak.70	3-ADP|av|2|MD	1
Romn_Lundqvist-Ingentobak.70	8-ADP|av|7|MD	1
Romn_Lundqvist-Ingentobak.71	4-ADP|på|3|MD	1
Romn_Lundqvist-Ingentobak.71	7-AUX|har|0|-- 8-AUX|varit|7|IV	2
Romn_Lundqvist-Ingentobak.72	4-ADP|längs|3|MD	1
Romn_Lundqvist-Ingentobak.72	1-ADP|Med|0|--	1
Romn_Lundqvist-Ingentobak.74	4-ADP|med|8|MD	1
Romn_Lundqvist-Ingentobak.74	10-ADP|längs|8|RA	1
Romn_Lundqvist-Ingentobak.75	10-ADP|under|9|RA	1
Romn_Lundqvist-Ingentobak.75	6-SCONJ|som|5|MD	1
Romn_Lundqvist-Ingentobak.76	3-ADP|av|2|OA	1
Romn_Lundqvist-Ingentobak.77	6-ADP|för|2|MD	1
Romn_Lundqvist-Ingentobak.77	19-ADP|för|12|MD	1
Romn_Lundqvist-Ingentobak.79	6-ADP|till|4|RA	1
Romn_Lundqvist-Ingentobak.80	2-ADP|för|0|--	1
Romn_Lundqvist-Ingentobak.82	2-AUX|Har|8|OO	1
Romn_Lundqvist-Ingentobak.82	21-ADP|utanför|20|RA	1
Romn_Lundqvist-Ingentobak.82	16-SCONJ|att|15|OO	1
Romn_Lundqvist-Ingentobak.82	10-SCONJ|fast|8|MD	1
Romn_Lundqvist-Ingentobak.84	11-ADP|i|7|MD	1
Romn_Lundqvist-Ingentobak.86	10-SCONJ|som|9|MD	1
Romn_Lundqvist-Ingentobak.86	8-ADP|på|7|OA	1
Romn_Lundqvist-Ingentobak.86	28-ADP|inom|25|MD	1
Romn_Lundqvist-Ingentobak.86	23-ADP|med|21|MD	1
Romn_Lundqvist-Ingentobak.86	16-ADP|på|15|OA 17-SCONJ|att|16|OO 19-AUX|får|17|OO	3
Romn_Lundqvist-Ingentobak.87	5-ADP|sen|4|MD	1
Romn_Lundqvist-Ingentobak.88	13-ADP|bland|12|MD	1
Romn_Lundqvist-Ingentobak.88	9-AUX|vara|4|conj 10-SCONJ|som|9|SP	2
Romn_Lundqvist-Ingentobak.88	20-ADP|i|16|RA	1
Romn_Lundqvist-Ingentobak.88	2-AUX|får|0|--	1
Romn_Lundqvist-Ingentobak.91	6-ADP|på|5|OA	1
Romn_Lundqvist-Ingentobak.91	15-SCONJ|som|11|JF 17-AUX|vore|15|OO	2
Romn_Lundqvist-Ingentobak.91	10-AUX|är|7|MD	1
Romn_Lundqvist-Ingentobak.91	2-AUX|måste|0|--	1
Romn_Lundqvist-Ingentobak.92	5-SCONJ|än|3|JF	1
Romn_Lundqvist-Ingentobak.92	10-SCONJ|än|8|JF	1
Romn_Lundqvist-Ingentobak.92	2-AUX|är|0|--	1
Romn_Lundqvist-Ingentobak.93	4-ADP|med|2|MD	1
Romn_Lundqvist-Ingentobak.93	6-ADP|i|2|MD	1
Romn_Lundqvist-Ingentobak.93	12-ADP|med|11|MD	1
Romn_Lundqvist-Ingentobak.93	19-ADP|sen|18|MD	1
Romn_Lundqvist-Ingentobak.93	17-AUX|ha|16|IV	1
Romn_Lundqvist-Ingentobak.93	14-SCONJ|att|11|OO	1
Romn_Lundqvist-Ingentobak.94	6-ADP|med|4|MD	1
Romn_Lundqvist-Ingentobak.94	13-ADP|efter|10|MD	1
Romn_Lundqvist-Ingentobak.96	6-ADP|till|4|OA	1
Romn_Lundqvist-Ingentobak.96	18-ADP|med|17|MD	1
Romn_Lundqvist-Ingentobak.96	21-ADP|i|17|MD	1
Romn_Lundqvist-Ingentobak.96	13-PART|att|12|OO	1
Romn_Lundqvist-Ingentobak.96	9-AUX|kan|0|--	1
Romn_Lundqvist-Ingentobak.97	13-ADP|till|11|MD	1
Romn_Lundqvist-Ingentobak.97	7-AUX|få|6|IV 10-PART|att|7|IV	2
Romn_Lundqvist-Ingentobak.97	4-ADP|för|2|MD 5-PART|att|4|OO	2
Romn_Lundqvist-Ingentobak.98	1-ADP|För|6|MD	1
Romn_Lundqvist-Ingentobak.99	4-ADP|på|2|RA	1
Romn_Lundqvist-Ingentobak.99	9-SCONJ|som|7|JF	1
Romn_Lundqvist-Ingentobak.99	21-SCONJ|än|20|JF	1
Romn_Lundqvist-Ingentobak.99	17-SCONJ|som|16|MD 18-AUX|var|17|OO	2
Romn_Lundqvist-Ingentobak.99	25-ADP|med|23|MD	1
Romn_Lundqvist-Ingentobak.99	34-ADP|på|32|OA	1
Romn_Lundqvist-Ingentobak.99	45-ADP|till|44|OA	1
Romn_Lundqvist-Ingentobak.99	54-ADP|i|53|RA	1
Romn_Lundqvist-Ingentobak.99	50-SCONJ|att|49|OO	1
Romn_Lundqvist-Ingentobak.99	39-SCONJ|så|32|MD	1
Romn_Lundqvist-Ingentobak.100	16-ADP|i|15|MD	1
Romn_Lundqvist-Ingentobak.100	14-ADP|på|12|MD	1
Romn_Lundqvist-Ingentobak.100	11-ADP|med|10|MD	1
Romn_Lundqvist-Ingentobak.100	5-ADP|på|2|OA	1
Romn_Lundqvist-Ingentobak.102	8-DET|de|11|DT	1
Romn_Lundqvist-Ingentobak.104	1-ADP|Av|0|--	1
Romn_Lundqvist-Ingentobak.105	10-SCONJ|som|7|SP	1
Romn_Lundqvist-Ingentobak.105	5-SCONJ|att|4|OO	1
Romn_Lundqvist-Ingentobak.105	20-SCONJ|som|17|MD	1
Romn_Lundqvist-Ingentobak.105	31-PART|att|29|IV	1
Romn_Lundqvist-Ingentobak.105	28-SCONJ|som|25|MD	1
Romn_Lundqvist-Ingentobak.105	26-AUX|var|24|OO	1
Romn_Lundqvist-Ingentobak.105	54-ADP|med|53|MD	1
Romn_Lundqvist-Ingentobak.105	51-ADP|på|50|MD	1
Romn_Lundqvist-Ingentobak.105	46-AUX|få|44|IV	1
Romn_Lundqvist-Ingentobak.105	41-ADP|för|38|MD 42-SCONJ|att|41|OO	2
Romn_Lundqvist-Ingentobak.106	7-AUX|var|0|-- 9-SCONJ|att|7|ES	2
Romn_Lundqvist-Ingentobak.107	7-ADP|för|4|MD	1
Romn_Lundqvist-Ingentobak.107	3-SCONJ|som|2|MD	1
Romn_Lundqvist-Ingentobak.107	11-ADP|på|10|MD	1
Romn_Lundqvist-Ingentobak.107	9-AUX|var|0|--	1
Romn_Lundqvist-Ingentobak.108	14-ADP|i|10|RA	1
Romn_Lundqvist-Ingentobak.108	16-ADP|utan|10|MD 17-PART|att|16|OO 18-AUX|ha|17|OO	3
Romn_Lundqvist-Ingentobak.108	7-SCONJ|att|4|ES 9-AUX|hade|7|OO	2
Romn_Lundqvist-Ingentobak.109	8-ADP|i|7|RA	1
Romn_Lundqvist-Ingentobak.109	10-ADP|med|7|MD	1
Romn_Lundqvist-Ingentobak.109	2-AUX|skulle|13|OO 3-AUX|vara|2|IV 6-SCONJ|som|3|ES	3
Romn_Lundqvist-Ingentobak.110	10-SCONJ|än|9|JF	1
Romn_Lundqvist-Ingentobak.110	13-ADP|i|9|MD	1
Romn_Lundqvist-Ingentobak.110	5-AUX|var|0|--	1
Romn_Lundqvist-Ingentobak.112	3-AUX|skulle|0|--	1
Romn_Lundqvist-Ingentobak.113	5-ADP|i|3|RA	1
Romn_Lundqvist-Ingentobak.113	12-ADP|i|8|RA	1
Romn_Lundqvist-Ingentobak.113	2-AUX|skulle|0|--	1
Romn_Lundqvist-Ingentobak.115	15-ADP|bredvid|12|RA	1
Romn_Lundqvist-Ingentobak.115	10-SCONJ|att|9|OO	1
Romn_Lundqvist-Ingentobak.115	7-SCONJ|att|4|JF	1
Romn_Lundqvist-Ingentobak.115	2-AUX|har|0|--	1
Romn_Lundqvist-Ingentobak.116	2-AUX|är|0|--	1
Romn_Lundqvist-Ingentobak.118	4-ADP|på|2|OA	1
Romn_Lundqvist-Ingentobak.120	4-SCONJ|att|3|OO 6-AUX|är|4|OO	2
Romn_Lundqvist-Ingentobak.121	7-ADP|åt|6|MD	1
Romn_Lundqvist-Ingentobak.121	18-SCONJ|än|17|JF	1
Romn_Lundqvist-Ingentobak.121	20-ADP|på|16|MD	1
Romn_Lundqvist-Ingentobak.121	13-SCONJ|som|12|MD 15-AUX|kan|13|OO	2
Romn_Lundqvist-Ingentobak.123	4-ADP|åt|2|MD	1
Romn_Lundqvist-Ingentobak.123	9-ADP|på|8|OA	1
Romn_Lundqvist-Ingentobak.123	11-ADP|med|8|MD	1
Romn_Lundqvist-Ingentobak.123	6-SCONJ|sen|2|MD	1
Romn_Lundqvist-Ingentobak.125	11-DET|den|13|DT	1
Romn_Lundqvist-Ingentobak.125	10-ADP|på|9|MD	1
Romn_Lundqvist-Ingentobak.125	4-AUX|är|0|-- 8-AUX|är|4|parataxis	2
Romn_Lundqvist-Ingentobak.127	5-ADP|över|4|MD	1
Romn_Lundqvist-Ingentobak.127	12-ADP|med|10|MD	1
Romn_Lundqvist-Ingentobak.130	2-PART|att|1|OO	1
Romn_Lundqvist-Ingentobak.132	5-DET|den|7|DT	1
Romn_Lundqvist-Ingentobak.132	11-ADP|till|9|RA	1
Romn_Lundqvist-Ingentobak.132	4-SCONJ|att|2|OO	1
Romn_Lundqvist-Ingentobak.132	29-ADP|på|28|OA	1
Romn_Lundqvist-Ingentobak.132	21-SCONJ|som|20|MD	1
Romn_Lundqvist-Ingentobak.132	17-ADP|åt|15|OA	1
Romn_Lundqvist-Ingentobak.133	6-ADP|på|2|RA	1
Romn_Lundqvist-Ingentobak.133	14-ADP|i|13|PL	1
Romn_Lundqvist-Ingentobak.133	16-ADP|längs|13|RA	1
Romn_Lundqvist-Ingentobak.133	18-ADP|med|13|MD	1
Romn_Lundqvist-Ingentobak.138	1-AUX|Var|0|--	1
Romn_Lundqvist-Ingentobak.142	1-ADP|Trots|7|MD 2-SCONJ|att|1|OO 4-AUX|är|2|OO	3
Romn_Lundqvist-Ingentobak.143	2-AUX|är|0|--	1
Romn_Lundqvist-Ingentobak.144	2-AUX|är|0|--	1
Romn_Lundqvist-Ingentobak.146	15-ADP|till|13|RA	1
Romn_Lundqvist-Ingentobak.146	9-SCONJ|att|8|MD 12-AUX|ska|9|OO	2
Romn_Lundqvist-Ingentobak.146	3-AUX|är|19|OO 5-SCONJ|som|3|EF 6-AUX|har|5|OO	3
Romn_Lundqvist-Ingentobak.146	24-ADP|för|19|MD 25-PART|att|24|OO	2
Romn_Lundqvist-Ingentobak.148	2-ADP|Till|0|--	1
Romn_Lundqvist-Ingentobak.149	9-ADP|på|8|RA	1
Romn_Lundqvist-Ingentobak.149	7-AUX|vill|2|conj	1
Romn_Lundqvist-Ingentobak.151	6-ADP|till|2|RA	1
Romn_Lundqvist-Ingentobak.152	5-ADP|för|3|MD	1
Romn_Lundqvist-Ingentobak.152	2-AUX|ska|0|--	1
Romn_Lundqvist-Ingentobak.153	2-ADP|i|1|AN	1
Romn_Lundqvist-Ingentobak.153	4-AUX|kan|0|--	1
Romn_Lundqvist-Ingentobak.155	18-ADP|i|17|RA 21-ADP|till|18|AN	2
Romn_Lundqvist-Ingentobak.155	9-AUX|kan|0|--	1
Romn_Lundqvist-Ingentobak.158	7-ADP|i|5|RA	1
Romn_Lundqvist-Ingentobak.158	9-SCONJ|att|5|OO 11-AUX|skulle|9|OO	2
Romn_Lundqvist-Ingentobak.158	3-SCONJ|att|2|OO	1
Romn_Lundqvist-Ingentobak.159	1-ADP|För|5|MD	1
Romn_Lundqvist-Ingentobak.159	7-AUX|ha|5|IV	1
Romn_Lundqvist-Ingentobak.159	16-ADP|över|15|MD	1
Romn_Lundqvist-Ingentobak.159	11-SCONJ|där|10|MD 13-AUX|kunde|11|OO	2
Romn_Lundqvist-Ingentobak.160	3-AUX|har|0|--	1
Romn_Lundqvist-Ingentobak.162	9-ADP|till|7|OA	1
Romn_Lundqvist-Ingentobak.162	4-AUX|ska|0|--	1
Romn_Lundqvist-Ingentobak.163	5-ADP|på|4|RA	1
Romn_Lundqvist-Ingentobak.163	2-AUX|skulle|0|--	1
Romn_Lundqvist-Ingentobak.167	5-ADP|i|4|RA	1
Romn_Lundqvist-Ingentobak.167	12-ADP|i|11|RA	1
Romn_Lundqvist-Ingentobak.167	2-AUX|kommer|0|-- 3-PART|att|2|IV	2
Romn_Lundqvist-Ingentobak.167	2-AUX|kommer|0|-- 3-PART|att|2|IV 16-AUX|ska|2|DF	3
Romn_Lundqvist-Ingentobak.169	5-AUX|kan|0|--	1
Romn_Lundqvist-Ingentobak.170	5-AUX|har|0|--	1
Romn_Lundqvist-Ingentobak.172	5-ADP|med|4|MD	1
Romn_Lundqvist-Ingentobak.173	2-AUX|vill|8|MD	1
Romn_Lundqvist-Ingentobak.173	10-DET|den|12|DT	1
Romn_Lundqvist-Ingentobak.173	18-ADP|i|17|AN	1
Romn_Lundqvist-Ingentobak.174	3-ADP|i|2|MD	1
Romn_Lundqvist-Ingentobak.176	5-SCONJ|som|4|MD	1
Romn_Lundqvist-Ingentobak.176	3-ADP|åt|2|OA	1
Romn_Lundqvist-Ingentobak.176	18-ADP|från|17|MD	1
Romn_Lundqvist-Ingentobak.176	15-AUX|är|13|OO 16-ADP|utom|15|SP	2
Romn_Lundqvist-Ingentobak.176	22-ADP|med|20|MD	1
Romn_Lundqvist-Ingentobak.179	7-ADP|i|5|MD	1
Romn_Lundqvist-Ingentobak.179	3-AUX|ska|0|--	1
Romn_Lundqvist-Ingentobak.182	1-AUX|Har|7|OO 4-AUX|blitt|1|IV	2
Romn_Lundqvist-Ingentobak.182	10-ADP|från|7|RA	1
Romn_Lundqvist-Ingentobak.182	22-ADP|längs|21|MD	1
Romn_Lundqvist-Ingentobak.182	20-ADP|på|17|RA	1
Romn_Lundqvist-Ingentobak.182	16-AUX|har|14|OO	1
Romn_Lundqvist-Ingentobak.183	5-ADP|till|3|MD	1
Romn_Lundqvist-Ingentobak.183	12-ADP|till|11|MD	1
Romn_Lundqvist-Ingentobak.183	10-PART|att|9|IV	1
Romn_Lundqvist-Ingentobak.183	19-ADP|till|18|RA 21-ADP|på|19|AN	2
Romn_Lundqvist-Ingentobak.183	15-SCONJ|tills|9|MD 17-AUX|har|15|OO	2
Romn_Lundqvist-Ingentobak.184	17-ADP|på|13|RA	1
Romn_Lundqvist-Ingentobak.184	26-ADP|av|25|MD	1
Romn_Lundqvist-Ingentobak.184	24-ADP|i|21|RA	1
Romn_Lundqvist-Ingentobak.185	4-ADP|på|2|OA	1
Romn_Lundqvist-Ingentobak.185	20-ADP|framför|16|RA	1
Romn_Lundqvist-Ingentobak.185	11-SCONJ|innan|8|MD 15-AUX|har|11|OO	2
Romn_Lundqvist-Ingentobak.186	5-ADP|i|2|OA	1
Romn_Lundqvist-Ingentobak.186	9-ADP|med|2|MD	1
Romn_Lundqvist-Ingentobak.186	13-SCONJ|som|12|MD	1
Romn_Lundqvist-Ingentobak.187	7-ADP|till|5|RA	1
Romn_Lundqvist-Ingentobak.187	13-SCONJ|förrän|3|MD 15-AUX|blir|13|OO	2
Romn_Lundqvist-Ingentobak.188	5-ADP|vid|3|RA	1
Romn_Lundqvist-Ingentobak.190	4-SCONJ|att|3|OO 6-AUX|är|4|OO	2
Romn_Lundqvist-Ingentobak.190	17-ADP|för|15|OA	1
Romn_Lundqvist-Ingentobak.190	11-AUX|har|3|conj	1
Romn_Lundqvist-Ingentobak.191	6-ADP|inom|5|MD	1
Romn_Lundqvist-Ingentobak.191	2-AUX|kommer|0|-- 4-PART|att|2|IV	2
Romn_Lundqvist-Ingentobak.193	3-ADP|på|2|MD	1
Romn_Lundqvist-Ingentobak.194	7-ADP|till|6|MD	1
Romn_Lundqvist-Ingentobak.194	4-ADP|med|3|MD	1
Romn_Lundqvist-Ingentobak.194	11-ADP|på|10|MD	1
Romn_Lundqvist-Ingentobak.196	18-ADP|utan|15|MD	1
Romn_Lundqvist-Ingentobak.196	12-ADP|på|9|RA	1
Romn_Lundqvist-Ingentobak.196	8-SCONJ|som|7|MD	1
Romn_Lundqvist-Ingentobak.197	4-ADP|mellan|8|DT	1
Romn_Lundqvist-Ingentobak.197	2-AUX|kan|0|-- 3-AUX|vara|2|IV	2
Romn_Lundqvist-Ingentobak.198	11-SCONJ|om|10|OO 13-AUX|är|11|OO	2
Romn_Lundqvist-Ingentobak.198	8-AUX|kan|0|--	1
Romn_Lundqvist-Ingentobak.199	5-ADP|med|4|MD	1
Romn_Lundqvist-Ingentobak.200	5-ADP|av|4|MD	1
Romn_Lundqvist-Ingentobak.200	1-AUX|Skulle|19|MD 3-ADP|på|1|MD	2
Romn_Lundqvist-Ingentobak.200	1-AUX|Skulle|19|MD 3-ADP|på|1|MD 8-ADP|vid|1|MD	3
Romn_Lundqvist-Ingentobak.200	16-ADP|till|15|OA	1
Romn_Lundqvist-Ingentobak.200	12-SCONJ|att|11|OO	1
Romn_Lundqvist-Ingentobak.200	30-ADP|i|29|MD	1
Romn_Lundqvist-Ingentobak.200	26-SCONJ|sen|19|MD	1
Romn_Lundqvist-Ingentobak.201	1-ADP|Ur|3|RA	1
Romn_Lundqvist-Ingentobak.201	5-SCONJ|än|4|JF	1
Romn_Lundqvist-Ingentobak.202	13-ADP|på|11|RA	1
Romn_Lundqvist-Ingentobak.202	21-ADP|på|16|RA	1
Romn_Lundqvist-Ingentobak.202	28-ADP|om|27|MD	1
Romn_Lundqvist-Ingentobak.202	30-ADP|med|26|MD	1
Romn_Lundqvist-Ingentobak.203	1-DET|Den|3|DT	1
Romn_Lundqvist-Ingentobak.203	4-AUX|skulle|0|-- 5-AUX|kunna|4|IV	2
Romn_Lundqvist-Ingentobak.205	5-ADP|på|4|MD	1
Romn_Lundqvist-Ingentobak.205	2-ADP|På|10|RA	1
Romn_Lundqvist-Ingentobak.205	12-ADP|om|11|MD	1
Romn_Lundqvist-Ingentobak.205	7-AUX|har|0|--	1
Romn_Lundqvist-Ingentobak.206	3-SCONJ|att|2|OO 5-AUX|är|3|OO	2
Romn_Lundqvist-Ingentobak.208	25-ADP|vid|24|MD	1
Romn_Lundqvist-Ingentobak.208	19-ADP|med|18|OA 21-SCONJ|som|19|OP	2
Romn_Lundqvist-Ingentobak.208	27-AUX|har|12|conj 16-SCONJ|om|27|MD	2
Romn_Lundqvist-Ingentobak.210	5-SCONJ|som|4|MD 7-AUX|borde|5|OO	2
Romn_Lundqvist-Ingentobak.211	1-ADP|Till|7|MD	1
Romn_Lundqvist-Ingentobak.213	21-SCONJ|att|20|OO 24-AUX|är|21|OO	2
Romn_Lundqvist-Ingentobak.213	17-SCONJ|att|16|OO	1
Romn_Lundqvist-Ingentobak.213	4-AUX|får|0|--	1
Romn_Lundqvist-Ingentobak.214	15-ADP|på|14|RA	1
Romn_Lundqvist-Ingentobak.214	9-SCONJ|som|7|MD 12-AUX|har|9|OO	2
Romn_Lundqvist-Ingentobak.214	6-ADP|med|5|OA	1
Romn_Lundqvist-Ingentobak.214	3-SCONJ|som|1|MD 4-AUX|är|3|OO	2
Romn_Lundqvist-Ingentobak.215	10-SCONJ|som|9|MD	1
Romn_Lundqvist-Ingentobak.215	12-ADP|från|9|RA	1
Romn_Lundqvist-Ingentobak.215	8-PART|att|7|MD	1
Romn_Lundqvist-Ingentobak.215	3-SCONJ|som|1|MD 5-AUX|har|3|OO	2
Romn_Lundqvist-Ingentobak.216	14-ADP|med|16|MD	1
Romn_Lundqvist-Ingentobak.216	27-SCONJ|där|26|MD 32-AUX|ska|27|OO 29-ADP|under|32|MD	3
Romn_Lundqvist-Ingentobak.216	25-ADP|till|23|RA	1
Romn_Lundqvist-Ingentobak.216	22-SCONJ|som|21|MD	1
Romn_Lundqvist-Ingentobak.216	18-ADP|till|16|OA	1
Romn_Lundqvist-Ingentobak.216	12-SCONJ|där|11|MD	1
Romn_Lundqvist-Ingentobak.216	10-ADP|till|6|RA	1
Romn_Lundqvist-Ingentobak.216	3-SCONJ|som|1|MD 4-AUX|kommer|3|OO 5-PART|att|4|IV	3
Romn_Lundqvist-Ingentobak.216	47-ADP|med|45|OA	1
Romn_Lundqvist-Ingentobak.218	2-ADP|Till|10|OA	1
Romn_Lundqvist-Ingentobak.218	5-AUX|har|0|--	1
Romn_Lundqvist-Ingentobak.219	3-AUX|vill|1|MD	1
Romn_Lundqvist-Ingentobak.221	13-SCONJ|än|12|JF	1
Romn_Lundqvist-Ingentobak.221	9-SCONJ|som|8|MD	1
Romn_Lundqvist-Ingentobak.221	6-ADP|av|4|AG	1
Romn_Lundqvist-Ingentobak.223	15-SCONJ|där|14|MD	1
Romn_Lundqvist-Ingentobak.223	13-ADP|från|11|RA	1
Romn_Lundqvist-Ingentobak.223	8-SCONJ|att|4|OO 10-AUX|har|8|OO	2
Romn_Lundqvist-Ingentobak.223	3-AUX|ska|0|--	1
Romn_Lundqvist-Ingentobak.224	21-AUX|är|0|-- 3-AUX|var|21|parataxis	2
Romn_Lundqvist-Ingentobak.224	24-ADP|av|23|AG	1
Romn_Lundqvist-Ingentobak.225	4-ADP|på|3|MD	1
Romn_Lundqvist-Ingentobak.225	13-ADP|till|11|RA	1
Romn_Lundqvist-Ingentobak.225	8-SCONJ|att|7|OO 10-AUX|skulle|8|OO	2
Romn_Lundqvist-Ingentobak.225	2-AUX|var|0|-- 6-SCONJ|som|2|EF	2
Romn_Lundqvist-Ingentobak.226	8-ADP|på|5|MD	1
Romn_Lundqvist-Ingentobak.226	1-SCONJ|Att|0|-- 3-AUX|skulle|1|OO 4-AUX|få|3|IV	3
Romn_Lundqvist-Ingentobak.227	5-ADP|till|4|OA	1
Romn_Lundqvist-Ingentobak.227	1-ADP|Trots|9|MD 2-SCONJ|att|1|OO	2
Romn_Lundqvist-Ingentobak.227	35-SCONJ|som|33|JF 36-ADP|på|35|OO	2
Romn_Lundqvist-Ingentobak.227	26-SCONJ|där|25|MD 32-AUX|är|26|OO	2
Romn_Lundqvist-Ingentobak.227	23-ADP|i|22|MD	1
Romn_Lundqvist-Ingentobak.227	14-AUX|är|9|OO 17-PART|att|14|ES	2
Romn_Lundqvist-Ingentobak.229	4-ADP|för|3|MD	1
Romn_Lundqvist-Ingentobak.229	23-SCONJ|än|21|JF 24-ADP|i|23|OO	2
Romn_Lundqvist-Ingentobak.229	18-SCONJ|om|15|OO 20-AUX|är|18|OO	2
Romn_Lundqvist-Ingentobak.231	2-SCONJ|Som|4|MD	1
Romn_Lundqvist-Ingentobak.231	8-AUX|är|4|OO 11-PART|att|8|ES	2
Romn_Lundqvist-Ingentobak.231	38-AUX|är|34|MD 36-SCONJ|som|38|MD	2
Romn_Lundqvist-Ingentobak.231	40-PART|att|39|OO	1
Romn_Lundqvist-Ingentobak.231	22-SCONJ|att|21|OO 28-AUX|kommer|22|OO 29-PART|att|28|IV	3
Romn_Lundqvist-Ingentobak.232	3-ADP|i|2|RA	1
Romn_Lundqvist-Ingentobak.232	9-ADP|i|8|RA	1
Romn_Lundqvist-Ingentobak.232	5-SCONJ|att|2|OO 7-AUX|skulle|5|OO	2
Romn_Lundqvist-Ingentobak.233	2-AUX|är|0|--	1
Romn_Lundqvist-Ingentobak.234	1-SCONJ|Om|6|MD 4-AUX|är|1|OO	2
Romn_Lundqvist-Ingentobak.235	4-AUX|är|0|-- 1-PART|Att|4|SB	2
Romn_Lundqvist-Ingentobak.235	16-ADP|på|15|OA	1
Romn_Lundqvist-Ingentobak.235	10-SCONJ|att|8|JF 14-AUX|vill|10|OO	2
Romn_Lundqvist-Ingentobak.236	3-ADP|till|2|OA	1
Romn_Lundqvist-Ingentobak.239	7-ADP|på|4|MD	1
Romn_Lundqvist-Ingentobak.239	11-ADP|av|10|MD	1
Romn_Lundqvist-Ingentobak.240	5-ADP|på|2|RA	1
Romn_Lundqvist-Ingentobak.240	10-ADP|i|8|OA	1
Romn_Lundqvist-Ingentobak.242	13-DET|alla|14|DT	1
Romn_Lundqvist-Ingentobak.242	9-SCONJ|att|5|OO	1
Romn_Lundqvist-Ingentobak.242	3-AUX|måste|0|--	1
Romn_Lundqvist-Ingentobak.243	1-ADP|I|3|RA	1
Romn_Lundqvist-Ingentobak.243	12-ADP|på|11|MD	1
Romn_Lundqvist-Ingentobak.245	4-AUX|är|0|--	1
Romn_Lundqvist-Ingentobak.246	2-AUX|är|0|--	1
Romn_Lundqvist-Ingentobak.247	2-AUX|kan|0|-- 4-AUX|få|2|IV	2
Romn_Lundqvist-Ingentobak.249	8-DET|den|10|DT	1
Romn_Lundqvist-Ingentobak.249	7-SCONJ|att|6|OO 11-AUX|skulle|7|OO	2
Romn_Lundqvist-Ingentobak.249	4-AUX|har|0|--	1
Romn_Lundqvist-Ingentobak.250	16-ADP|till|12|OA	1
Romn_Lundqvist-Ingentobak.250	7-SCONJ|att|5|OO 10-AUX|skulle|7|OO 11-AUX|kunna|10|IV	3
Romn_Lundqvist-Ingentobak.250	2-AUX|kan|0|--	1
Romn_Lundqvist-Ingentobak.251	1-SCONJ|Såvitt|0|-- 4-AUX|är|1|OO	2
Romn_Lundqvist-Ingentobak.253	4-AUX|är|0|--	1
Romn_Lundqvist-Ingentobak.254	3-ADP|i|2|OA	1
Romn_Lundqvist-Ingentobak.255	8-ADP|för|6|OA	1
Romn_Lundqvist-Ingentobak.255	5-AUX|kan|0|--	1
Romn_Lundqvist-Ingentobak.256	1-DET|Den|3|DT	1
Romn_Lundqvist-Ingentobak.256	8-ADP|om|7|OA	1
Romn_Lundqvist-Ingentobak.256	20-ADP|i|19|MD	1
Romn_Lundqvist-Ingentobak.256	29-SCONJ|som|27|JF	1
Romn_Lundqvist-Ingentobak.256	18-SCONJ|att|16|OO	1
Romn_Lundqvist-Ingentobak.256	13-ADP|på|12|OA 14-SCONJ|att|13|OO	2
Romn_Lundqvist-Ingentobak.256	4-AUX|vill|0|--	1
Romn_Lundqvist-Ingentobak.257	12-SCONJ|som|11|JF	1
Romn_Lundqvist-Ingentobak.257	9-SCONJ|att|4|OO 14-AUX|kan|9|OO	2
Romn_Lundqvist-Ingentobak.257	2-AUX|har|0|--	1
Romn_Lundqvist-Ingentobak.258	10-ADP|för|9|MD	1
Romn_Lundqvist-Ingentobak.258	16-ADP|i|15|MD	1
Romn_Lundqvist-Ingentobak.258	13-SCONJ|att|12|MD	1
Romn_Lundqvist-Ingentobak.258	28-ADP|i|24|MD	1
Romn_Lundqvist-Ingentobak.258	21-SCONJ|att|20|MD 23-AUX|kan|21|OO	2
Romn_Lundqvist-Ingentobak.258	4-SCONJ|att|2|OO 6-AUX|kommer|4|OO 7-PART|att|6|IV	3
Romn_Lundqvist-Ingentobak.260	22-ADP|av|20|AG	1
Romn_Lundqvist-Ingentobak.260	30-ADP|per|29|MD	1
Romn_Lundqvist-Ingentobak.260	27-ADP|av|26|MD	1
Romn_Lundqvist-Ingentobak.260	25-ADP|i|20|MD	1
Romn_Lundqvist-Ingentobak.260	17-SCONJ|att|15|OO	1
Romn_Lundqvist-Ingentobak.260	13-SCONJ|att|11|OO	1
Romn_Lundqvist-Ingentobak.261	3-SCONJ|att|2|OO	1
Romn_Lundqvist-Ingentobak.263	11-ADP|för|9|MD 12-SCONJ|att|11|OO	2
Romn_Lundqvist-Ingentobak.263	6-SCONJ|att|3|OO 8-AUX|ska|6|OO	2
Romn_Lundqvist-Ingentobak.264	2-AUX|är|0|--	1
Romn_Lundqvist-Ingentobak.266	11-ADP|för|10|OA	1
Romn_Lundqvist-Ingentobak.266	17-ADP|i|15|OA	1
Romn_Lundqvist-Ingentobak.266	6-SCONJ|att|3|JF 8-AUX|är|6|OO 14-PART|att|8|ES	3
Romn_Lundqvist-Ingentobak.268	14-ADP|på|12|RA	1
Romn_Lundqvist-Ingentobak.268	10-AUX|måste|17|OO	1
Romn_Lundqvist-Ingentobak.269	2-DET|ett|3|DT	1
Romn_Lundqvist-Ingentobak.269	5-ADP|per|3|MD	1
Romn_Lundqvist-Ingentobak.271	10-ADP|med|8|OA	1
Romn_Lundqvist-Ingentobak.271	7-PART|att|6|OO	1
Romn_Lundqvist-Ingentobak.271	4-SCONJ|som|3|MD 5-AUX|är|4|OO	2
Romn_Lundqvist-Ingentobak.271	2-ADP|för|1|MD	1
Romn_Lundqvist-Ingentobak.273	4-AUX|ska|0|--	1
Romn_Lundqvist-Ingentobak.275	4-PART|att|3|MD	1
Romn_Lundqvist-Ingentobak.275	9-PART|att|8|MD	1
Romn_Lundqvist-Ingentobak.276	4-SCONJ|som|2|MD	1
Romn_Lundqvist-Ingentobak.276	7-DET|ett|8|DT	1
Romn_Lundqvist-Ingentobak.276	10-ADP|av|9|MD	1
Romn_Lundqvist-Ingentobak.276	17-ADP|till|14|OA	1
Romn_Lundqvist-Ingentobak.276	13-PART|att|2|ES	1
Romn_Lundqvist-Ingentobak.277	6-AUX|måste|0|-- 2-AUX|vill|6|MD	2
Romn_Lundqvist-Ingentobak.277	13-ADP|på|8|RA	1
Romn_Lundqvist-Ingentobak.280	4-AUX|måste|0|--	1
Romn_Lundqvist-Ingentobak.281	2-AUX|måste|0|--	1
Romn_Lundqvist-Ingentobak.282	4-AUX|får|0|--	1
Romn_Lundqvist-Ingentobak.284	9-ADP|för|6|OA	1
Romn_Lundqvist-Ingentobak.284	4-PART|att|2|OO 5-AUX|kunna|4|OO	2
Romn_Lundqvist-Ingentobak.288	2-AUX|far|0|--	1
Romn_Lundqvist-Ingentobak.289	6-ADP|på|4|RA	1
Romn_Lundqvist-Ingentobak.291	6-ADP|i|2|MD	1
Romn_Lundqvist-Ingentobak.291	10-ADP|i|9|PL	1
Romn_Lundqvist-Ingentobak.291	12-ADP|med|9|OA	1
Romn_Lundqvist-Ingentobak.291	25-ADP|av|24|MD	1
Romn_Lundqvist-Ingentobak.291	23-ADP|vid|22|RA	1
Romn_Lundqvist-Ingentobak.291	17-SCONJ|där|16|MD	1
Romn_Lundqvist-Ingentobak.291	15-ADP|på|9|RA	1
Romn_Lundqvist-Ingentobak.293	7-ADP|åt|4|MD	1
Romn_Lundqvist-Ingentobak.293	30-ADP|utan|32|MD	1
Romn_Lundqvist-Ingentobak.293	29-SCONJ|som|28|MD	1
Romn_Lundqvist-Ingentobak.293	26-ADP|av|25|MD	1
Romn_Lundqvist-Ingentobak.293	16-AUX|är|2|conj 20-ADP|för|16|MD	2
Romn_Lundqvist-Ingentobak.295	10-ADP|i|9|MD	1
Romn_Lundqvist-Ingentobak.295	6-SCONJ|som|4|JF	1
Romn_Lundqvist-Ingentobak.295	24-ADP|om|23|MD	1
Romn_Lundqvist-Ingentobak.295	34-ADP|av|33|AG	1
Romn_Lundqvist-Ingentobak.295	31-AUX|bli|17|conj	1
Romn_Lundqvist-Ingentobak.295	2-AUX|får|0|-- 15-AUX|får|2|parataxis	2
Romn_Lundqvist-Ingentobak.298	12-ADP|med|15|MD	1
Romn_Lundqvist-Ingentobak.298	16-ADP|längs|15|RA	1
Romn_Lundqvist-Ingentobak.298	10-SCONJ|som|9|MD	1
Romn_Lundqvist-Ingentobak.298	8-ADP|åt|7|MD	1
Romn_Lundqvist-Ingentobak.298	6-SCONJ|som|1|MD	1
Romn_Lundqvist-Ingentobak.299	5-ADP|av|4|OA	1
Romn_Lundqvist-Ingentobak.299	3-AUX|är|0|--	1
Romn_Lundqvist-Ingentobak.300	13-AUX|skulle|0|-- 1-AUX|Vore|13|MD	2
Romn_Lundqvist-Ingentobak.300	21-ADP|från|19|RA	1
Romn_Lundqvist-Ingentobak.300	34-ADP|på|33|MD	1
Romn_Lundqvist-Ingentobak.300	36-ADP|utan|33|MD 37-PART|att|36|OO	2
Romn_Lundqvist-Ingentobak.300	26-SCONJ|där|25|MD	1
Romn_Lundqvist-Ingentobak.300	24-ADP|i|19|RA	1
Romn_Lundqvist-Ingentobak.301	4-ADP|i|2|MD	1
Romn_Lundqvist-Ingentobak.301	14-ADP|i|10|RA	1
Romn_Lundqvist-Ingentobak.301	9-SCONJ|som|8|MD	1
Romn_Lundqvist-Ingentobak.302	3-ADP|i|2|RA	1
Romn_Lundqvist-Ingentobak.302	21-ADP|under|19|MD	1
Romn_Lundqvist-Ingentobak.302	17-SCONJ|som|16|MD	1
Romn_Lundqvist-Ingentobak.303	2-AUX|är|0|-- 7-ADP|för|2|DF	2
Romn_Lundqvist-Ingentobak.305	9-ADP|i|8|MD	1
Romn_Lundqvist-Ingentobak.305	6-SCONJ|än|1|JF	1
Romn_Lundqvist-Ingentobak.305	4-ADP|i|3|MD	1
Romn_Lundqvist-Ingentobak.306	6-ADP|längs|5|RA	1
Romn_Lundqvist-Ingentobak.306	15-ADP|med|14|MD	1
Romn_Lundqvist-Ingentobak.306	21-ADP|vid|20|AN	1
Romn_Lundqvist-Ingentobak.306	29-ADP|längs|28|MD	1
Romn_Lundqvist-Ingentobak.306	35-ADP|till|34|MD	1
Romn_Lundqvist-Ingentobak.306	46-ADP|vid|45|MD	1
Romn_Lundqvist-Ingentobak.306	43-ADP|av|42|MD	1
Romn_Lundqvist-Ingentobak.306	40-ADP|på|39|OA	1
Romn_Lundqvist-Ingentobak.306	27-ADP|med|19|MD	1
Romn_Lundqvist-Ingentobak.306	18-SCONJ|som|14|MD	1
Romn_Lundqvist-Ingentobak.306	11-ADP|mot|5|RA	1
Romn_Lundqvist-Ingentobak.308	6-ADP|mot|5|MD	1
Romn_Lundqvist-Ingentobak.308	14-ADP|i|13|RA	1
Romn_Lundqvist-Ingentobak.309	4-ADP|mot|2|RA	1
Romn_Lundqvist-Ingentobak.309	10-ADP|uppför|9|RA	1
Romn_Lundqvist-Ingentobak.309	7-SCONJ|medan|2|MD	1
Romn_Lundqvist-Ingentobak.310	2-AUX|är|0|-- 17-AUX|är|2|parataxis	2
Romn_Lundqvist-Ingentobak.311	4-ADP|i|3|OA	1
Romn_Lundqvist-Ingentobak.312	6-ADP|till|4|OA	1
Romn_Lundqvist-Ingentobak.312	7-ADP|utan|4|MD	1
Romn_Lundqvist-Ingentobak.312	2-AUX|skulle|0|--	1
Romn_Lundqvist-Ingentobak.314	4-SCONJ|som|3|MD	1
Romn_Lundqvist-Ingentobak.314	10-AUX|skulle|0|-- 2-ADP|utan|10|MD	2
Romn_Lundqvist-Ingentobak.314	17-ADP|i|13|RA	1
Romn_Lundqvist-Ingentobak.315	3-ADP|med|1|MD	1
Romn_Lundqvist-Ingentobak.318	2-AUX|ska|0|--	1
Romn_Lundqvist-Ingentobak.322	2-DET|Den|5|DT	1
Romn_Lundqvist-Ingentobak.322	10-ADP|för|7|MD	1
Romn_Lundqvist-Ingentobak.322	8-AUX|är|0|--	1
Romn_Lundqvist-Ingentobak.323	1-AUX|Har|0|--	1
Romn_Lundqvist-Ingentobak.326	3-SCONJ|som|2|JF	1
Romn_Lundqvist-Ingentobak.327	5-ADP|på|4|RA	1
Romn_Lundqvist-Ingentobak.328	3-ADP|på|1|RA	1
Romn_Lundqvist-Ingentobak.329	5-ADP|om|1|MD	1
Romn_Lundqvist-Ingentobak.329	7-ADP|till|4|OA	1
Romn_Lundqvist-Ingentobak.329	2-AUX|har|0|--	1
Romn_Lundqvist-Ingentobak.332	2-AUX|är|0|--	1
Romn_Lundqvist-Ingentobak.335	2-AUX|måste|0|--	1
Romn_Lundqvist-Ingentobak.337	8-ADP|i|4|RA	1
Romn_Lundqvist-Ingentobak.338	6-ADP|av|5|MD	1
Romn_Lundqvist-Ingentobak.338	4-ADP|på|2|RA	1
Romn_Lundqvist-Ingentobak.340	13-SCONJ|att|12|OO 15-AUX|kan|13|OO 18-SCONJ|om|15|MD	3
Romn_Lundqvist-Ingentobak.340	9-AUX|få|8|IV 11-PART|att|9|IV	2
Romn_Lundqvist-Ingentobak.340	3-AUX|har|0|--	1
Romn_Lundqvist-Ingentobak.343	3-AUX|är|0|--	1
Romn_Lundqvist-Ingentobak.344	11-ADP|på|9|OA	1
Romn_Lundqvist-Ingentobak.344	4-SCONJ|som|3|JF 5-AUX|ska|4|OO	2
Romn_Lundqvist-Ingentobak.345	2-AUX|måste|10|OO	1
Romn_Lundqvist-Ingentobak.347	2-ADP|i|1|OA	1
Romn_Lundqvist-Ingentobak.347	4-ADP|av|1|OA	1
Romn_Lundqvist-Ingentobak.350	4-ADP|i|2|OA	1
Romn_Lundqvist-Ingentobak.350	10-ADP|i|8|RA	1
Romn_Lundqvist-Ingentobak.351	6-ADP|från|2|RA	1
Romn_Lundqvist-Ingentobak.352	5-ADP|i|4|MD	1
Romn_Lundqvist-Ingentobak.352	10-ADP|på|8|MD	1
Romn_Lundqvist-Ingentobak.352	7-ADP|med|4|MD	1
Romn_Lundqvist-Ingentobak.352	2-AUX|är|0|--	1
Romn_Lundqvist-Ingentobak.353	4-ADP|för|3|MD	1
Romn_Lundqvist-Ingentobak.353	12-ADP|av|11|MD	1
Romn_Lundqvist-Ingentobak.353	6-SCONJ|där|3|MD	1
Romn_Lundqvist-Ingentobak.355	1-ADP|Under|5|MD	1
Romn_Lundqvist-Ingentobak.356	10-ADP|av|9|AG	1
Romn_Lundqvist-Ingentobak.356	8-SCONJ|som|7|MD	1
Romn_Lundqvist-Ingentobak.356	22-ADP|utför|21|RA	1
Romn_Lundqvist-Ingentobak.356	27-ADP|över|21|RA	1
Romn_Lundqvist-Ingentobak.356	20-SCONJ|som|19|MD	1
Romn_Lundqvist-Ingentobak.356	16-ADP|till|15|OA	1
Romn_Lundqvist-Ingentobak.356	2-AUX|är|0|-- 3-SCONJ|som|2|SP 4-SCONJ|om|3|OO	3
Romn_Lundqvist-Ingentobak.358	11-SCONJ|som|10|MD	1
Romn_Lundqvist-Ingentobak.358	8-ADP|i|7|MD	1
Romn_Lundqvist-Ingentobak.358	5-ADP|på|4|RA	1
Romn_Lundqvist-Ingentobak.358	2-SCONJ|som|1|MD	1
Romn_Lundqvist-Ingentobak.358	15-ADP|genom|14|MD	1
Romn_Lundqvist-Ingentobak.358	22-ADP|av|21|OA	1
Romn_Lundqvist-Ingentobak.359	7-ADP|av|6|AG	1
Romn_Lundqvist-Ingentobak.359	18-ADP|i|16|MD	1
Romn_Lundqvist-Ingentobak.359	22-ADP|vid|15|MD	1
Romn_Lundqvist-Ingentobak.360	8-SCONJ|som|7|MD	1
Romn_Lundqvist-Ingentobak.360	2-AUX|måste|0|-- 3-AUX|vara|2|IV	2
Romn_Lundqvist-Ingentobak.361	6-ADP|till|5|RA	1
Romn_Lundqvist-Ingentobak.361	2-AUX|kan|0|--	1
Romn_Lundqvist-Ingentobak.362	3-ADP|på|2|MD	1
Romn_Lundqvist-Ingentobak.362	13-ADP|för|12|MD	1
Romn_Lundqvist-Ingentobak.362	11-ADP|om|10|MD	1
Romn_Lundqvist-Ingentobak.362	6-AUX|vill|2|conj	1
Romn_Lundqvist-Ingentobak.363	7-ADP|inpå|2|RA	1
Romn_Lundqvist-Ingentobak.364	5-ADP|genom|2|RA	1
Romn_Lundqvist-Ingentobak.365	16-ADP|under|15|RA	1
Romn_Lundqvist-Ingentobak.365	12-ADP|för|6|MD 13-SCONJ|att|12|OO	2
Romn_Lundqvist-Ingentobak.365	1-AUX|Får|0|--	1
Romn_Lundqvist-Ingentobak.368	1-SCONJ|Sen|6|MD	1
Romn_Lundqvist-Ingentobak.368	8-ADP|på|6|MD	1
Romn_Lundqvist-Ingentobak.368	22-ADP|genom|19|MD	1
Romn_Lundqvist-Ingentobak.368	16-SCONJ|att|15|OO 18-AUX|kan|16|OO	2
Romn_Lundqvist-Ingentobak.369	3-ADP|för|2|MD	1
Romn_Lundqvist-Ingentobak.369	5-AUX|har|0|--	1
Romn_Lundqvist-Ingentobak.371	4-ADP|i|3|RA	1
Romn_Lundqvist-Ingentobak.371	2-SCONJ|som|1|MD	1
Romn_Lundqvist-Ingentobak.373	6-ADP|till|4|OA	1
Romn_Lundqvist-Ingentobak.373	2-SCONJ|som|1|MD	1
Romn_Lundqvist-Ingentobak.374	3-ADP|med|2|MD	1
Romn_Lundqvist-Ingentobak.374	7-ADP|över|2|RA	1
Romn_Lundqvist-Ingentobak.375	6-ADP|på|1|RA	1
Romn_Lundqvist-Ingentobak.376	5-ADP|ur|3|RA	1
Romn_Lundqvist-Ingentobak.378	11-ADP|i|9|RA	1
Romn_Lundqvist-Ingentobak.378	13-ADP|för|9|MD 14-PART|att|13|OO	2
Romn_Lundqvist-Ingentobak.378	2-AUX|har|0|--	1
Romn_Lundqvist-Ingentobak.379	4-ADP|med|2|MD	1
Romn_Lundqvist-Ingentobak.379	8-ADP|på|7|MD	1
Romn_Lundqvist-Ingentobak.381	7-ADP|i|5|RA	1
Romn_Lundqvist-Ingentobak.381	3-AUX|har|0|--	1
Romn_Lundqvist-Ingentobak.382	13-ADP|om|12|MD	1
Romn_Lundqvist-Ingentobak.382	10-ADP|på|7|RA	1
Romn_Lundqvist-Ingentobak.382	21-ADP|mot|19|RA	1
Romn_Lundqvist-Ingentobak.385	19-PART|att|18|IV	1
Romn_Lundqvist-Ingentobak.387	5-ADP|om|2|RA	1
Romn_Lundqvist-Ingentobak.389	6-ADP|på|2|OA	1
Romn_Lundqvist-Ingentobak.391	2-AUX|Vill|0|--	1
Romn_Lundqvist-Ingentobak.392	1-AUX|Vill|0|--	1
Romn_Lundqvist-Ingentobak.393	1-AUX|Måste|0|--	1
Romn_Lundqvist-Ingentobak.396	2-AUX|kan|0|--	1
Romn_Lundqvist-Ingentobak.397	2-AUX|får|0|--	1
Romn_Lundqvist-Ingentobak.398	2-AUX|kan|0|--	1
Romn_Lundqvist-Ingentobak.400	4-ADP|i|2|RA	1
Romn_Lundqvist-Ingentobak.401	6-ADP|över|4|MD	1
Romn_Lundqvist-Ingentobak.401	8-ADP|med|4|MD	1
Romn_Lundqvist-Ingentobak.401	1-ADP|Under|10|MD	1
Romn_Lundqvist-Ingentobak.401	13-ADP|över|10|MD	1
Romn_Lundqvist-Ingentobak.402	2-SCONJ|allteftersom|8|MD	1
Romn_Lundqvist-Ingentobak.404	7-ADP|i|5|OA	1
Romn_Lundqvist-Ingentobak.404	2-AUX|kan|0|--	1
Romn_Lundqvist-Ingentobak.405	6-ADP|om|4|OA	1
Romn_Lundqvist-Ingentobak.405	2-AUX|måste|0|--	1
Romn_Lundqvist-Ingentobak.406	4-ADP|med|7|MD	1
Romn_Lundqvist-Ingentobak.406	1-AUX|Få|0|-- 3-SCONJ|att|1|IV	2
Romn_Lundqvist-Ingentobak.407	7-ADP|på|6|MD	1
Romn_Lundqvist-Ingentobak.407	2-AUX|måste|0|--	1
Romn_Lundqvist-Ingentobak.409	1-ADP|Om|5|MD	1
Romn_Lundqvist-Ingentobak.409	8-ADP|på|5|MD	1
Romn_Lundqvist-Ingentobak.409	10-ADP|på|5|RA	1
Romn_Lundqvist-Ingentobak.410	16-ADP|på|15|MD	1
Romn_Lundqvist-Ingentobak.410	20-ADP|i|19|MD	1
Romn_Lundqvist-Ingentobak.410	1-ADP|Med|0|--	1
Romn_Lundqvist-Ingentobak.412	10-DET|den|12|DT	1
Romn_Lundqvist-Ingentobak.412	21-ADP|med|20|MD	1
Romn_Lundqvist-Ingentobak.412	19-AUX|ska|17|OO	1
Romn_Lundqvist-Ingentobak.412	6-AUX|kan|0|-- 14-AUX|får|6|parataxis	2
Romn_Lundqvist-Ingentobak.415	5-AUX|är|2|OO	1
Romn_Lundqvist-Ingentobak.416	4-AUX|skulle|2|OO	1
Romn_Lundqvist-Ingentobak.416	12-ADP|genom|11|MD	1
Romn_Lundqvist-Ingentobak.416	14-ADP|på|11|MD	1
Romn_Lundqvist-Ingentobak.416	19-ADP|i|18|RA	1
Romn_Lundqvist-Ingentobak.416	16-SCONJ|då|11|MD	1
Romn_Lundqvist-Ingentobak.417	3-SCONJ|som|2|MD	1
Romn_Lundqvist-Ingentobak.417	6-AUX|är|0|--	1
Romn_Lundqvist-Ingentobak.418	4-AUX|skulle|0|--	1
Romn_Lundqvist-Ingentobak.422	9-ADP|åt|6|MD	1
Romn_Lundqvist-Ingentobak.422	12-AUX|kan|6|parataxis	1
Romn_Lundqvist-Ingentobak.425	5-ADP|på|2|MD	1
Romn_Lundqvist-Ingentobak.426	9-ADP|i|8|RA	1
Romn_Lundqvist-Ingentobak.426	7-SCONJ|som|6|MD	1
Romn_Lundqvist-Ingentobak.426	5-ADP|i|4|RA	1
Romn_Bjelvehammar-TageBengtsson.4	8-ADP|utan|7|MD	1
Romn_Bjelvehammar-TageBengtsson.4	11-ADP|på|14|RA	1
Romn_Bjelvehammar-TageBengtsson.4	19-ADP|efter|17|MD	1
Romn_Bjelvehammar-TageBengtsson.5	4-ADP|till|3|MD	1
Romn_Bjelvehammar-TageBengtsson.5	2-AUX|är|0|--	1
Romn_Bjelvehammar-TageBengtsson.6	2-AUX|är|18|parataxis	1
Romn_Bjelvehammar-TageBengtsson.6	27-ADP|utan|26|MD	1
Romn_Bjelvehammar-TageBengtsson.6	21-ADP|om|18|MD	1
Romn_Bjelvehammar-TageBengtsson.8	6-ADP|av|5|MD	1
Romn_Bjelvehammar-TageBengtsson.8	3-ADP|med|2|OA	1
Romn_Bjelvehammar-TageBengtsson.9	4-AUX|kan|1|MD 6-ADP|med|4|MD	2
Romn_Bjelvehammar-TageBengtsson.9	13-ADP|genom|11|MD	1
Romn_Bjelvehammar-TageBengtsson.10	10-ADP|från|8|MD	1
Romn_Bjelvehammar-TageBengtsson.10	18-ADP|av|17|MD	1
Romn_Bjelvehammar-TageBengtsson.10	14-ADP|till|8|MD	1
Romn_Bjelvehammar-TageBengtsson.10	7-ADP|av|6|MD	1
Romn_Bjelvehammar-TageBengtsson.10	26-ADP|i|25|MD	1
Romn_Bjelvehammar-TageBengtsson.10	22-SCONJ|ävensom|6|AN	1
Romn_Bjelvehammar-TageBengtsson.10	4-ADP|om|2|OA	1
Romn_Bjelvehammar-TageBengtsson.11	8-ADP|på|7|MD	1
Romn_Bjelvehammar-TageBengtsson.11	5-ADP|med|3|OA	1
Romn_Bjelvehammar-TageBengtsson.12	13-ADP|med|12|MD	1
Romn_Bjelvehammar-TageBengtsson.14	15-ADP|av|14|MD	1
Romn_Bjelvehammar-TageBengtsson.14	8-ADP|för|7|OA	1
Romn_Bjelvehammar-TageBengtsson.15	2-AUX|är|0|-- 3-ADP|för|2|MD 4-PART|att|3|OO	3
Romn_Bjelvehammar-TageBengtsson.15	15-ADP|i|14|MD	1
Romn_Bjelvehammar-TageBengtsson.15	24-ADP|efter|14|MD	1
Romn_Bjelvehammar-TageBengtsson.16	1-ADP|På|8|OA	1
Romn_Bjelvehammar-TageBengtsson.16	10-ADP|av|12|OA	1
Romn_Bjelvehammar-TageBengtsson.16	4-AUX|är|0|--	1
Romn_Bjelvehammar-TageBengtsson.17	1-ADP|I|4|MD	1
Romn_Bjelvehammar-TageBengtsson.17	11-SCONJ|som|7|MD 15-AUX|kan|11|OO 12-ADP|i|15|MD	3
Romn_Bjelvehammar-TageBengtsson.17	21-ADP|av|20|MD	1
Romn_Bjelvehammar-TageBengtsson.18	11-ADP|på|10|RA	1
Romn_Bjelvehammar-TageBengtsson.18	13-SCONJ|som|10|MD	1
Romn_Bjelvehammar-TageBengtsson.18	5-SCONJ|som|4|MD	1
Romn_Bjelvehammar-TageBengtsson.18	2-AUX|är|0|--	1
Romn_Bjelvehammar-TageBengtsson.20	5-ADP|med|3|OA	1
Romn_Bjelvehammar-TageBengtsson.20	20-ADP|med|17|MD	1
Romn_Bjelvehammar-TageBengtsson.20	14-ADP|av|13|AG	1
Romn_Bjelvehammar-TageBengtsson.20	7-ADP|efter|3|MD 8-SCONJ|att|7|OO 11-AUX|ha|8|OO 12-AUX|blivit|11|IV	4
Romn_Bjelvehammar-TageBengtsson.22	1-ADP|Under|4|MD	1
Romn_Bjelvehammar-TageBengtsson.22	7-ADP|med|6|MD	1
Romn_Bjelvehammar-TageBengtsson.24	8-AUX|blev|2|conj	1
Romn_Bjelvehammar-TageBengtsson.25	2-ADP|för|1|MD	1
Romn_Bjelvehammar-TageBengtsson.25	6-ADP|på|5|MD	1
Romn_Bjelvehammar-TageBengtsson.25	10-ADP|med|9|MD	1
Romn_Bjelvehammar-TageBengtsson.25	8-ADP|efter|5|MD	1
Romn_Bjelvehammar-TageBengtsson.26	4-ADP|till|3|OA	1
Romn_Bjelvehammar-TageBengtsson.26	2-AUX|blev|0|--	1
Romn_Bjelvehammar-TageBengtsson.28	17-ADP|i|15|RA	1
Romn_Bjelvehammar-TageBengtsson.28	4-AUX|är|0|--	1
Romn_Bjelvehammar-TageBengtsson.29	9-ADP|efter|8|MD	1
Romn_Bjelvehammar-TageBengtsson.31	7-AUX|är|0|-- 8-SCONJ|som|7|SP	2
Romn_Bjelvehammar-TageBengtsson.32	10-ADP|för|7|OA	1
Romn_Bjelvehammar-TageBengtsson.32	1-ADP|Utan|0|--	1
Romn_Bjelvehammar-TageBengtsson.33	13-ADP|med|12|MD	1
Romn_Bjelvehammar-TageBengtsson.33	23-ADP|till|22|MD	1
Romn_Bjelvehammar-TageBengtsson.33	30-ADP|till|29|MD	1
Romn_Bjelvehammar-TageBengtsson.33	18-AUX|kan|17|OO	1
Romn_Bjelvehammar-TageBengtsson.33	7-SCONJ|som|5|MD	1
Romn_Bjelvehammar-TageBengtsson.34	7-ADP|till|6|RA	1
Romn_Bjelvehammar-TageBengtsson.34	2-AUX|är|0|-- 5-SCONJ|som|2|EF	2
Romn_Bjelvehammar-TageBengtsson.35	7-ADP|över|5|OA	1
Romn_Bjelvehammar-TageBengtsson.35	23-ADP|om|22|OA	1
Romn_Bjelvehammar-TageBengtsson.37	4-ADP|till|2|RA	1
Romn_Bjelvehammar-TageBengtsson.37	7-AUX|får|2|conj 9-ADP|utan|7|MD	2
Romn_Bjelvehammar-TageBengtsson.38	11-ADP|på|10|MD	1
Romn_Bjelvehammar-TageBengtsson.39	2-AUX|är|0|-- 11-AUX|är|2|AN	2
Romn_Bjelvehammar-TageBengtsson.39	27-ADP|om|25|OA	1
Romn_Bjelvehammar-TageBengtsson.39	29-ADP|på|25|MD	1
Romn_Bjelvehammar-TageBengtsson.39	18-SCONJ|om|15|MD 21-AUX|kan|18|OO	2
Romn_Bjelvehammar-TageBengtsson.39	2-AUX|är|0|-- 11-AUX|är|2|AN 14-PART|att|2|ES	3
Romn_Bjelvehammar-TageBengtsson.41	4-ADP|i|3|MD	1
Romn_Bjelvehammar-TageBengtsson.41	7-ADP|till|3|RA	1
Romn_Bjelvehammar-TageBengtsson.41	11-ADP|för|3|MD 12-PART|att|11|OO	2
Romn_Bjelvehammar-TageBengtsson.42	7-ADP|av|3|MD	1
Romn_Bjelvehammar-TageBengtsson.44	15-SCONJ|som|12|JF	1
Romn_Bjelvehammar-TageBengtsson.44	10-ADP|till|8|MD	1
Romn_Bjelvehammar-TageBengtsson.44	23-SCONJ|som|22|MD	1
Romn_Bjelvehammar-TageBengtsson.44	19-ADP|till|18|MD	1
Romn_Bjelvehammar-TageBengtsson.44	2-AUX|ska|0|--	1
Romn_Bjelvehammar-TageBengtsson.45	5-ADP|i|2|MD	1
Romn_Bjelvehammar-TageBengtsson.45	15-ADP|i|14|OA	1
Romn_Bjelvehammar-TageBengtsson.45	12-SCONJ|som|10|EF 13-AUX|är|12|OO	2
Romn_Bjelvehammar-TageBengtsson.46	16-SCONJ|som|15|MD	1
Romn_Bjelvehammar-TageBengtsson.47	9-SCONJ|som|8|MD	1
Romn_Bjelvehammar-TageBengtsson.47	7-ADP|mot|6|OA	1
Romn_Bjelvehammar-TageBengtsson.47	3-AUX|är|0|--	1
Romn_Bjelvehammar-TageBengtsson.49	16-ADP|för|14|OA 17-PART|att|16|OO	2
Romn_Bjelvehammar-TageBengtsson.49	12-SCONJ|att|11|OO	1
Romn_Bjelvehammar-TageBengtsson.49	6-SCONJ|som|5|MD	1
Romn_Bjelvehammar-TageBengtsson.50	26-ADP|av|25|MD	1
Romn_Bjelvehammar-TageBengtsson.50	20-SCONJ|tills|18|MD 22-AUX|är|20|OO	2
Romn_Bjelvehammar-TageBengtsson.51	1-ADP|Efter|4|MD	1
Romn_Bjelvehammar-TageBengtsson.51	11-ADP|på|9|MD	1
Romn_Bjelvehammar-TageBengtsson.51	17-ADP|av|16|MD	1
Romn_Bjelvehammar-TageBengtsson.51	15-ADP|med|9|MD	1
Romn_Bjelvehammar-TageBengtsson.52	15-ADP|över|13|RA	1
Romn_Bjelvehammar-TageBengtsson.53	4-SCONJ|som|2|OO	1
Romn_Bjelvehammar-TageBengtsson.54	8-ADP|till|7|MD	1
Romn_Bjelvehammar-TageBengtsson.54	16-ADP|med|14|OA	1
Romn_Bjelvehammar-TageBengtsson.54	13-AUX|vill|5|parataxis	1
Romn_Bjelvehammar-TageBengtsson.54	23-PART|att|22|OO	1
Romn_Bjelvehammar-TageBengtsson.54	29-ADP|till|28|RA	1
Romn_Bjelvehammar-TageBengtsson.54	31-ADP|i|28|MD	1
Romn_Bjelvehammar-TageBengtsson.54	37-AUX|få|28|conj 35-ADP|vid|37|MD	2
Romn_Bjelvehammar-TageBengtsson.54	20-AUX|kan|5|parataxis 21-AUX|vara|20|IV 25-SCONJ|att|21|ES 27-AUX|kan|25|OO	4
Romn_Bjelvehammar-TageBengtsson.56	16-ADP|från|15|OA	1
Romn_Bjelvehammar-TageBengtsson.57	4-SCONJ|som|3|MD	1
Romn_Bjelvehammar-TageBengtsson.57	2-AUX|är|0|--	1
Romn_Bjelvehammar-TageBengtsson.58	6-ADP|i|5|MD	1
Romn_Bjelvehammar-TageBengtsson.58	4-ADP|för|3|OA	1
Romn_Bjelvehammar-TageBengtsson.58	15-AUX|ska|13|OO	1
Romn_Bjelvehammar-TageBengtsson.58	2-AUX|är|0|-- 8-PART|att|2|ES	2
Romn_Bjelvehammar-TageBengtsson.58	2-AUX|är|0|-- 8-PART|att|2|ES 22-AUX|kan|2|parataxis	3
Romn_Bjelvehammar-TageBengtsson.59	9-SCONJ|som|8|MD	1
Romn_Bjelvehammar-TageBengtsson.59	19-ADP|för|18|MD	1
Romn_Bjelvehammar-TageBengtsson.59	17-ADP|till|16|MD	1
Romn_Bjelvehammar-TageBengtsson.60	1-ADP|På|4|MD	1
Romn_Bjelvehammar-TageBengtsson.60	16-SCONJ|som|14|MD	1
Romn_Bjelvehammar-TageBengtsson.60	13-ADP|för|12|OA	1
Romn_Bjelvehammar-TageBengtsson.60	11-AUX|är|4|parataxis	1
Romn_Bjelvehammar-TageBengtsson.61	15-ADP|till|13|RA	1
Romn_Bjelvehammar-TageBengtsson.61	26-ADP|till|25|MD	1
Romn_Bjelvehammar-TageBengtsson.61	23-ADP|med|22|MD	1
Romn_Bjelvehammar-TageBengtsson.61	21-ADP|i|20|RA	1
Romn_Bjelvehammar-TageBengtsson.62	5-SCONJ|som|4|MD 8-AUX|har|5|OO	2
Romn_Bjelvehammar-TageBengtsson.62	2-AUX|är|0|--	1
Romn_Bjelvehammar-TageBengtsson.63	3-ADP|på|2|OA 4-SCONJ|att|3|OO 6-AUX|vill|4|OO	3
Romn_Bjelvehammar-TageBengtsson.63	16-PART|att|14|ES	1
Romn_Bjelvehammar-TageBengtsson.63	22-AUX|måste|0|--	1
Romn_Bjelvehammar-TageBengtsson.64	2-ADP|för|1|OA	1
Romn_Bjelvehammar-TageBengtsson.64	7-ADP|för|6|OA	1
Romn_Bjelvehammar-TageBengtsson.65	11-ADP|på|9|MD	1
Romn_Bjelvehammar-TageBengtsson.65	13-ADP|under|9|MD	1
Romn_Bjelvehammar-TageBengtsson.65	19-ADP|i|18|MD	1
Romn_Bjelvehammar-TageBengtsson.65	16-AUX|är|4|conj 17-PART|att|16|SP	2
Romn_Bjelvehammar-TageBengtsson.67	11-ADP|på|10|MD	1
Romn_Bjelvehammar-TageBengtsson.67	19-ADP|av|18|MD	1
Romn_Bjelvehammar-TageBengtsson.67	24-ADP|med|16|MD	1
Romn_Bjelvehammar-TageBengtsson.67	30-ADP|i|27|MD	1
Romn_Bjelvehammar-TageBengtsson.67	41-ADP|med|38|MD	1
Romn_Bjelvehammar-TageBengtsson.68	4-ADP|över|3|RA	1
Romn_Bjelvehammar-TageBengtsson.68	2-SCONJ|som|1|MD	1
Romn_Bjelvehammar-TageBengtsson.68	7-AUX|är|0|--	1
Romn_Bjelvehammar-TageBengtsson.69	3-AUX|är|1|OO	1
Romn_Bjelvehammar-TageBengtsson.69	7-AUX|är|0|--	1
Romn_Bjelvehammar-TageBengtsson.70	2-AUX|är|0|--	1
Romn_Bjelvehammar-TageBengtsson.71	13-ADP|på|12|MD	1
Romn_Bjelvehammar-TageBengtsson.71	11-SCONJ|än|10|JF	1
Romn_Bjelvehammar-TageBengtsson.71	21-ADP|om|20|OA	1
Romn_Bjelvehammar-TageBengtsson.71	30-SCONJ|som|27|OA	1
Romn_Bjelvehammar-TageBengtsson.71	8-AUX|är|0|--	1
Romn_Bjelvehammar-TageBengtsson.73	1-ADP|Efter|3|MD	1
Romn_Bjelvehammar-TageBengtsson.73	8-ADP|av|3|AG	1
Romn_Bjelvehammar-TageBengtsson.73	20-ADP|på|19|MD	1
Romn_Bjelvehammar-TageBengtsson.73	17-ADP|av|16|MD	1
Romn_Bjelvehammar-TageBengtsson.74	3-SCONJ|som|2|MD	1
Romn_Bjelvehammar-TageBengtsson.74	12-ADP|till|11|MD 13-PART|att|12|OO	2
Romn_Bjelvehammar-TageBengtsson.74	20-ADP|vid|11|MD	1
Romn_Bjelvehammar-TageBengtsson.74	10-SCONJ|som|8|MD	1
Romn_Bjelvehammar-TageBengtsson.74	5-AUX|är|0|--	1
Romn_Bjelvehammar-TageBengtsson.75	14-ADP|av|13|MD	1
Romn_Bjelvehammar-TageBengtsson.75	7-ADP|med|6|MD	1
Romn_Bjelvehammar-TageBengtsson.77	29-ADP|från|28|MD	1
Romn_Bjelvehammar-TageBengtsson.77	5-ADP|utan|4|OA	1
Romn_Bjelvehammar-TageBengtsson.78	7-ADP|vid|6|MD	1
Romn_Bjelvehammar-TageBengtsson.78	10-ADP|med|5|OA	1
Romn_Bjelvehammar-TageBengtsson.79	3-AUX|har|0|--	1
Romn_Bjelvehammar-TageBengtsson.80	12-ADP|av|11|MD	1
Romn_Bjelvehammar-TageBengtsson.81	3-ADP|för|2|MD	1
Romn_Bjelvehammar-TageBengtsson.81	11-SCONJ|som|10|MD	1
Romn_Bjelvehammar-TageBengtsson.82	4-ADP|för|3|OA	1
Romn_Bjelvehammar-TageBengtsson.82	12-ADP|på|11|OA	1
Romn_Bjelvehammar-TageBengtsson.82	2-AUX|är|0|-- 9-AUX|har|2|parataxis	2
Romn_Bjelvehammar-TageBengtsson.83	6-ADP|med|2|MD	1
Romn_Bjelvehammar-TageBengtsson.83	23-ADP|efter|22|MD	1
Romn_Bjelvehammar-TageBengtsson.84	8-ADP|på|7|RA	1
Romn_Bjelvehammar-TageBengtsson.84	5-SCONJ|som|4|MD 6-AUX|är|5|OO	2
Romn_Bjelvehammar-TageBengtsson.84	10-SCONJ|som|4|JF	1
Romn_Bjelvehammar-TageBengtsson.84	24-ADP|i|23|MD	1
Romn_Bjelvehammar-TageBengtsson.84	18-ADP|för|2|MD 19-PART|att|18|OO	2
Romn_Bjelvehammar-TageBengtsson.86	12-ADP|före|8|MD	1
Romn_Bjelvehammar-TageBengtsson.87	3-ADP|med|2|MD	1
Romn_Bjelvehammar-TageBengtsson.88	11-ADP|till|10|MD	1
Romn_Bjelvehammar-TageBengtsson.88	9-ADP|på|8|MD	1
Romn_Bjelvehammar-TageBengtsson.88	6-SCONJ|som|3|MD	1
Romn_Bjelvehammar-TageBengtsson.88	18-ADP|över|16|RA	1
Romn_Bjelvehammar-TageBengtsson.89	6-ADP|med|5|OA	1
Romn_Bjelvehammar-TageBengtsson.89	14-SCONJ|som|11|MD	1
Romn_Bjelvehammar-TageBengtsson.89	3-AUX|är|0|-- 18-AUX|är|3|parataxis 22-SCONJ|om|18|MD	3
Romn_Bjelvehammar-TageBengtsson.90	10-ADP|med|9|MD	1
Romn_Bjelvehammar-TageBengtsson.90	7-ADP|för|2|MD 8-PART|att|7|OO	2
Romn_Bjelvehammar-TageBengtsson.90	15-ADP|i|14|OA 20-ADP|i|15|AN	2
Romn_Bjelvehammar-TageBengtsson.91	6-ADP|bland|5|MD	1
Romn_Bjelvehammar-TageBengtsson.91	14-ADP|om|13|MD	1
Romn_Bjelvehammar-TageBengtsson.92	2-SCONJ|som|1|MD	1
Romn_Bjelvehammar-TageBengtsson.92	14-ADP|i|13|MD	1
Romn_Bjelvehammar-TageBengtsson.92	7-AUX|är|0|--	1
Romn_Bjelvehammar-TageBengtsson.93	2-SCONJ|som|1|MD	1
Romn_Bjelvehammar-TageBengtsson.93	8-AUX|är|0|--	1
Romn_Bjelvehammar-TageBengtsson.94	9-ADP|från|8|MD	1
Romn_Bjelvehammar-TageBengtsson.95	2-AUX|är|0|--	1
Romn_Bjelvehammar-TageBengtsson.96	7-ADP|kring|6|MD	1
Romn_Bjelvehammar-TageBengtsson.96	24-SCONJ|som|23|JF	1
Romn_Bjelvehammar-TageBengtsson.96	2-AUX|får|0|--	1
Romn_Bjelvehammar-TageBengtsson.98	7-ADP|i|6|MD	1
Romn_Bjelvehammar-TageBengtsson.98	13-ADP|med|12|MD	1
Romn_Bjelvehammar-TageBengtsson.98	10-SCONJ|som|6|MD	1
Romn_Bjelvehammar-TageBengtsson.98	4-AUX|är|0|--	1
Romn_Bjelvehammar-TageBengtsson.99	5-ADP|genom|4|RA	1
Romn_Bjelvehammar-TageBengtsson.99	13-ADP|i|10|RA	1
Romn_Bjelvehammar-TageBengtsson.100	6-ADP|mot|3|RA	1
Romn_Bjelvehammar-TageBengtsson.100	10-SCONJ|om|3|MD	1
Romn_Bjelvehammar-TageBengtsson.100	18-ADP|av|17|AG	1
Romn_Bjelvehammar-TageBengtsson.101	4-ADP|efter|2|MD	1
Romn_Bjelvehammar-TageBengtsson.101	13-ADP|av|12|MD	1
Romn_Bjelvehammar-TageBengtsson.101	10-SCONJ|som|8|MD	1
Romn_Bjelvehammar-TageBengtsson.103	3-PART|att|2|ES	1
Romn_Bjelvehammar-TageBengtsson.103	17-SCONJ|som|16|JF	1
Romn_Bjelvehammar-TageBengtsson.103	27-ADP|på|16|MD	1
Romn_Bjelvehammar-TageBengtsson.103	14-ADP|mot|13|MD	1
Romn_Bjelvehammar-TageBengtsson.103	11-SCONJ|som|8|MD	1
Romn_Bjelvehammar-TageBengtsson.103	5-SCONJ|att|2|OO	1
Romn_Bjelvehammar-TageBengtsson.104	17-ADP|från|16|MD	1
Romn_Bjelvehammar-TageBengtsson.104	8-ADP|på|7|OA	1
Romn_Bjelvehammar-TageBengtsson.104	2-AUX|är|0|--	1
Romn_Bjelvehammar-TageBengtsson.105	5-ADP|i|2|OA	1
Romn_Bjelvehammar-TageBengtsson.105	13-ADP|under|12|MD	1
Romn_Bjelvehammar-TageBengtsson.105	11-PART|att|10|MD	1
Romn_Bjelvehammar-TageBengtsson.105	7-PART|att|2|OO	1
Romn_Bjelvehammar-TageBengtsson.106	6-ADP|utan|5|MD	1
Romn_Bjelvehammar-TageBengtsson.106	3-AUX|kan|0|--	1
Romn_Bjelvehammar-TageBengtsson.107	5-ADP|med|4|MD	1
Romn_Bjelvehammar-TageBengtsson.108	11-ADP|om|9|OA	1
Romn_Bjelvehammar-TageBengtsson.109	1-ADP|Vid|12|DF	1
Romn_Bjelvehammar-TageBengtsson.109	26-ADP|med|12|MD	1
Romn_Bjelvehammar-TageBengtsson.110	2-AUX|är|0|-- 3-SCONJ|som|2|SP	2
Romn_Bjelvehammar-TageBengtsson.111	4-ADP|i|3|RA	1
Romn_Bjelvehammar-TageBengtsson.111	1-SCONJ|Om|6|MD	1
Romn_Bjelvehammar-TageBengtsson.112	5-ADP|på|4|OA	1
Romn_Bjelvehammar-TageBengtsson.112	9-ADP|före|4|MD	1
Romn_Bjelvehammar-TageBengtsson.112	2-AUX|vill|0|--	1
Romn_Bjelvehammar-TageBengtsson.113	3-SCONJ|att|2|OO 5-AUX|är|3|OO	2
Romn_Bjelvehammar-TageBengtsson.114	6-ADP|av|4|OA	1
Romn_Bjelvehammar-TageBengtsson.115	4-SCONJ|som|2|JF	1
Romn_Bjelvehammar-TageBengtsson.115	9-AUX|är|2|parataxis	1
Romn_Bjelvehammar-TageBengtsson.116	4-AUX|är|0|-- 1-ADP|Om|4|MD	2
Romn_Bjelvehammar-TageBengtsson.118	6-ADP|till|5|MD	1
Romn_Bjelvehammar-TageBengtsson.118	17-ADP|efter|16|MD	1
Romn_Bjelvehammar-TageBengtsson.118	12-ADP|på|10|OA	1
Romn_Bjelvehammar-TageBengtsson.119	6-AUX|får|0|--	1
Romn_Bjelvehammar-TageBengtsson.120	2-AUX|är|0|--	1
Romn_Bjelvehammar-TageBengtsson.122	3-AUX|är|0|--	1
Romn_Bjelvehammar-TageBengtsson.123	20-ADP|i|19|MD	1
Romn_Bjelvehammar-TageBengtsson.123	12-ADP|med|11|MD	1
Romn_Bjelvehammar-TageBengtsson.123	6-ADP|av|3|AG	1
Romn_Bjelvehammar-TageBengtsson.123	2-AUX|har|0|--	1
Romn_Bjelvehammar-TageBengtsson.124	25-ADP|mellan|23|RA	1
Romn_Bjelvehammar-TageBengtsson.124	22-SCONJ|som|21|MD	1
Romn_Bjelvehammar-TageBengtsson.124	20-ADP|på|18|RA	1
Romn_Bjelvehammar-TageBengtsson.124	9-AUX|kan|4|parataxis	1
Romn_Bjelvehammar-TageBengtsson.125	5-ADP|i|2|MD	1
Romn_Bjelvehammar-TageBengtsson.125	16-ADP|på|15|OA	1
Romn_Bjelvehammar-TageBengtsson.125	21-ADP|mellan|19|MD	1
Romn_Bjelvehammar-TageBengtsson.125	26-ADP|mot|25|RA	1
Romn_Bjelvehammar-TageBengtsson.125	10-AUX|kunde|2|parataxis	1
Romn_Bjelvehammar-TageBengtsson.126	2-AUX|kunde|0|--	1
Romn_Bjelvehammar-TageBengtsson.127	6-SCONJ|som|5|MD	1
Romn_Bjelvehammar-TageBengtsson.128	10-ADP|med|9|MD	1
Romn_Bjelvehammar-TageBengtsson.128	5-ADP|på|4|MD	1
Romn_Bjelvehammar-TageBengtsson.128	21-ADP|av|20|OA	1
Romn_Bjelvehammar-TageBengtsson.129	17-ADP|mot|16|MD	1
Romn_Bjelvehammar-TageBengtsson.129	15-ADP|i|14|MD	1
Romn_Bjelvehammar-TageBengtsson.129	13-ADP|i|12|MD	1
Romn_Bjelvehammar-TageBengtsson.129	29-ADP|på|28|MD	1
Romn_Bjelvehammar-TageBengtsson.129	7-ADP|framför|5|MD	1
Romn_Bjelvehammar-TageBengtsson.130	2-ADP|av|5|MD	1
Romn_Bjelvehammar-TageBengtsson.130	17-ADP|på|16|MD	1
Romn_Bjelvehammar-TageBengtsson.130	7-ADP|på|5|MD	1
Romn_Bjelvehammar-TageBengtsson.132	6-ADP|från|5|MD	1
Romn_Bjelvehammar-TageBengtsson.132	24-ADP|på|23|MD	1
Romn_Bjelvehammar-TageBengtsson.132	27-ADP|under|23|MD	1
Romn_Bjelvehammar-TageBengtsson.132	3-AUX|kan|0|-- 11-AUX|kan|3|parataxis 20-SCONJ|om|11|MD	3
Romn_Bjelvehammar-TageBengtsson.133	5-ADP|med|2|RA	1
Romn_Bjelvehammar-TageBengtsson.133	14-ADP|på|13|MD	1
Romn_Bjelvehammar-TageBengtsson.133	10-SCONJ|som|2|JF	1
Romn_Bjelvehammar-TageBengtsson.133	29-SCONJ|som|27|MD 32-AUX|har|29|OO	2
Romn_Bjelvehammar-TageBengtsson.133	22-ADP|i|20|RA	1
Romn_Bjelvehammar-TageBengtsson.134	23-ADP|till|22|OA	1
Romn_Bjelvehammar-TageBengtsson.134	20-SCONJ|som|19|MD	1
Romn_Bjelvehammar-TageBengtsson.134	15-ADP|med|14|OA	1
Romn_Bjelvehammar-TageBengtsson.134	12-AUX|ville|2|parataxis 13-AUX|vara|12|IV	2
Romn_Bjelvehammar-TageBengtsson.135	2-AUX|är|0|-- 6-SCONJ|att|2|ES 9-AUX|var|6|OO	3
Romn_Bjelvehammar-TageBengtsson.136	4-ADP|för|3|OA	1
Romn_Bjelvehammar-TageBengtsson.136	13-ADP|under|12|OA	1
Romn_Bjelvehammar-TageBengtsson.136	2-AUX|är|0|-- 7-SCONJ|att|2|ES 9-AUX|vara|7|OO	3
Romn_Bjelvehammar-TageBengtsson.137	7-ADP|i|6|OA	1
Romn_Bjelvehammar-TageBengtsson.137	4-SCONJ|att|3|OO	1
Romn_Bjelvehammar-TageBengtsson.138	10-ADP|åt|9|MD	1
Romn_Bjelvehammar-TageBengtsson.138	7-SCONJ|som|6|MD	1
Romn_Bjelvehammar-TageBengtsson.138	2-AUX|var|0|-- 4-ADP|under|2|SP	2
Romn_Bjelvehammar-TageBengtsson.138	2-AUX|var|0|-- 4-ADP|under|2|SP 12-SCONJ|som|2|EF	3
Romn_Bjelvehammar-TageBengtsson.138	20-ADP|för|18|MD 21-PART|att|20|OO	2
Romn_Bjelvehammar-TageBengtsson.139	6-ADP|hos|5|OA	1
Romn_Bjelvehammar-TageBengtsson.139	3-AUX|var|0|--	1
Romn_Bjelvehammar-TageBengtsson.141	2-AUX|hade|32|parataxis	1
Romn_Bjelvehammar-TageBengtsson.141	33-ADP|i|32|MD	1
Romn_Bjelvehammar-TageBengtsson.142	9-SCONJ|att|8|OO 11-AUX|har|9|OO	2
Romn_Bjelvehammar-TageBengtsson.142	4-AUX|har|0|-- 17-AUX|kunde|4|parataxis	2
Romn_Bjelvehammar-TageBengtsson.143	2-AUX|var|0|-- 5-ADP|utan|2|MD	2
Romn_Bjelvehammar-TageBengtsson.143	16-ADP|med|15|MD	1
Romn_Bjelvehammar-TageBengtsson.143	14-ADP|i|11|MD	1
Romn_Bjelvehammar-TageBengtsson.143	2-AUX|var|0|-- 5-ADP|utan|2|MD 9-AUX|fick|2|parataxis	3
Romn_Bjelvehammar-TageBengtsson.144	9-ADP|med|3|MD	1
Romn_Bjelvehammar-TageBengtsson.145	2-AUX|var|0|-- 3-ADP|hos|2|SP	2
Romn_Bjelvehammar-TageBengtsson.146	13-ADP|i|7|MD	1
Romn_Bjelvehammar-TageBengtsson.146	15-ADP|före|7|MD	1
Romn_Bjelvehammar-TageBengtsson.147	3-ADP|med|2|MD	1
Romn_Bjelvehammar-TageBengtsson.147	10-ADP|om|8|MD	1
Romn_Bjelvehammar-TageBengtsson.148	15-ADP|i|13|RA 21-ADP|vid|15|AN	2
Romn_Bjelvehammar-TageBengtsson.148	3-AUX|kunde|0|--	1
Romn_Bjelvehammar-TageBengtsson.149	22-ADP|på|21|OA	1
Romn_Bjelvehammar-TageBengtsson.149	31-ADP|i|28|RA	1
Romn_Bjelvehammar-TageBengtsson.150	11-ADP|för|10|MD	1
Romn_Bjelvehammar-TageBengtsson.150	5-SCONJ|som|4|MD 6-AUX|är|5|OO	2
Romn_Bjelvehammar-TageBengtsson.150	18-ADP|i|17|MD	1
Romn_Bjelvehammar-TageBengtsson.150	16-ADP|med|15|MD	1
Romn_Bjelvehammar-TageBengtsson.150	2-AUX|är|0|--	1
Romn_Bjelvehammar-TageBengtsson.151	6-ADP|ur|5|MD	1
Romn_Bjelvehammar-TageBengtsson.151	2-AUX|är|0|-- 3-SCONJ|som|2|SP	2
Romn_Bjelvehammar-TageBengtsson.152	14-ADP|i|13|MD	1
Romn_Bjelvehammar-TageBengtsson.152	9-PART|inte|2|conj	1
Romn_Bjelvehammar-TageBengtsson.152	20-ADP|på|18|MD	1
Romn_Bjelvehammar-TageBengtsson.153	2-AUX|är|0|--	1
Romn_Bjelvehammar-TageBengtsson.155	9-ADP|till|5|RA	1
Romn_Bjelvehammar-TageBengtsson.156	3-AUX|vill|0|-- 4-AUX|vara|3|IV	2
Romn_Bjelvehammar-TageBengtsson.157	9-AUX|skulle|7|OO 10-AUX|ha|9|IV	2
Romn_Bjelvehammar-TageBengtsson.157	5-SCONJ|som|4|MD	1
Romn_Bjelvehammar-TageBengtsson.158	3-AUX|är|1|OO	1
Romn_Bjelvehammar-TageBengtsson.158	16-ADP|för|13|MD	1
Romn_Bjelvehammar-TageBengtsson.158	24-ADP|under|23|MD	1
Romn_Bjelvehammar-TageBengtsson.158	21-SCONJ|som|13|OO 22-AUX|har|21|OO	2
Romn_Bjelvehammar-TageBengtsson.159	8-ADP|i|7|MD	1
Romn_Bjelvehammar-TageBengtsson.159	6-ADP|om|4|MD	1
Romn_Bjelvehammar-TageBengtsson.159	2-AUX|kan|0|--	1
Romn_Bjelvehammar-TageBengtsson.160	8-ADP|i|6|MD	1
Romn_Bjelvehammar-TageBengtsson.160	5-SCONJ|som|4|MD	1
Romn_Bjelvehammar-TageBengtsson.160	2-AUX|är|0|--	1
Romn_Bjelvehammar-TageBengtsson.161	6-ADP|vid|5|MD	1
Romn_Bjelvehammar-TageBengtsson.161	13-SCONJ|som|12|MD	1
Romn_Bjelvehammar-TageBengtsson.161	8-ADP|med|2|OA 9-SCONJ|att|8|OO	2
Romn_Bjelvehammar-TageBengtsson.163	9-ADP|över|2|RA	1
Romn_Bjelvehammar-TageBengtsson.163	17-ADP|i|16|MD	1
Romn_Bjelvehammar-TageBengtsson.163	21-ADP|hos|16|RA	1
Romn_Bjelvehammar-TageBengtsson.169	8-ADP|av|7|OA	1
Romn_Bjelvehammar-TageBengtsson.169	6-AUX|få|2|IV	1
Romn_Bjelvehammar-TageBengtsson.171	9-ADP|i|8|MD	1
Romn_Bjelvehammar-TageBengtsson.171	4-ADP|till|3|OA	1
Romn_Bjelvehammar-TageBengtsson.171	25-ADP|i|24|MD	1
Romn_Bjelvehammar-TageBengtsson.171	29-ADP|till|32|MD	1
Romn_Bjelvehammar-TageBengtsson.171	18-AUX|kan|14|conj	1
Romn_Bjelvehammar-TageBengtsson.173	6-ADP|på|5|OA	1
Romn_Bjelvehammar-TageBengtsson.173	1-SCONJ|Om|8|MD 4-AUX|är|1|OO	2
Romn_Bjelvehammar-TageBengtsson.173	16-ADP|i|14|RA	1
Romn_Bjelvehammar-TageBengtsson.173	12-SCONJ|om|18|MD	1
Romn_Bjelvehammar-TageBengtsson.173	25-ADP|med|18|conj	1
Romn_Bjelvehammar-TageBengtsson.174	2-ADP|på|1|MD	1
Romn_Bjelvehammar-TageBengtsson.174	7-ADP|för|6|MD	1
Romn_Bjelvehammar-TageBengtsson.174	14-SCONJ|än|13|JF	1
Romn_Bjelvehammar-TageBengtsson.174	4-AUX|är|0|-- 12-AUX|är|4|parataxis	2
Romn_Bjelvehammar-TageBengtsson.175	3-ADP|i|2|RA	1
Romn_Bjelvehammar-TageBengtsson.175	6-PART|att|2|ES	1
Romn_Bjelvehammar-TageBengtsson.175	15-SCONJ|som|14|MD	1
Romn_Bjelvehammar-TageBengtsson.176	4-SCONJ|som|3|MD	1
Romn_Bjelvehammar-TageBengtsson.176	2-AUX|är|0|--	1
Romn_Bjelvehammar-TageBengtsson.178	5-ADP|till|3|RA	1
Romn_Bjelvehammar-TageBengtsson.178	21-ADP|på|19|MD	1
Romn_Bjelvehammar-TageBengtsson.178	30-ADP|över|29|MD 31-PART|att|30|OO	2
Romn_Bjelvehammar-TageBengtsson.179	7-AUX|kan|0|-- 2-PART|att|7|SB	2
Romn_Bjelvehammar-TageBengtsson.179	9-ADP|för|8|MD 10-PART|att|9|OO 11-AUX|få|10|OO 13-PART|att|11|IV	4
Romn_Bjelvehammar-TageBengtsson.179	25-ADP|för|23|OA	1
Romn_Bjelvehammar-TageBengtsson.179	7-AUX|kan|0|-- 2-PART|att|7|SB 21-AUX|vill|7|parataxis 27-ADP|för|21|MD	4
Romn_Bjelvehammar-TageBengtsson.180	2-AUX|kan|0|--	1
Romn_Bjelvehammar-TageBengtsson.182	3-AUX|är|0|--	1
Romn_Bjelvehammar-TageBengtsson.183	5-SCONJ|som|4|MD	1
Romn_Bjelvehammar-TageBengtsson.183	25-AUX|har|0|-- 2-AUX|är|25|parataxis	2
Romn_Bjelvehammar-TageBengtsson.183	43-ADP|med|42|MD	1
Romn_Bjelvehammar-TageBengtsson.183	39-ADP|till|37|RA	1
Romn_Bjelvehammar-TageBengtsson.183	25-AUX|har|0|-- 2-AUX|är|25|parataxis 35-AUX|har|25|parataxis	3
Romn_Bjelvehammar-TageBengtsson.184	6-ADP|i|4|RA	1
Romn_Bjelvehammar-TageBengtsson.184	2-AUX|kommer|0|-- 3-PART|att|2|IV	2
Romn_Bjelvehammar-TageBengtsson.186	3-SCONJ|som|2|MD	1
Romn_Bjelvehammar-TageBengtsson.186	19-ADP|på|18|MD	1
Romn_Bjelvehammar-TageBengtsson.186	25-ADP|omkring|22|RA	1
Romn_Bjelvehammar-TageBengtsson.187	4-SCONJ|liksom|2|JF	1
Romn_Bjelvehammar-TageBengtsson.189	9-ADP|i|13|MD	1
Romn_Bjelvehammar-TageBengtsson.189	4-SCONJ|att|2|OO 6-AUX|är|4|OO 8-SCONJ|att|6|ES	3
Romn_Bjelvehammar-TageBengtsson.189	21-AUX|är|2|conj	1
Romn_Bjelvehammar-TageBengtsson.191	21-ADP|av|20|MD	1
Romn_Bjelvehammar-TageBengtsson.191	19-ADP|i|16|OA	1
Romn_Bjelvehammar-TageBengtsson.192	3-ADP|med|2|MD	1
Romn_Bjelvehammar-TageBengtsson.194	6-ADP|om|3|MD	1
Romn_Bjelvehammar-TageBengtsson.195	11-ADP|av|10|AG	1
Romn_Bjelvehammar-TageBengtsson.195	3-AUX|var|0|-- 9-AUX|fick|3|parataxis	2
Romn_Bjelvehammar-TageBengtsson.196	9-ADP|med|8|MD	1
Romn_Bjelvehammar-TageBengtsson.196	15-ADP|i|14|MD	1
Romn_Bjelvehammar-TageBengtsson.196	17-ADP|bland|12|RA	1
Romn_Bjelvehammar-TageBengtsson.196	22-ADP|hos|20|MD	1
Romn_Bjelvehammar-TageBengtsson.196	7-SCONJ|som|6|MD	1
Romn_Bjelvehammar-TageBengtsson.196	4-AUX|var|0|--	1
Romn_Bjelvehammar-TageBengtsson.197	4-AUX|var|0|--	1
Romn_Bjelvehammar-TageBengtsson.198	5-ADP|till|3|MD	1
Romn_Bjelvehammar-TageBengtsson.199	14-ADP|i|13|MD	1
Romn_Bjelvehammar-TageBengtsson.199	16-ADP|på|13|MD	1
Romn_Bjelvehammar-TageBengtsson.199	8-AUX|var|2|conj 11-SCONJ|som|8|EF 12-AUX|fick|11|OO	3
Romn_Bjelvehammar-TageBengtsson.200	4-AUX|var|0|-- 12-AUX|var|4|parataxis	2
Romn_Bjelvehammar-TageBengtsson.201	1-ADP|I|4|RA	1
Romn_Bjelvehammar-TageBengtsson.201	8-ADP|i|10|RA	1
Romn_Bjelvehammar-TageBengtsson.201	13-ADP|på|10|RA	1
Romn_Bjelvehammar-TageBengtsson.201	17-SCONJ|som|10|JF	1
Romn_Bjelvehammar-TageBengtsson.202	9-ADP|på|6|MD	1
Romn_Bjelvehammar-TageBengtsson.202	5-PART|att|4|MD	1
Romn_Bjelvehammar-TageBengtsson.202	20-PART|att|18|MD	1
Romn_Bjelvehammar-TageBengtsson.202	34-PART|att|33|MD	1
Romn_Bjelvehammar-TageBengtsson.202	25-ADP|för|24|OA	1
Romn_Bjelvehammar-TageBengtsson.204	11-ADP|över|10|MD	1
Romn_Bjelvehammar-TageBengtsson.205	4-ADP|på|3|RA	1
Romn_Bjelvehammar-TageBengtsson.206	3-ADP|i|2|OA	1
Romn_Bjelvehammar-TageBengtsson.206	17-ADP|till|13|MD	1
Romn_Bjelvehammar-TageBengtsson.206	12-PART|att|11|MD	1
Romn_Bjelvehammar-TageBengtsson.206	9-AUX|är|2|parataxis	1
Romn_Bjelvehammar-TageBengtsson.207	10-SCONJ|som|5|MD	1
Romn_Bjelvehammar-TageBengtsson.207	6-ADP|i|3|OA	1
Romn_Bjelvehammar-TageBengtsson.207	2-AUX|kan|0|--	1
Romn_Bjelvehammar-TageBengtsson.209	16-ADP|på|15|MD	1
Romn_Bjelvehammar-TageBengtsson.209	13-SCONJ|som|4|JF	1
Romn_Bjelvehammar-TageBengtsson.209	9-ADP|för|8|MD	1
Romn_Bjelvehammar-TageBengtsson.210	12-ADP|i|11|MD	1
Romn_Bjelvehammar-TageBengtsson.210	8-ADP|på|7|OA	1
Romn_Bjelvehammar-TageBengtsson.210	6-SCONJ|som|5|MD	1
Romn_Bjelvehammar-TageBengtsson.211	11-AUX|är|2|parataxis 12-ADP|på|11|MD	2
Romn_Bjelvehammar-TageBengtsson.211	16-ADP|från|15|OA	1
Romn_Bjelvehammar-TageBengtsson.211	11-AUX|är|2|parataxis 12-ADP|på|11|MD 19-ADP|i|11|MD	3
Romn_Bjelvehammar-TageBengtsson.212	5-SCONJ|som|3|OA	1
Romn_Bjelvehammar-TageBengtsson.213	4-ADP|på|3|MD	1
Romn_Bjelvehammar-TageBengtsson.213	6-ADP|med|3|MD	1
Romn_Bjelvehammar-TageBengtsson.213	16-SCONJ|som|15|MD 18-AUX|har|16|OO	2
Romn_Bjelvehammar-TageBengtsson.213	11-ADP|till|9|OA	1
Romn_Bjelvehammar-TageBengtsson.214	4-AUX|är|0|-- 2-SCONJ|som|4|JF	2
Romn_Bjelvehammar-TageBengtsson.214	4-AUX|är|0|-- 2-SCONJ|som|4|JF 9-PART|att|4|ES	3
Romn_Bjelvehammar-TageBengtsson.215	2-ADP|på|5|MD	1
Romn_Bjelvehammar-TageBengtsson.215	13-ADP|innanför|12|OA	1
Romn_Bjelvehammar-TageBengtsson.215	10-SCONJ|som|8|OO 11-AUX|ska|10|OO	2
Romn_Bjelvehammar-TageBengtsson.216	16-ADP|efter|15|MD	1
Romn_Bjelvehammar-TageBengtsson.216	22-ADP|till|21|MD	1
Romn_Bjelvehammar-TageBengtsson.216	28-ADP|med|30|MD	1
Romn_Bjelvehammar-TageBengtsson.216	35-ADP|i|34|MD	1
Romn_Bjelvehammar-TageBengtsson.216	31-ADP|på|30|MD	1
Romn_Bjelvehammar-TageBengtsson.216	14-SCONJ|som|13|MD	1
Romn_Bjelvehammar-TageBengtsson.216	11-ADP|med|10|MD	1
Romn_Bjelvehammar-TageBengtsson.216	8-ADP|för|7|MD	1
Romn_Bjelvehammar-TageBengtsson.216	5-ADP|till|2|OA	1
Romn_Bjelvehammar-TageBengtsson.217	5-SCONJ|som|4|MD	1
Romn_Bjelvehammar-TageBengtsson.217	16-SCONJ|som|15|MD	1
Romn_Bjelvehammar-TageBengtsson.217	2-AUX|är|0|-- 8-SCONJ|som|2|EF	2
Romn_Bjelvehammar-TageBengtsson.218	15-ADP|av|14|MD	1
Romn_Bjelvehammar-TageBengtsson.218	11-ADP|till|9|OA	1
Romn_Bjelvehammar-TageBengtsson.219	6-ADP|för|5|MD	1
Romn_Bjelvehammar-TageBengtsson.219	4-ADP|till|3|OA	1
Romn_Bjelvehammar-TageBengtsson.219	14-ADP|med|13|OA	1
Romn_Bjelvehammar-TageBengtsson.219	12-AUX|blir|3|conj	1
Romn_Bjelvehammar-TageBengtsson.219	28-ADP|för|27|MD	1
Romn_Bjelvehammar-TageBengtsson.219	24-AUX|kan|3|conj 25-ADP|i|24|MD	2
Romn_Bjelvehammar-TageBengtsson.219	24-AUX|kan|3|conj 25-ADP|i|24|MD 39-ADP|för|24|MD 40-SCONJ|att|39|OO	4
Romn_Bjelvehammar-TageBengtsson.220	2-ADP|på|5|MD	1
Romn_Bjelvehammar-TageBengtsson.220	7-ADP|för|5|MD 8-PART|att|7|OO	2
Romn_Bjelvehammar-TageBengtsson.221	14-ADP|av|12|AG	1
Romn_Bjelvehammar-TageBengtsson.221	10-SCONJ|att|9|MD	1
Romn_Bjelvehammar-TageBengtsson.221	2-AUX|är|0|-- 22-AUX|är|2|parataxis 19-ADP|på|22|MD	3
Romn_Bjelvehammar-TageBengtsson.221	35-ADP|mot|34|MD	1
Romn_Bjelvehammar-TageBengtsson.221	33-ADP|av|32|MD	1
Romn_Bjelvehammar-TageBengtsson.221	2-AUX|är|0|-- 22-AUX|är|2|parataxis 19-ADP|på|22|MD 25-PART|att|22|ES	4
Romn_Bjelvehammar-TageBengtsson.222	5-PART|att|4|IV	1
Romn_Bjelvehammar-TageBengtsson.222	10-PART|att|9|IV	1
Romn_Bjelvehammar-TageBengtsson.222	20-ADP|på|19|MD	1
Romn_Bjelvehammar-TageBengtsson.222	16-AUX|måste|4|conj	1
Romn_Bjelvehammar-TageBengtsson.224	13-ADP|från|12|MD	1
Romn_Bjelvehammar-TageBengtsson.224	20-ADP|i|19|RA	1
Romn_Bjelvehammar-TageBengtsson.224	17-SCONJ|som|12|MD	1
Romn_Bjelvehammar-TageBengtsson.225	4-ADP|på|2|MD	1
Romn_Bjelvehammar-TageBengtsson.225	17-AUX|är|2|conj 8-ADP|genom|17|MD 9-SCONJ|att|8|OO	3
Romn_Bjelvehammar-TageBengtsson.225	26-ADP|omkring|25|RA	1
Romn_Bjelvehammar-TageBengtsson.225	22-ADP|om|21|OA 24-SCONJ|som|22|OO	2
Romn_Bjelvehammar-TageBengtsson.226	3-ADP|på|2|MD	1
Romn_Bjelvehammar-TageBengtsson.226	18-SCONJ|än|16|JF	1
Romn_Bjelvehammar-TageBengtsson.227	2-AUX|är|0|--	1
Romn_Bjelvehammar-TageBengtsson.228	7-ADP|utan|6|MD	1
Romn_Bjelvehammar-TageBengtsson.228	4-ADP|på|2|MD	1
Romn_Bjelvehammar-TageBengtsson.229	12-ADP|i|10|RA	1
Romn_Bjelvehammar-TageBengtsson.229	2-AUX|vill|0|--	1
Romn_Bjelvehammar-TageBengtsson.230	7-ADP|på|6|MD	1
Romn_Bjelvehammar-TageBengtsson.230	25-SCONJ|som|24|MD	1
Romn_Bjelvehammar-TageBengtsson.230	3-AUX|är|0|--	1
Romn_Bjelvehammar-TageBengtsson.231	1-ADP|På|4|MD	1
Romn_Bjelvehammar-TageBengtsson.231	14-ADP|av|13|MD	1
Romn_Bjelvehammar-TageBengtsson.231	17-ADP|efter|16|MD	1
Romn_Bjelvehammar-TageBengtsson.233	15-ADP|genom|13|MD	1
Romn_Bjelvehammar-TageBengtsson.233	6-AUX|har|0|-- 12-AUX|har|6|parataxis	2
Romn_Bjelvehammar-TageBengtsson.234	4-AUX|har|0|--	1
Romn_Bjelvehammar-TageBengtsson.235	12-SCONJ|som|11|MD 14-AUX|har|12|OO	2
Romn_Bjelvehammar-TageBengtsson.235	7-ADP|av|6|MD	1
Romn_Bjelvehammar-TageBengtsson.235	5-SCONJ|som|3|OA	1
Romn_Bjelvehammar-TageBengtsson.236	4-ADP|i|3|MD	1
Romn_Bjelvehammar-TageBengtsson.236	7-AUX|har|0|-- 8-AUX|blivit|7|IV	2
Romn_Bjelvehammar-TageBengtsson.237	6-ADP|i|5|MD	1
Romn_Bjelvehammar-TageBengtsson.237	21-PART|att|19|IV	1
Romn_Bjelvehammar-TageBengtsson.237	17-SCONJ|som|16|MD	1
Romn_Bjelvehammar-TageBengtsson.237	11-AUX|kan|2|parataxis	1
Romn_Bjelvehammar-TageBengtsson.239	10-ADP|på|9|MD	1
Romn_Bjelvehammar-TageBengtsson.239	18-ADP|på|17|RA	1
Romn_Bjelvehammar-TageBengtsson.239	16-SCONJ|som|15|MD	1
Romn_Bjelvehammar-TageBengtsson.239	26-ADP|hos|25|MD	1
Romn_Bjelvehammar-TageBengtsson.239	36-ADP|på|34|RA 39-ADP|bredvid|36|AN	2
Romn_Bjelvehammar-TageBengtsson.239	32-SCONJ|där|31|MD	1
Romn_Bjelvehammar-TageBengtsson.239	30-ADP|hos|29|MD	1
Romn_Bjelvehammar-TageBengtsson.239	6-AUX|vara|3|IV	1
Romn_Bjelvehammar-TageBengtsson.240	7-ADP|om|6|MD	1
Romn_Bjelvehammar-TageBengtsson.240	28-ADP|för|27|OA	1
Romn_Bjelvehammar-TageBengtsson.240	20-SCONJ|att|18|JF 23-AUX|är|20|OO	2
Romn_Bjelvehammar-TageBengtsson.240	16-SCONJ|som|15|MD 17-AUX|är|16|OO	2
Romn_Bjelvehammar-TageBengtsson.241	7-ADP|med|6|MD	1
Romn_Bjelvehammar-TageBengtsson.241	15-SCONJ|som|13|MD	1
Romn_Bjelvehammar-TageBengtsson.241	10-ADP|om|6|MD	1
Romn_Bjelvehammar-TageBengtsson.241	3-AUX|kan|0|--	1
Romn_Bjelvehammar-TageBengtsson.243	4-SCONJ|som|3|MD	1
Romn_Bjelvehammar-TageBengtsson.243	9-ADP|om|8|MD 14-ADP|om|9|AN 12-SCONJ|som|14|MD	3
Romn_Bjelvehammar-TageBengtsson.244	13-ADP|med|12|MD	1
Romn_Bjelvehammar-TageBengtsson.244	21-ADP|bland|20|OA	1
Romn_Bjelvehammar-TageBengtsson.244	4-ADP|om|3|OA 5-SCONJ|att|4|OO 26-AUX|skulle|5|OO 6-SCONJ|om|26|MD 8-AUX|skulle|6|OO	5
Romn_Bjelvehammar-TageBengtsson.244	30-SCONJ|som|28|OA	1
Romn_Bjelvehammar-TageBengtsson.244	2-AUX|är|0|-- 34-AUX|skulle|2|parataxis	2
Romn_Bjelvehammar-TageBengtsson.246	6-AUX|är|0|-- 2-ADP|efter|6|MD	2
Romn_Bjelvehammar-TageBengtsson.246	21-ADP|med|20|OA	1
Romn_Bjelvehammar-TageBengtsson.246	14-SCONJ|som|13|OA 15-SCONJ|att|14|OO 17-AUX|har|15|OO	3
Romn_Bjelvehammar-TageBengtsson.246	27-ADP|i|37|MD	1
Romn_Bjelvehammar-TageBengtsson.246	43-ADP|till|41|MD	1
Romn_Bjelvehammar-TageBengtsson.246	40-PART|att|39|OO	1
Romn_Bjelvehammar-TageBengtsson.248	6-ADP|bredvid|5|RA	1
Romn_Bjelvehammar-TageBengtsson.248	8-ADP|om|5|MD	1
Romn_Bjelvehammar-TageBengtsson.249	5-ADP|om|4|OA	1
Romn_Bjelvehammar-TageBengtsson.249	11-ADP|på|10|MD	1
Romn_Bjelvehammar-TageBengtsson.249	24-ADP|för|23|MD	1
Romn_Bjelvehammar-TageBengtsson.249	20-AUX|är|4|conj 22-ADP|till|20|SP	2
Romn_Bjelvehammar-TageBengtsson.250	3-ADP|med|2|MD	1
Romn_Bjelvehammar-TageBengtsson.251	10-ADP|med|9|OA	1
Romn_Bjelvehammar-TageBengtsson.251	6-SCONJ|som|5|MD	1
Romn_Bjelvehammar-TageBengtsson.251	4-ADP|med|1|MD	1
Romn_Bjelvehammar-TageBengtsson.251	29-SCONJ|att|25|conj	1
Romn_Bjelvehammar-TageBengtsson.251	24-ADP|på|23|MD	1
Romn_Bjelvehammar-TageBengtsson.251	2-AUX|är|0|-- 14-AUX|är|2|parataxis	2
Romn_Bjelvehammar-TageBengtsson.252	7-ADP|av|5|AG	1
Romn_Bjelvehammar-TageBengtsson.253	4-AUX|är|0|-- 10-AUX|är|4|parataxis	2
Romn_Bjelvehammar-TageBengtsson.254	11-ADP|i|10|MD	1
Romn_Bjelvehammar-TageBengtsson.254	4-AUX|är|0|-- 5-SCONJ|som|4|SP	2
Romn_Bjelvehammar-TageBengtsson.255	7-ADP|i|5|OA	1
Romn_Bjelvehammar-TageBengtsson.255	4-SCONJ|som|3|MD	1
Romn_Bjelvehammar-TageBengtsson.255	1-SCONJ|Som|0|--	1
Romn_Bjelvehammar-TageBengtsson.257	8-ADP|om|7|MD	1
Romn_Bjelvehammar-TageBengtsson.257	6-PART|att|5|OO	1
Romn_Bjelvehammar-TageBengtsson.257	15-SCONJ|att|13|EO 17-AUX|är|15|OO	2
Romn_Bjelvehammar-TageBengtsson.258	1-SCONJ|Om|6|MD 3-AUX|skulle|1|OO	2
Romn_Bjelvehammar-TageBengtsson.258	10-PART|att|9|OO	1
Romn_Bjelvehammar-TageBengtsson.258	19-ADP|på|18|MD	1
Romn_Bjelvehammar-TageBengtsson.258	22-ADP|med|21|OA	1
Romn_Bjelvehammar-TageBengtsson.258	24-ADP|om|21|MD	1
Romn_Bjelvehammar-TageBengtsson.259	13-ADP|av|12|MD	1
Romn_Bjelvehammar-TageBengtsson.259	6-SCONJ|som|5|MD	1
Romn_Bjelvehammar-TageBengtsson.259	4-ADP|om|2|MD	1
Romn_Bjelvehammar-TageBengtsson.260	7-ADP|i|6|RA	1
Romn_Bjelvehammar-TageBengtsson.260	4-SCONJ|som|3|MD 5-AUX|ska|4|OO	2
Romn_Bjelvehammar-TageBengtsson.260	17-PART|att|16|OO	1
Romn_Bjelvehammar-TageBengtsson.260	2-ADP|om|0|--	1
Romn_Bjelvehammar-TageBengtsson.262	9-SCONJ|som|7|MD	1
Romn_Bjelvehammar-TageBengtsson.262	5-ADP|med|3|OA	1
Romn_Bjelvehammar-TageBengtsson.262	21-ADP|från|20|MD	1
Romn_Bjelvehammar-TageBengtsson.263	8-ADP|i|7|RA	1
Romn_Bjelvehammar-TageBengtsson.263	5-ADP|med|4|MD 6-PART|att|5|OO	2
Romn_Bjelvehammar-TageBengtsson.263	22-ADP|på|21|MD	1
Romn_Bjelvehammar-TageBengtsson.263	15-SCONJ|som|14|MD	1
Romn_Bjelvehammar-TageBengtsson.263	2-AUX|kan|0|-- 12-AUX|är|2|parataxis	2
Romn_Bjelvehammar-TageBengtsson.264	3-ADP|med|2|MD	1
Romn_Bjelvehammar-TageBengtsson.264	8-ADP|för|7|MD	1
Romn_Bjelvehammar-TageBengtsson.264	17-AUX|får|2|conj	1
Romn_Bjelvehammar-TageBengtsson.265	11-ADP|från|10|MD	1
Romn_Bjelvehammar-TageBengtsson.265	21-ADP|om|20|MD	1
Romn_Bjelvehammar-TageBengtsson.266	17-SCONJ|som|16|MD	1
Romn_Bjelvehammar-TageBengtsson.267	7-ADP|om|6|OA	1
Romn_Bjelvehammar-TageBengtsson.267	14-AUX|vill|0|-- 2-ADP|för|14|DF 3-SCONJ|att|2|OO 5-AUX|är|3|OO	4
Romn_Bjelvehammar-TageBengtsson.267	17-ADP|mot|16|OA	1
Romn_Bjelvehammar-TageBengtsson.267	14-AUX|vill|0|-- 2-ADP|för|14|DF 3-SCONJ|att|2|OO 5-AUX|är|3|OO 15-AUX|vara|14|IV	5
Romn_Bjelvehammar-TageBengtsson.267	23-SCONJ|om|22|OO 25-AUX|har|23|OO	2
Romn_Bjelvehammar-TageBengtsson.269	13-ADP|åt|2|RA	1
Romn_Bjelvehammar-TageBengtsson.270	7-ADP|av|6|AG	1
Romn_Bjelvehammar-TageBengtsson.270	2-AUX|är|0|--	1
Romn_Bjelvehammar-TageBengtsson.271	6-ADP|för|5|OA	1
Romn_Bjelvehammar-TageBengtsson.271	11-ADP|med|9|MD	1
Romn_Bjelvehammar-TageBengtsson.271	8-PART|att|2|EO	1
Romn_Bjelvehammar-TageBengtsson.273	5-ADP|för|4|OA	1
Romn_Bjelvehammar-TageBengtsson.273	2-AUX|är|0|--	1
Romn_Bjelvehammar-TageBengtsson.275	4-ADP|om|3|MD	1
Romn_Bjelvehammar-TageBengtsson.275	7-ADP|på|3|RA	1
Romn_Bjelvehammar-TageBengtsson.275	13-ADP|om|12|MD	1
Romn_Bjelvehammar-TageBengtsson.275	21-ADP|på|20|MD	1
Romn_Bjelvehammar-TageBengtsson.275	19-ADP|kring|17|MD	1
Romn_Bjelvehammar-TageBengtsson.276	11-ADP|med|10|MD 1-SCONJ|Att|11|OO	2
Romn_Bjelvehammar-TageBengtsson.276	6-AUX|är|0|-- 8-ADP|på|6|SP	2
Romn_Bjelvehammar-TageBengtsson.277	7-ADP|om|6|OA	1
Romn_Bjelvehammar-TageBengtsson.277	3-SCONJ|som|2|MD	1
Romn_Bjelvehammar-TageBengtsson.278	18-ADP|till|15|OA	1
Romn_Bjelvehammar-TageBengtsson.278	28-ADP|i|26|RA	1
Romn_Bjelvehammar-TageBengtsson.278	23-ADP|för|15|MD 24-PART|att|23|OO 25-AUX|kunna|24|OO	3
Romn_Bjelvehammar-TageBengtsson.278	3-AUX|har|0|-- 13-AUX|har|3|parataxis	2
Romn_Holmsen-Polynesiskpassad.15	1-SCONJ|Liksom|10|JF	1
Romn_Holmsen-Polynesiskpassad.15	26-ADP|mellan|25|RA	1
Romn_Holmsen-Polynesiskpassad.15	22-SCONJ|som|21|MD	1
Romn_Holmsen-Polynesiskpassad.15	18-ADP|för|17|MD	1
Romn_Holmsen-Polynesiskpassad.16	5-PART|att|2|ES	1
Romn_Holmsen-Polynesiskpassad.18	7-ADP|för|6|MD	1
Romn_Holmsen-Polynesiskpassad.18	17-ADP|i|16|MD	1
Romn_Holmsen-Polynesiskpassad.18	14-ADP|till|12|RA	1
Romn_Holmsen-Polynesiskpassad.18	9-AUX|var|0|-- 10-SCONJ|då|9|SP	2
Romn_Holmsen-Polynesiskpassad.19	4-ADP|från|2|MD	1
Romn_Holmsen-Polynesiskpassad.19	8-ADP|vid|2|RA	1
Romn_Holmsen-Polynesiskpassad.20	11-SCONJ|som|9|MD	1
Romn_Holmsen-Polynesiskpassad.20	7-ADP|på|6|MD	1
Romn_Holmsen-Polynesiskpassad.20	17-ADP|ifrån|15|RA	1
Romn_Holmsen-Polynesiskpassad.22	2-AUX|måtte|0|-- 3-AUX|ha|2|IV	2
Romn_Holmsen-Polynesiskpassad.22	14-ADP|för|13|MD	1
Romn_Holmsen-Polynesiskpassad.22	19-AUX|har|11|conj	1
Romn_Holmsen-Polynesiskpassad.23	2-AUX|är|0|--	1
Romn_Holmsen-Polynesiskpassad.25	5-ADP|från|4|RA	1
Romn_Holmsen-Polynesiskpassad.25	2-SCONJ|då|9|MD	1
Romn_Holmsen-Polynesiskpassad.25	12-ADP|för|14|OA	1
Romn_Holmsen-Polynesiskpassad.25	16-ADP|vid|9|RA	1
Romn_Holmsen-Polynesiskpassad.25	33-ADP|om|31|MD	1
Romn_Holmsen-Polynesiskpassad.25	30-ADP|från|29|MD	1
Romn_Holmsen-Polynesiskpassad.26	3-ADP|av|2|AG	1
Romn_Holmsen-Polynesiskpassad.26	15-ADP|över|14|RA	1
Romn_Holmsen-Polynesiskpassad.26	12-SCONJ|förrän|9|MD	1
Romn_Holmsen-Polynesiskpassad.28	8-ADP|vid|7|MD	1
Romn_Holmsen-Polynesiskpassad.28	5-ADP|i|4|RA	1
Romn_Holmsen-Polynesiskpassad.28	25-ADP|av|24|MD	1
Romn_Holmsen-Polynesiskpassad.28	27-ADP|i|11|RA	1
Romn_Holmsen-Polynesiskpassad.29	2-ADP|under|5|RA	1
Romn_Holmsen-Polynesiskpassad.29	15-SCONJ|som|14|MD 16-AUX|var|15|OO	2
Romn_Holmsen-Polynesiskpassad.29	20-ADP|av|32|MD	1
Romn_Holmsen-Polynesiskpassad.30	14-SCONJ|där|12|MD	1
Romn_Holmsen-Polynesiskpassad.30	9-ADP|till|8|RA	1
Romn_Holmsen-Polynesiskpassad.30	7-PART|att|6|MD	1
Romn_Holmsen-Polynesiskpassad.30	3-ADP|av|2|AG	1
Romn_Holmsen-Polynesiskpassad.31	3-SCONJ|att|2|OO	1
Romn_Holmsen-Polynesiskpassad.33	4-ADP|i|3|MD	1
Romn_Holmsen-Polynesiskpassad.33	6-AUX|har|0|-- 1-ADP|Sen|6|MD	2
Romn_Holmsen-Polynesiskpassad.33	6-AUX|har|0|-- 1-ADP|Sen|6|MD 8-ADP|efter|6|MD	3
Romn_Holmsen-Polynesiskpassad.33	22-ADP|för|21|OA	1
Romn_Holmsen-Polynesiskpassad.33	18-SCONJ|som|17|MD 20-AUX|är|18|OO	2
Romn_Holmsen-Polynesiskpassad.34	2-ADP|kring|1|MD	1
Romn_Holmsen-Polynesiskpassad.36	6-ADP|av|5|MD	1
Romn_Holmsen-Polynesiskpassad.38	4-AUX|är|0|-- 1-SCONJ|Som|4|JF	2
Romn_Holmsen-Polynesiskpassad.39	4-ADP|på|3|OA	1
Romn_Holmsen-Polynesiskpassad.39	11-ADP|i|10|OA	1
Romn_Holmsen-Polynesiskpassad.39	2-AUX|vill|0|-- 14-SCONJ|fast|2|MD	2
Romn_Holmsen-Polynesiskpassad.40	5-ADP|från|4|MD	1
Romn_Holmsen-Polynesiskpassad.40	21-ADP|till|4|MD	1
Romn_Holmsen-Polynesiskpassad.40	3-ADP|av|2|AG	1
Romn_Holmsen-Polynesiskpassad.41	1-ADP|I|5|OA	1
Romn_Holmsen-Polynesiskpassad.41	7-ADP|om|6|MD	1
Romn_Holmsen-Polynesiskpassad.42	2-AUX|vill|0|--	1
Romn_Holmsen-Polynesiskpassad.43	3-SCONJ|som|2|MD	1
Romn_Holmsen-Polynesiskpassad.43	8-SCONJ|som|7|MD	1
Romn_Holmsen-Polynesiskpassad.43	15-ADP|i|14|MD	1
Romn_Holmsen-Polynesiskpassad.43	13-SCONJ|som|12|MD	1
Romn_Holmsen-Polynesiskpassad.43	25-SCONJ|som|24|MD	1
Romn_Holmsen-Polynesiskpassad.43	21-ADP|på|19|OA	1
Romn_Holmsen-Polynesiskpassad.43	17-ADP|för|12|MD 18-PART|att|17|OO	2
Romn_Holmsen-Polynesiskpassad.44	10-ADP|över|9|MD	1
Romn_Holmsen-Polynesiskpassad.44	18-ADP|till|17|MD	1
Romn_Holmsen-Polynesiskpassad.44	6-ADP|på|3|RA	1
Romn_Holmsen-Polynesiskpassad.45	7-SCONJ|som|6|MD	1
Romn_Holmsen-Polynesiskpassad.45	5-ADP|av|4|MD	1
Romn_Holmsen-Polynesiskpassad.45	10-AUX|kan|0|--	1
Romn_Holmsen-Polynesiskpassad.46	2-ADP|av|1|AG	1
Romn_Holmsen-Polynesiskpassad.46	12-ADP|av|11|MD	1
Romn_Holmsen-Polynesiskpassad.46	10-ADP|för|4|MD	1
Romn_Holmsen-Polynesiskpassad.47	14-ADP|från|13|MD	1
Romn_Holmsen-Polynesiskpassad.47	11-ADP|i|10|MD	1
Romn_Holmsen-Polynesiskpassad.47	4-ADP|av|2|AG	1
Romn_Holmsen-Polynesiskpassad.49	9-ADP|mellan|4|RA	1
Romn_Holmsen-Polynesiskpassad.49	2-AUX|kan|0|--	1
Romn_Holmsen-Polynesiskpassad.50	2-AUX|är|0|--	1
Romn_Holmsen-Polynesiskpassad.51	5-ADP|av|4|MD	1
Romn_Holmsen-Polynesiskpassad.51	3-ADP|på|2|RA	1
Romn_Holmsen-Polynesiskpassad.51	16-SCONJ|som|14|OA	1
Romn_Holmsen-Polynesiskpassad.53	9-ADP|till|8|RA	1
Romn_Holmsen-Polynesiskpassad.54	10-ADP|från|9|MD	1
Romn_Holmsen-Polynesiskpassad.54	4-AUX|var|0|-- 6-SCONJ|att|4|SP	2
Romn_Holmsen-Polynesiskpassad.55	2-ADP|på|5|RA	1
Romn_Holmsen-Polynesiskpassad.56	13-ADP|under|11|RA	1
Romn_Holmsen-Polynesiskpassad.56	9-SCONJ|att|8|OO	1
Romn_Holmsen-Polynesiskpassad.56	2-AUX|blir|0|-- 6-SCONJ|då|2|MD	2
Romn_Holmsen-Polynesiskpassad.62	1-ADP|I|3|RA	1
Romn_Holmsen-Polynesiskpassad.62	10-SCONJ|som|8|MD	1
Romn_Holmsen-Polynesiskpassad.62	6-ADP|med|3|OA	1
Romn_Holmsen-Polynesiskpassad.64	5-AUX|måtte|0|--	1
Romn_Holmsen-Polynesiskpassad.66	9-ADP|på|7|RA	1
Romn_Holmsen-Polynesiskpassad.67	8-SCONJ|som|6|AN 11-SCONJ|att|8|OO 9-ADP|till|11|MD	3
Romn_Holmsen-Polynesiskpassad.67	14-ADP|med|13|OA	1
Romn_Holmsen-Polynesiskpassad.68	1-ADP|I|3|MD	1
Romn_Holmsen-Polynesiskpassad.68	10-ADP|av|12|MD	1
Romn_Holmsen-Polynesiskpassad.68	9-ADP|med|8|MD	1
Romn_Holmsen-Polynesiskpassad.68	17-AUX|är|8|OO	1
Romn_Holmsen-Polynesiskpassad.71	7-ADP|med|4|MD	1
Romn_Holmsen-Polynesiskpassad.72	4-ADP|i|2|MD	1
Romn_Holmsen-Polynesiskpassad.74	4-ADP|mot|3|RA	1
Romn_Holmsen-Polynesiskpassad.74	13-ADP|mot|10|RA	1
Romn_Holmsen-Polynesiskpassad.77	5-ADP|för|2|MD	1
Romn_Holmsen-Polynesiskpassad.77	3-AUX|är|0|--	1
Romn_Holmsen-Polynesiskpassad.78	2-AUX|är|0|-- 5-AUX|vill|2|EF	2
Romn_Holmsen-Polynesiskpassad.79	1-ADP|Om|5|MD	1
Romn_Holmsen-Polynesiskpassad.79	6-ADP|i|3|MD	1
Romn_Holmsen-Polynesiskpassad.79	13-ADP|om|12|RA	1
Romn_Holmsen-Polynesiskpassad.81	8-ADP|av|7|AG	1
Romn_Holmsen-Polynesiskpassad.81	5-SCONJ|att|3|OO	1
Romn_Holmsen-Polynesiskpassad.81	2-AUX|måste|0|--	1
Romn_Holmsen-Polynesiskpassad.82	4-ADP|för|1|MD	1
Romn_Holmsen-Polynesiskpassad.82	2-AUX|var|0|--	1
Romn_Holmsen-Polynesiskpassad.83	11-ADP|genom|10|RA	1
Romn_Holmsen-Polynesiskpassad.83	7-ADP|efter|2|MD 8-PART|att|7|OO 9-AUX|ha|8|OO	3
Romn_Holmsen-Polynesiskpassad.84	8-ADP|på|7|OA	1
Romn_Holmsen-Polynesiskpassad.84	5-ADP|för|2|MD 6-PART|att|5|OO	2
Romn_Holmsen-Polynesiskpassad.87	4-AUX|var|0|--	1
Romn_Holmsen-Polynesiskpassad.88	15-ADP|med|12|MD	1
Romn_Holmsen-Polynesiskpassad.88	21-AUX|var|12|conj	1
Romn_Holmsen-Polynesiskpassad.90	7-SCONJ|som|6|MD	1
Romn_Holmsen-Polynesiskpassad.90	5-ADP|för|4|MD	1
Romn_Holmsen-Polynesiskpassad.91	8-ADP|före|5|RA	1
Romn_Holmsen-Polynesiskpassad.91	2-AUX|kunde|0|-- 4-AUX|ha|2|IV	2
Romn_Holmsen-Polynesiskpassad.94	15-ADP|hos|13|RA	1
Romn_Holmsen-Polynesiskpassad.94	12-PART|att|8|EO	1
Romn_Holmsen-Polynesiskpassad.95	3-ADP|i|2|MD	1
Romn_Holmsen-Polynesiskpassad.95	8-ADP|för|7|MD	1
Romn_Holmsen-Polynesiskpassad.95	15-ADP|i|14|AN	1
Romn_Holmsen-Polynesiskpassad.97	13-ADP|av|11|AG	1
Romn_Holmsen-Polynesiskpassad.97	16-ADP|med|11|MD	1
Romn_Holmsen-Polynesiskpassad.97	25-ADP|i|24|MD	1
Romn_Holmsen-Polynesiskpassad.97	22-SCONJ|då|11|MD 28-AUX|är|22|OO	2
Romn_Holmsen-Polynesiskpassad.98	16-ADP|på|20|MD	1
Romn_Holmsen-Polynesiskpassad.98	22-ADP|över|20|OA	1
Romn_Holmsen-Polynesiskpassad.98	8-SCONJ|att|5|ES	1
Romn_Holmsen-Polynesiskpassad.98	4-AUX|har|0|--	1
Romn_Holmsen-Polynesiskpassad.99	6-ADP|om|5|MD	1
Romn_Holmsen-Polynesiskpassad.99	4-PART|att|3|MD	1
Romn_Holmsen-Polynesiskpassad.101	3-ADP|på|9|MD	1
Romn_Holmsen-Polynesiskpassad.101	12-ADP|med|9|MD	1
Romn_Holmsen-Polynesiskpassad.102	6-ADP|sen|7|MD	1
Romn_Holmsen-Polynesiskpassad.102	15-ADP|från|14|MD	1
Romn_Holmsen-Polynesiskpassad.102	12-ADP|med|11|MD	1
Romn_Holmsen-Polynesiskpassad.102	9-ADP|på|7|MD	1
Romn_Holmsen-Polynesiskpassad.103	2-AUX|var|0|-- 3-ADP|i|2|MD	2
Romn_Holmsen-Polynesiskpassad.103	8-ADP|för|7|OA	1
Romn_Holmsen-Polynesiskpassad.104	5-ADP|för|1|MD	1
Romn_Holmsen-Polynesiskpassad.105	6-ADP|till|4|OA	1
Romn_Holmsen-Polynesiskpassad.105	2-AUX|kunde|0|--	1
Romn_Holmsen-Polynesiskpassad.107	13-ADP|på|11|MD	1
Romn_Holmsen-Polynesiskpassad.107	19-ADP|med|18|MD	1
Romn_Holmsen-Polynesiskpassad.107	23-ADP|utan|18|MD 24-SCONJ|att|23|OO	2
Romn_Holmsen-Polynesiskpassad.107	8-ADP|om|5|OA 9-SCONJ|att|8|OO 17-PART|att|9|AN	3
Romn_Holmsen-Polynesiskpassad.107	35-ADP|på|34|OO	1
Romn_Holmsen-Polynesiskpassad.107	8-ADP|om|5|OA 9-SCONJ|att|8|OO 17-PART|att|9|AN 28-PART|att|9|AN	4
Romn_Holmsen-Polynesiskpassad.107	3-SCONJ|att|2|OO	1
Romn_Holmsen-Polynesiskpassad.110	2-AUX|måste|0|-- 3-ADP|i|2|MD	2
Romn_Holmsen-Polynesiskpassad.110	2-AUX|måste|0|-- 3-ADP|i|2|MD 6-AUX|ha|2|IV	3
Romn_Holmsen-Polynesiskpassad.111	5-ADP|emot|4|RA	1
Romn_Holmsen-Polynesiskpassad.112	3-AUX|var|0|--	1
Romn_Holmsen-Polynesiskpassad.113	12-AUX|hade|11|OO	1
Romn_Holmsen-Polynesiskpassad.113	25-ADP|på|24|MD	1
Romn_Holmsen-Polynesiskpassad.113	21-AUX|skulle|0|--	1
Romn_Holmsen-Polynesiskpassad.115	8-SCONJ|att|6|OO 10-AUX|är|8|OO	2
Romn_Holmsen-Polynesiskpassad.115	3-AUX|kan|13|OO	1
Romn_Holmsen-Polynesiskpassad.115	15-ADP|med|13|MD	1
Romn_Holmsen-Polynesiskpassad.116	2-ADP|i|1|RA	1
Romn_Holmsen-Polynesiskpassad.116	15-AUX|har|1|conj	1
Romn_Holmsen-Polynesiskpassad.118	3-AUX|är|7|OO	1
Romn_Holmsen-Polynesiskpassad.120	4-AUX|skulle|0|-- 7-AUX|ha|4|IV	2
Romn_Holmsen-Polynesiskpassad.122	8-ADP|i|5|MD	1
Romn_Holmsen-Polynesiskpassad.122	13-ADP|för|16|MD	1
Romn_Holmsen-Polynesiskpassad.122	19-ADP|i|16|MD	1
Romn_Holmsen-Polynesiskpassad.124	9-ADP|från|4|MD	1
Romn_Holmsen-Polynesiskpassad.126	3-AUX|är|6|OO	1
Romn_Holmsen-Polynesiskpassad.128	4-SCONJ|att|2|ES	1
Romn_Holmsen-Polynesiskpassad.129	7-ADP|på|6|MD	1
Romn_Holmsen-Polynesiskpassad.129	10-ADP|för|9|MD	1
Romn_Holmsen-Polynesiskpassad.129	13-SCONJ|att|9|OO 15-AUX|var|13|OO	2
Romn_Holmsen-Polynesiskpassad.129	5-ADP|med|3|MD	1
Romn_Holmsen-Polynesiskpassad.131	11-ADP|i|5|MD	1
Romn_Holmsen-Polynesiskpassad.132	3-AUX|får|7|OO	1
Romn_Holmsen-Polynesiskpassad.134	1-ADP|Efter|4|MD	1
Romn_Holmsen-Polynesiskpassad.134	16-ADP|på|4|MD	1
Romn_Holmsen-Polynesiskpassad.135	1-ADP|Av|8|MD	1
Romn_Holmsen-Polynesiskpassad.135	23-ADP|i|22|MD	1
Romn_Holmsen-Polynesiskpassad.135	17-ADP|med|16|MD	1
Romn_Holmsen-Polynesiskpassad.135	14-ADP|med|11|OA	1
Romn_Holmsen-Polynesiskpassad.135	10-PART|att|9|MD	1
Romn_Holmsen-Polynesiskpassad.135	5-AUX|har|0|--	1
Romn_Holmsen-Polynesiskpassad.137	2-AUX|har|0|--	1
Romn_Holmsen-Polynesiskpassad.139	12-ADP|från|11|MD	1
Romn_Holmsen-Polynesiskpassad.139	10-ADP|på|8|OA	1
Romn_Holmsen-Polynesiskpassad.139	15-ADP|i|8|MD	1
Romn_Holmsen-Polynesiskpassad.139	6-AUX|skall|0|--	1
Romn_Holmsen-Polynesiskpassad.141	3-ADP|efter|2|OA	1
Romn_Holmsen-Polynesiskpassad.142	9-ADP|i|3|RA	1
Romn_Holmsen-Polynesiskpassad.142	16-ADP|på|14|RA	1
Romn_Holmsen-Polynesiskpassad.142	18-ADP|för|14|MD 19-SCONJ|att|18|OO	2
Romn_Holmsen-Polynesiskpassad.144	2-ADP|vid|1|MD	1
Romn_Holmsen-Polynesiskpassad.145	6-ADP|på|5|MD	1
Romn_Holmsen-Polynesiskpassad.145	2-AUX|kom|0|-- 4-PART|att|2|IV	2
Romn_Holmsen-Polynesiskpassad.146	5-SCONJ|som|3|JF	1
Romn_Holmsen-Polynesiskpassad.146	1-AUX|Är|0|--	1
Romn_Holmsen-Polynesiskpassad.147	20-AUX|var|18|OO	1
Romn_Holmsen-Polynesiskpassad.147	15-ADP|om|12|MD	1
Romn_Holmsen-Polynesiskpassad.147	11-ADP|för|9|MD	1
Romn_Holmsen-Polynesiskpassad.147	31-ADP|med|30|OA	1
Romn_Holmsen-Polynesiskpassad.147	37-ADP|i|24|MD	1
Romn_Holmsen-Polynesiskpassad.147	2-AUX|är|0|--	1
Romn_Holmsen-Polynesiskpassad.149	3-ADP|vid|2|MD	1
Romn_Holmsen-Polynesiskpassad.149	15-SCONJ|som|9|JF	1
Romn_Holmsen-Polynesiskpassad.149	11-ADP|med|10|OA	1
Romn_Holmsen-Polynesiskpassad.149	7-AUX|är|0|--	1
Romn_Holmsen-Polynesiskpassad.150	7-ADP|på|5|OA	1
Romn_Holmsen-Polynesiskpassad.153	1-ADP|Härom|3|MD	1
Romn_Holmsen-Polynesiskpassad.153	7-ADP|av|6|MD	1
Romn_Holmsen-Polynesiskpassad.153	17-ADP|innan|16|OA	1
Romn_Holmsen-Polynesiskpassad.153	31-ADP|över|30|MD	1
Romn_Holmsen-Polynesiskpassad.153	29-ADP|av|28|MD	1
Romn_Holmsen-Polynesiskpassad.153	27-ADP|på|26|RA	1
Romn_Holmsen-Polynesiskpassad.153b	5-DET|de|8|DT	1
Romn_Holmsen-Polynesiskpassad.153b	12-AUX|kan|2|conj	1
Romn_Holmsen-Polynesiskpassad.156	5-ADP|vid|4|RA	1
Romn_Holmsen-Polynesiskpassad.157	5-ADP|med|2|OA 7-SCONJ|att|5|OO 10-AUX|var|7|OO	3
Romn_Holmsen-Polynesiskpassad.158	8-ADP|på|5|RA	1
Romn_Holmsen-Polynesiskpassad.160	9-ADP|av|8|MD	1
Romn_Holmsen-Polynesiskpassad.160	13-ADP|efter|5|MD	1
Romn_Holmsen-Polynesiskpassad.160	3-AUX|har|17|OO	1
Romn_Holmsen-Polynesiskpassad.161	1-DET|De|3|DT	1
Romn_Holmsen-Polynesiskpassad.161	18-ADP|frän|17|MD	1
Romn_Holmsen-Polynesiskpassad.161	16-ADP|med|15|MD	1
Romn_Holmsen-Polynesiskpassad.163	1-ADP|Emot|3|RA	1
Romn_Holmsen-Polynesiskpassad.163	13-ADP|i|12|MD	1
Romn_Holmsen-Polynesiskpassad.163	8-ADP|med|7|MD	1
Romn_Holmsen-Polynesiskpassad.166	11-AUX|har|5|OO 12-ADP|till|11|MD	2
Romn_Holmsen-Polynesiskpassad.166	24-ADP|till|22|MD	1
Romn_Holmsen-Polynesiskpassad.166	17-DET|den|19|DT	1
Romn_Holmsen-Polynesiskpassad.166	28-DET|den|30|DT	1
Romn_Holmsen-Polynesiskpassad.166	35-AUX|vara|34|IV	1
Romn_Holmsen-Polynesiskpassad.166	33-SCONJ|som|30|MD	1
Romn_Holmsen-Polynesiskpassad.166	45-ADP|sen|41|MD	1
Romn_Holmsen-Polynesiskpassad.166	16-SCONJ|att|15|OO 40-AUX|har|16|OO	2
Romn_Holmsen-Polynesiskpassad.167	8-AUX|är|0|-- 10-SCONJ|som|8|EF	2
Romn_Holmsen-Polynesiskpassad.168	7-ADP|med|6|MD	1
Romn_Holmsen-Polynesiskpassad.168	11-ADP|av|10|MD	1
Romn_Holmsen-Polynesiskpassad.168	9-ADP|i|6|MD	1
Romn_Holmsen-Polynesiskpassad.169	13-ADP|till|12|MD	1
Romn_Holmsen-Polynesiskpassad.169	18-ADP|till|17|MD	1
Romn_Holmsen-Polynesiskpassad.169	9-AUX|ska|7|OO	1
Romn_Holmsen-Polynesiskpassad.169	5-ADP|på|4|MD	1
Romn_Holmsen-Polynesiskpassad.171	4-ADP|om|2|MD	1
Romn_Holmsen-Polynesiskpassad.173	4-PART|att|2|OA	1
Romn_Holmsen-Polynesiskpassad.176	2-AUX|ska|0|--	1
Romn_Holmsen-Polynesiskpassad.177	12-ADP|om|11|OA	1
Romn_Holmsen-Polynesiskpassad.177	8-AUX|har|2|OO	1
Romn_Holmsen-Polynesiskpassad.182	15-ADP|i|14|MD	1
Romn_Holmsen-Polynesiskpassad.182	12-ADP|till|11|RA	1
Romn_Holmsen-Polynesiskpassad.182	10-SCONJ|som|9|MD	1
Romn_Holmsen-Polynesiskpassad.182	5-AUX|är|0|-- 19-SCONJ|som|5|EF 21-AUX|ska|19|OO	3
Romn_Holmsen-Polynesiskpassad.183	7-ADP|från|6|MD	1
Romn_Holmsen-Polynesiskpassad.183	12-AUX|är|2|conj	1
Romn_Holmsen-Polynesiskpassad.184	11-ADP|i|10|RA	1
Romn_Holmsen-Polynesiskpassad.184	13-SCONJ|som|10|JF	1
Romn_Holmsen-Polynesiskpassad.185	8-ADP|för|7|MD	1
Romn_Holmsen-Polynesiskpassad.185	5-ADP|i|2|MD	1
Romn_Holmsen-Polynesiskpassad.186	5-ADP|i|3|MD	1
Romn_Holmsen-Polynesiskpassad.186	2-AUX|vill|0|--	1
Romn_Holmsen-Polynesiskpassad.187	10-ADP|med|9|MD	1
Romn_Holmsen-Polynesiskpassad.187	14-ADP|till|13|MD	1
Romn_Holmsen-Polynesiskpassad.187	12-ADP|nerför|8|RA	1
Romn_Holmsen-Polynesiskpassad.187	7-PART|att|4|OO	1
Romn_Holmsen-Polynesiskpassad.189	2-AUX|ville|0|--	1
Romn_Holmsen-Polynesiskpassad.190	3-AUX|var|0|--	1
Romn_Holmsen-Polynesiskpassad.191	2-AUX|var|0|--	1
Romn_Holmsen-Polynesiskpassad.192	16-ADP|i|15|MD	1
Romn_Holmsen-Polynesiskpassad.192	12-SCONJ|som|10|JF	1
Romn_Holmsen-Polynesiskpassad.192	8-AUX|var|2|conj	1
Romn_Holmsen-Polynesiskpassad.193	6-ADP|av|5|MD	1
Romn_Holmsen-Polynesiskpassad.193	4-ADP|av|3|OA	1
Romn_Holmsen-Polynesiskpassad.195	4-AUX|var|0|-- 1-ADP|I|4|MD	2
Romn_Holmsen-Polynesiskpassad.195	8-ADP|på|7|MD	1
Romn_Holmsen-Polynesiskpassad.196	5-ADP|längs|4|MD	1
Romn_Holmsen-Polynesiskpassad.196	1-ADP|Under|11|MD	1
Romn_Holmsen-Polynesiskpassad.196	20-ADP|av|19|MD	1
Romn_Holmsen-Polynesiskpassad.196	18-ADP|till|11|OA	1
Romn_Holmsen-Polynesiskpassad.197	5-ADP|för|7|MD	1
Romn_Holmsen-Polynesiskpassad.198	10-ADP|i|3|MD	1
Romn_Holmsen-Polynesiskpassad.198	18-ADP|ur|16|RA	1
Romn_Holmsen-Polynesiskpassad.198	14-SCONJ|då|3|MD	1
Romn_Holmsen-Polynesiskpassad.198	31-ADP|av|30|MD	1
Romn_Holmsen-Polynesiskpassad.200	3-SCONJ|att|2|OO	1
Romn_Holmsen-Polynesiskpassad.201	2-ADP|av|4|MD	1
Romn_Holmsen-Polynesiskpassad.201	1-ADP|Med|6|MD	1
Romn_Holmsen-Polynesiskpassad.201	13-ADP|av|6|RA 11-ADP|i|13|MD	2
Romn_Holmsen-Polynesiskpassad.203	19-ADP|i|17|MD	1
Romn_Holmsen-Polynesiskpassad.203	16-ADP|på|15|MD	1
Romn_Holmsen-Polynesiskpassad.203	14-ADP|i|13|MD	1
Romn_Holmsen-Polynesiskpassad.203	10-ADP|på|9|MD	1
Romn_Holmsen-Polynesiskpassad.203	5-AUX|var|0|--	1
Romn_Holmsen-Polynesiskpassad.204	8-ADP|med|7|MD	1
Romn_Holmsen-Polynesiskpassad.204	18-SCONJ|då|16|MD	1
Romn_Holmsen-Polynesiskpassad.204	30-ADP|om|29|MD	1
Romn_Holmsen-Polynesiskpassad.204	28-ADP|av|27|MD	1
Romn_Holmsen-Polynesiskpassad.204	26-ADP|till|25|MD	1
Romn_Holmsen-Polynesiskpassad.204	13-AUX|skall|0|--	1
Romn_Holmsen-Polynesiskpassad.206	3-ADP|på|2|MD	1
Romn_Holmsen-Polynesiskpassad.206	15-ADP|i|14|RA	1
Romn_Holmsen-Polynesiskpassad.206	26-ADP|med|25|MD	1
Romn_Holmsen-Polynesiskpassad.206	23-ADP|vid|21|RA	1
Romn_Holmsen-Polynesiskpassad.206	6-SCONJ|då|2|MD	1
Romn_Holmsen-Polynesiskpassad.206	35-ADP|på|33|OA	1
Romn_Holmsen-Polynesiskpassad.207	1-ADP|Med|4|MD	1
Romn_Holmsen-Polynesiskpassad.207	7-ADP|i|6|MD	1
Romn_Holmsen-Polynesiskpassad.207	11-SCONJ|allt eftersom|14|MD	1
Romn_Holmsen-Polynesiskpassad.207	17-ADP|för|14|OA	1
Romn_Holmsen-Polynesiskpassad.207	35-ADP|emot|33|RA	1
Romn_Holmsen-Polynesiskpassad.207	40-ADP|i|39|MD	1
Romn_Holmsen-Polynesiskpassad.207	37-ADP|med|33|MD	1
Romn_Holmsen-Polynesiskpassad.207	32-SCONJ|som|31|MD	1
Romn_Holmsen-Polynesiskpassad.207	20-SCONJ|att|14|ES 24-AUX|var|20|OO	2
Romn_Holmsen-Polynesiskpassad.209	7-ADP|av|6|MD	1
Romn_Holmsen-Polynesiskpassad.209	16-SCONJ|som|15|MD 18-AUX|är|16|OO	2
Romn_Holmsen-Polynesiskpassad.209	3-AUX|bar|11|OO	1
Romn_Holmsen-Polynesiskpassad.211	3-ADP|för|2|MD	1
Romn_Holmsen-Polynesiskpassad.212	8-ADP|från|6|RA	1
Romn_Holmsen-Polynesiskpassad.212	11-ADP|till|6|RA	1
Romn_Holmsen-Polynesiskpassad.213	9-ADP|med|8|OA	1
Romn_Holmsen-Polynesiskpassad.213	13-ADP|i|12|OA	1
Romn_Holmsen-Polynesiskpassad.213	15-ADP|med|12|RA	1
Romn_Holmsen-Polynesiskpassad.213	3-ADP|vid|2|RA	1
Romn_Holmsen-Polynesiskpassad.216	4-ADP|av|3|MD	1
Romn_Holmsen-Polynesiskpassad.217	2-AUX|är|0|--	1
Romn_Holmsen-Polynesiskpassad.219	3-ADP|i|2|MD	1
Romn_Holmsen-Polynesiskpassad.221	2-ADP|i|6|RA	1
Romn_Holmsen-Polynesiskpassad.221	8-ADP|i|7|MD	1
Romn_Holmsen-Polynesiskpassad.221	10-ADP|på|6|MD	1
Romn_Holmsen-Polynesiskpassad.222	9-ADP|i|7|MD	1
Romn_Holmsen-Polynesiskpassad.222	11-ADP|till|7|RA	1
Romn_Holmsen-Polynesiskpassad.223	22-ADP|med|21|MD	1
Romn_Holmsen-Polynesiskpassad.223	9-SCONJ|att|4|DF 20-AUX|skulle|9|OO	2
Romn_Holmsen-Polynesiskpassad.224	5-PART|att|4|OO	1
Romn_Holmsen-Polynesiskpassad.224	2-AUX|var|0|--	1
Romn_Holmsen-Polynesiskpassad.225	12-ADP|från|10|RA	1
Romn_Holmsen-Polynesiskpassad.225	7-SCONJ|att|3|OO 9-AUX|skulle|7|OO	2
Romn_Holmsen-Polynesiskpassad.225	26-AUX|skulle|3|parataxis	1
Romn_Holmsen-Polynesiskpassad.228	7-AUX|är|5|MD	1
Romn_Holmsen-Polynesiskpassad.228	2-AUX|skall|0|--	1
Romn_Holmsen-Polynesiskpassad.229	2-AUX|kommer|0|-- 4-PART|att|2|IV	2
Romn_Holmsen-Polynesiskpassad.232	5-ADP|härom|2|MD	1
Romn_Holmsen-Polynesiskpassad.234	4-AUX|var|0|--	1
Romn_Holmsen-Polynesiskpassad.235	5-ADP|på|4|MD	1
Romn_Holmsen-Polynesiskpassad.235	12-AUX|var|10|OO	1
Romn_Holmsen-Polynesiskpassad.235	18-SCONJ|sen|10|MD 17-ADP|med|18|MD	2
Romn_Holmsen-Polynesiskpassad.235	24-ADP|för|20|MD	1
Romn_Holmsen-Polynesiskpassad.236	5-ADP|med|2|MD	1
Romn_Holmsen-Polynesiskpassad.236	12-ADP|från|10|OA	1
Romn_Holmsen-Polynesiskpassad.236	8-AUX|kunde|2|conj	1
Romn_Holmsen-Polynesiskpassad.238	6-ADP|av|5|MD	1
Romn_Holmsen-Polynesiskpassad.243	7-ADP|på|6|RA	1
Romn_Holmsen-Polynesiskpassad.243	10-AUX|är|0|-- 1-ADP|Från|10|MD	2
Romn_Holmsen-Polynesiskpassad.243	14-ADP|av|13|OA	1
Romn_Holmsen-Polynesiskpassad.244	5-ADP|från|2|RA	1
Romn_Holmsen-Polynesiskpassad.244	7-ADP|med|2|MD	1
Romn_Holmsen-Polynesiskpassad.244	14-SCONJ|som|12|JF	1
Romn_Holmsen-Polynesiskpassad.244	18-ADP|utför|12|RA	1
Romn_Holmsen-Polynesiskpassad.245	15-ADP|för|14|OA	1
Romn_Holmsen-Polynesiskpassad.245	12-SCONJ|som|11|MD 13-AUX|är|12|OO	2
Romn_Holmsen-Polynesiskpassad.245	8-ADP|från|7|MD	1
Romn_Holmsen-Polynesiskpassad.245	5-ADP|med|2|MD	1
Romn_Holmsen-Polynesiskpassad.246	16-ADP|på|2|RA	1
Romn_Holmsen-Polynesiskpassad.247	2-SCONJ|som|5|MD	1
Romn_Holmsen-Polynesiskpassad.247	7-ADP|av|6|MD	1
Romn_Holmsen-Polynesiskpassad.247	9-ADP|från|5|RA	1
Romn_Holmsen-Polynesiskpassad.248	3-AUX|är|0|-- 1-ADP|Bland|3|RA	2
Romn_Holmsen-Polynesiskpassad.252	5-ADP|av|4|MD	1
Romn_Holmsen-Polynesiskpassad.252	18-ADP|om|16|MD	1
Romn_Holmsen-Polynesiskpassad.252	13-ADP|mellan|11|RA	1
Romn_Holmsen-Polynesiskpassad.252	9-SCONJ|som|4|MD	1
Romn_Holmsen-Polynesiskpassad.253	1-ADP|I|4|OA	1
Romn_Holmsen-Polynesiskpassad.254	5-ADP|från|4|MD	1
Romn_Holmsen-Polynesiskpassad.254	11-SCONJ|som|10|MD	1
Romn_Holmsen-Polynesiskpassad.254	28-SCONJ|än|26|JF	1
Romn_Holmsen-Polynesiskpassad.255	13-ADP|från|5|MD	1
Romn_Holmsen-Polynesiskpassad.256	38-ADP|mot|36|RA	1
Romn_Holmsen-Polynesiskpassad.256	33-SCONJ|då|31|MD 35-AUX|måste|33|MD	2
Romn_Holmsen-Polynesiskpassad.256	26-SCONJ|an|25|MD	1
Romn_Holmsen-Polynesiskpassad.256	22-SCONJ|som|20|MD	1
Romn_Holmsen-Polynesiskpassad.257	15-ADP|i|14|MD	1
Romn_Holmsen-Polynesiskpassad.257	20-ADP|på|18|MD	1
Romn_Holmsen-Polynesiskpassad.257	9-SCONJ|som|3|MD	1
Romn_Holmsen-Polynesiskpassad.258	11-ADP|till|10|MD	1
Romn_Holmsen-Polynesiskpassad.259	4-ADP|från|3|MD	1
Romn_Holmsen-Polynesiskpassad.259	14-ADP|över|12|RA	1
Romn_Holmsen-Polynesiskpassad.259	9-ADP|efter|16|MD 10-PART|att|9|OO 11-AUX|ha|10|OO	3
Romn_Holmsen-Polynesiskpassad.259	17-ADP|över|16|RA	1
Romn_Holmsen-Polynesiskpassad.259	21-ADP|till|16|RA	1
Romn_Holmsen-Polynesiskpassad.259	28-ADP|med|26|MD	1
Romn_Holmsen-Polynesiskpassad.259	23-ADP|för|16|MD 24-PART|att|23|OO 25-AUX|få|24|OO	3
Romn_Holmsen-Polynesiskpassad.259	8-SCONJ|som|7|MD	1
Romn_Holmsen-Polynesiskpassad.260	4-ADP|från|3|MD	1
Romn_Holmsen-Polynesiskpassad.260	9-SCONJ|som|8|MD 10-AUX|fick|9|OO 13-PART|att|10|IV	3
Romn_Holmsen-Polynesiskpassad.261	5-ADP|från|4|MD	1
Romn_Holmsen-Polynesiskpassad.261	21-ADP|från|20|MD	1
Romn_Holmsen-Polynesiskpassad.261	25-DET|allas|30|DT	1
Romn_Holmsen-Polynesiskpassad.262	8-ADP|till|6|OA	1
Romn_Holmsen-Polynesiskpassad.262	5-SCONJ|som|4|MD	1
Romn_Holmsen-Polynesiskpassad.262	13-SCONJ|som|12|JF	1
Romn_Holmsen-Polynesiskpassad.262	17-ADP|med|16|MD	1
Romn_Holmsen-Polynesiskpassad.264	3-AUX|var|0|--	1
Romn_Holmsen-Polynesiskpassad.265	2-ADP|mellan|4|RA	1
Romn_Holmsen-Polynesiskpassad.267	6-ADP|i|2|RA	1
Romn_Holmsen-Polynesiskpassad.268	10-ADP|vid|9|MD	1
Romn_Holmsen-Polynesiskpassad.268	8-ADP|under|6|RA	1
Romn_Holmsen-Polynesiskpassad.269	15-ADP|mot|13|RA	1
Romn_Holmsen-Polynesiskpassad.269	5-ADP|av|4|MD	1
Romn_Holmsen-Polynesiskpassad.269	3-ADP|på|2|RA	1
Romn_Holmsen-Polynesiskpassad.270	12-ADP|ur|10|RA	1
Romn_Holmsen-Polynesiskpassad.270	9-SCONJ|som|7|MD	1
Romn_Holmsen-Polynesiskpassad.270	6-ADP|från|2|RA	1
Romn_Holmsen-Polynesiskpassad.273	7-ADP|av|6|MD	1
Romn_Holmsen-Polynesiskpassad.273	4-ADP|till|2|RA	1
Romn_Holmsen-Polynesiskpassad.275	7-ADP|igenom|3|MD	1
Romn_Holmsen-Polynesiskpassad.277	3-ADP|i|2|RA	1
Romn_Holmsen-Polynesiskpassad.278	3-ADP|i|2|RA	1
Romn_Holmsen-Polynesiskpassad.278	5-ADP|efter|2|MD	1
Romn_Holmsen-Polynesiskpassad.280	10-ADP|till|6|MD	1
Romn_Holmsen-Polynesiskpassad.282	13-ADP|i|11|RA	1
Romn_Holmsen-Polynesiskpassad.282	3-SCONJ|att|2|OO 9-AUX|kunde|3|OO 10-AUX|få|9|IV	3
Romn_Holmsen-Polynesiskpassad.283	7-ADP|från|6|MD	1
Romn_Holmsen-Polynesiskpassad.283	3-ADP|till|2|MD	1
Romn_Holmsen-Polynesiskpassad.283	16-SCONJ|att|14|MD 19-AUX|skall|16|OO 22-SCONJ|då|19|MD 25-AUX|är|22|MD	4
Romn_Holmsen-Polynesiskpassad.287	4-ADP|från|3|RA	1
Romn_Holmsen-Polynesiskpassad.287	9-AUX|var|0|-- 1-SCONJ|Fast|9|MD	2
Romn_Holmsen-Polynesiskpassad.287	14-SCONJ|än|13|JF	1
Romn_Holmsen-Polynesiskpassad.287	12-SCONJ|som|11|MD	1
Romn_Holmsen-Polynesiskpassad.288	8-AUX|kunde|5|JF	1
Romn_Holmsen-Polynesiskpassad.288	2-AUX|hade|0|--	1
Romn_Holmsen-Polynesiskpassad.289	6-ADP|till|5|RA	1
Romn_Holmsen-Polynesiskpassad.289	8-ADP|med|5|MD	1
Romn_Holmsen-Polynesiskpassad.289	3-SCONJ|att|2|OO	1
Romn_Holmsen-Polynesiskpassad.290	7-ADP|på|6|MD	1
Romn_Holmsen-Polynesiskpassad.290	5-ADP|i|3|MD	1
Romn_Holmsen-Polynesiskpassad.290	2-AUX|hade|0|--	1
Romn_Holmsen-Polynesiskpassad.291	2-AUX|var|0|--	1
Romn_Holmsen-Polynesiskpassad.294	6-ADP|i|5|RA	1
Romn_Holmsen-Polynesiskpassad.294	14-ADP|under|12|RA	1
Romn_Holmsen-Polynesiskpassad.294	23-ADP|till|18|MD	1
Romn_Holmsen-Polynesiskpassad.295	7-ADP|kring|5|RA	1
Romn_Holmsen-Polynesiskpassad.295	18-ADP|i|16|RA	1
Romn_Holmsen-Polynesiskpassad.295	20-ADP|för|16|MD 21-PART|att|20|OO	2
Romn_Holmsen-Polynesiskpassad.296	10-ADP|av|9|MD	1
Romn_Holmsen-Polynesiskpassad.296	7-AUX|var|2|conj	1
Romn_Holmsen-Polynesiskpassad.298	8-ADP|till|6|OA	1
Romn_Holmsen-Polynesiskpassad.298	5-PART|att|4|OO	1
Romn_Holmsen-Polynesiskpassad.298	2-AUX|kunde|0|--	1
Romn_Holmsen-Polynesiskpassad.299	3-AUX|var|0|--	1
Romn_Holmsen-Polynesiskpassad.300	5-AUX|var|0|--	1
Romn_Holmsen-Polynesiskpassad.302	4-ADP|till|2|MD	1
Romn_Holmsen-Polynesiskpassad.303	4-ADP|utifrån|3|RA	1
Romn_Holmsen-Polynesiskpassad.303	7-ADP|i|3|RA	1
Romn_Holmsen-Polynesiskpassad.303	2-AUX|hade|0|--	1
Romn_Holmsen-Polynesiskpassad.304	3-AUX|hade|0|-- 1-ADP|I|3|MD	2
Romn_Holmsen-Polynesiskpassad.304	13-ADP|av|12|MD	1
Romn_Holmsen-Polynesiskpassad.304	10-ADP|i|9|MD	1
Romn_Holmsen-Polynesiskpassad.304	6-ADP|till|5|MD	1
Romn_Holmsen-Polynesiskpassad.305	5-ADP|med|4|MD	1
Romn_Holmsen-Polynesiskpassad.305	2-AUX|hade|0|-- 7-SCONJ|som|2|JF 8-ADP|med|7|OO	3
Romn_Holmsen-Polynesiskpassad.306	15-ADP|för|14|MD	1
Romn_Holmsen-Polynesiskpassad.306	3-SCONJ|att|2|OO	1
Romn_Holmsen-Polynesiskpassad.307	2-AUX|var|0|--	1
Romn_Holmsen-Polynesiskpassad.308	2-AUX|var|0|--	1
Romn_Holmsen-Polynesiskpassad.310	5-ADP|för|3|OA	1
Romn_Holmsen-Polynesiskpassad.313	18-ADP|ur|17|RA	1
Romn_Holmsen-Polynesiskpassad.313	22-ADP|från|21|RA	1
Romn_Holmsen-Polynesiskpassad.313	24-ADP|till|21|RA	1
Romn_Holmsen-Polynesiskpassad.313	16-SCONJ|som|15|MD	1
Romn_Holmsen-Polynesiskpassad.313	7-AUX|är|4|OO	1
Romn_Holmsen-Polynesiskpassad.313b	4-ADP|mot|2|RA	1
Romn_Holmsen-Polynesiskpassad.313b	6-SCONJ|som|2|MD	1
Romn_Holmsen-Polynesiskpassad.314	6-ADP|kring|2|RA	1
Romn_Holmsen-Polynesiskpassad.314	15-AUX|är|2|parataxis 12-ADP|i|15|MD	2
Romn_Holmsen-Polynesiskpassad.315	3-ADP|i|2|MD	1
Romn_Holmsen-Polynesiskpassad.315	8-ADP|i|7|MD	1
Romn_Holmsen-Polynesiskpassad.315	10-ADP|utför|7|RA	1
Romn_Holmsen-Polynesiskpassad.315	14-ADP|i|13|RA	1
Romn_Holmsen-Polynesiskpassad.315	16-ADP|mot|13|RA	1
Romn_Holmsen-Polynesiskpassad.315	21-ADP|med|19|MD	1
Romn_Holmsen-Polynesiskpassad.315	25-ADP|i|19|DF	1
Romn_Holmsen-Polynesiskpassad.316	4-SCONJ|som|3|MD	1
Romn_Holmsen-Polynesiskpassad.316	2-AUX|är|0|--	1
Romn_Holmsen-Polynesiskpassad.318	4-AUX|är|0|-- 2-SCONJ|Som|4|JF	2
Romn_Holmsen-Polynesiskpassad.319	4-ADP|från|2|RA	1
Romn_Holmsen-Polynesiskpassad.320	3-ADP|från|2|RA	1
Romn_Holmsen-Polynesiskpassad.320	5-ADP|till|2|RA	1
Romn_Holmsen-Polynesiskpassad.321	3-ADP|i|2|RA	1
Romn_Holmsen-Polynesiskpassad.321	7-ADP|i|6|RA	1
Romn_Holmsen-Polynesiskpassad.322	3-ADP|med|2|MD	1
Romn_Holmsen-Polynesiskpassad.322	5-ADP|till|2|RA	1
Romn_Holmsen-Polynesiskpassad.323	5-ADP|i|2|MD	1
Romn_Holmsen-Polynesiskpassad.324	11-ADP|bland|9|AN	1
Romn_Holmsen-Polynesiskpassad.325	8-SCONJ|som|6|JF	1
Romn_Holmsen-Polynesiskpassad.329	3-AUX|är|8|OO	1
Romn_Holmsen-Polynesiskpassad.331	3-AUX|är|6|OO	1
Romn_Holmsen-Polynesiskpassad.332	2-AUX|är|0|--	1
Romn_Holmsen-Polynesiskpassad.333	3-ADP|av|2|OA	1
Romn_Holmsen-Polynesiskpassad.335	5-ADP|mot|4|OA	1
Romn_Holmsen-Polynesiskpassad.337	6-ADP|om|5|MD	1
Romn_Holmsen-Polynesiskpassad.337	2-AUX|Har|12|OO	1
Romn_Holmsen-Polynesiskpassad.338	4-ADP|på|3|MD	1
Romn_Holmsen-Polynesiskpassad.338	2-AUX|var|0|--	1
Romn_Holmsen-Polynesiskpassad.339	10-ADP|till|6|MD	1
Romn_Holmsen-Polynesiskpassad.339	3-AUX|var|13|OO	1
Romn_Holmsen-Polynesiskpassad.340	10-PART|att|9|IV	1
Romn_Holmsen-Polynesiskpassad.340	8-SCONJ|som|7|MD	1
Romn_Holmsen-Polynesiskpassad.340	3-AUX|var|0|-- 5-ADP|av|3|OA	2
Romn_Holmsen-Polynesiskpassad.341	3-ADP|i|2|MD	1
Romn_Holmsen-Polynesiskpassad.341	10-ADP|i|9|MD	1
Romn_Holmsen-Polynesiskpassad.342	5-ADP|från|4|RA	1
Romn_Holmsen-Polynesiskpassad.342	7-ADP|till|4|RA	1
Romn_Holmsen-Polynesiskpassad.342	12-ADP|på|11|MD	1
Romn_Holmsen-Polynesiskpassad.342	16-ADP|över|11|MD	1
Romn_Holmsen-Polynesiskpassad.343	12-ADP|av|11|MD	1
Romn_Holmsen-Polynesiskpassad.343	15-ADP|till|10|RA	1
Romn_Holmsen-Polynesiskpassad.343	8-ADP|för|6|MD 9-PART|att|8|OO	2
Romn_Holmsen-Polynesiskpassad.344	4-ADP|före|2|MD	1
Romn_Holmsen-Polynesiskpassad.345	13-ADP|i|11|MD	1
Romn_Holmsen-Polynesiskpassad.346	6-ADP|från|2|RA	1
Romn_Holmsen-Polynesiskpassad.346	15-ADP|på|14|RA	1
Romn_Holmsen-Polynesiskpassad.346	11-SCONJ|som|10|MD	1
Romn_Holmsen-Polynesiskpassad.347	17-ADP|med|15|MD	1
Romn_Holmsen-Polynesiskpassad.347	14-SCONJ|som|12|MD	1
Romn_Holmsen-Polynesiskpassad.347	10-ADP|av|9|MD	1
Romn_Holmsen-Polynesiskpassad.348	4-SCONJ|som|3|JF	1
Romn_Holmsen-Polynesiskpassad.348	2-AUX|var|0|--	1
Romn_Holmsen-Polynesiskpassad.349	12-SCONJ|som|11|MD	1
Romn_Holmsen-Polynesiskpassad.349	8-ADP|i|6|MD	1
Romn_Holmsen-Polynesiskpassad.349	5-ADP|av|4|MD	1
Romn_Holmsen-Polynesiskpassad.350	1-ADP|Med|3|MD	1
Romn_Holmsen-Polynesiskpassad.351	1-ADP|Med|3|MD	1
Romn_Holmsen-Polynesiskpassad.352	5-ADP|av|4|MD	1
Romn_Holmsen-Polynesiskpassad.352	7-SCONJ|som|4|MD	1
Romn_Holmsen-Polynesiskpassad.353	14-ADP|på|13|MD	1
Romn_Holmsen-Polynesiskpassad.353	12-ADP|av|11|OA	1
Romn_Holmsen-Polynesiskpassad.353	10-SCONJ|som|8|MD	1
Romn_Holmsen-Polynesiskpassad.353	5-ADP|efter|4|MD	1
Romn_Holmsen-Polynesiskpassad.353	2-AUX|kunde|0|--	1
Romn_Holmsen-Polynesiskpassad.354	2-AUX|var|0|-- 3-SCONJ|som|2|SP	2
Romn_Holmsen-Polynesiskpassad.355	4-ADP|över|2|RA	1
Romn_Holmsen-Polynesiskpassad.355	7-SCONJ|om|2|MD	1
Romn_Holmsen-Polynesiskpassad.357	4-ADP|före|2|OA	1
Romn_Holmsen-Polynesiskpassad.358	9-SCONJ|att|8|OO 13-AUX|var|9|OO	2
Romn_Holmsen-Polynesiskpassad.358	7-SCONJ|som|5|MD	1
Romn_Holmsen-Polynesiskpassad.358	4-ADP|före|2|OA	1
Romn_Holmsen-Polynesiskpassad.361	1-ADP|I|5|MD	1
Romn_Holmsen-Polynesiskpassad.361	20-PART|att|18|ES	1
Romn_Holmsen-Polynesiskpassad.361	16-SCONJ|som|14|MD	1
Romn_Holmsen-Polynesiskpassad.362	4-ADP|i|3|MD	1
Romn_Holmsen-Polynesiskpassad.362	10-ADP|i|8|OA	1
Romn_Holmsen-Polynesiskpassad.362	12-ADP|på|8|RA	1
Romn_Holmsen-Polynesiskpassad.363	3-AUX|är|0|--	1
Romn_Holmsen-Polynesiskpassad.364	7-AUX|kunde|0|-- 8-ADP|i|7|MD	2
Romn_Holmsen-Polynesiskpassad.365	25-ADP|på|22|MD	1
Romn_Holmsen-Polynesiskpassad.365	18-SCONJ|som|16|MD	1
Romn_Holmsen-Polynesiskpassad.365	15-ADP|på|14|OA	1
Romn_Holmsen-Polynesiskpassad.367	5-ADP|till|3|RA	1
Romn_Holmsen-Polynesiskpassad.368	8-ADP|på|7|MD	1
Romn_Holmsen-Polynesiskpassad.368	2-AUX|hade|0|--	1
Romn_Holmsen-Polynesiskpassad.369	2-AUX|var|0|--	1
Romn_Holmsen-Polynesiskpassad.370	30-ADP|med|29|MD	1
Romn_Holmsen-Polynesiskpassad.370	5-ADP|för|2|OA	1
Romn_Holmsen-Polynesiskpassad.372	7-ADP|i|4|MD	1
Romn_Holmsen-Polynesiskpassad.372	3-SCONJ|som|2|MD	1
Romn_Holmsen-Polynesiskpassad.374	2-AUX|var|0|--	1
Romn_Holmsen-Polynesiskpassad.376	12-ADP|sedan|9|MD	1
Romn_Holmsen-Polynesiskpassad.376	3-AUX|var|14|OO	1
Romn_Holmsen-Polynesiskpassad.376	22-ADP|i|17|RA	1
Romn_Holmsen-Polynesiskpassad.380	2-AUX|var|0|--	1
Romn_Holmsen-Polynesiskpassad.381	5-ADP|på|4|OA	1
Romn_Holmsen-Polynesiskpassad.382	9-ADP|vid|5|RA	1
Romn_Holmsen-Polynesiskpassad.382	3-AUX|hade|0|--	1
Romn_Holmsen-Polynesiskpassad.384	5-ADP|i|2|RA	1
Romn_Holmsen-Polynesiskpassad.384	23-ADP|över|21|RA	1
Romn_Holmsen-Polynesiskpassad.384	19-SCONJ|där|17|MD	1
Romn_Holmsen-Polynesiskpassad.384	16-ADP|i|14|RA	1
Romn_Holmsen-Polynesiskpassad.384	11-SCONJ|då|10|MD	1
Romn_Holmsen-Polynesiskpassad.387	2-AUX|hade|0|--	1
Romn_Holmsen-Polynesiskpassad.388	2-ADP|om|3|RA	1
Romn_Holmsen-Polynesiskpassad.388	6-ADP|mot|3|RA	1
Romn_Holmsen-Polynesiskpassad.389	3-SCONJ|som|2|MD	1
Romn_Holmsen-Polynesiskpassad.389	7-ADP|på|2|RA	1
Romn_Holmsen-Polynesiskpassad.390	10-ADP|mot|9|AN	1
Romn_Holmsen-Polynesiskpassad.390	16-ADP|av|15|MD	1
Romn_Holmsen-Polynesiskpassad.390	19-ADP|mot|14|RA	1
Romn_Holmsen-Polynesiskpassad.391	1-ADP|Utan|8|MD 2-SCONJ|att|1|OO	2
Romn_Holmsen-Polynesiskpassad.391	12-ADP|till|8|RA	1
Romn_Holmsen-Polynesiskpassad.392	1-ADP|I|5|RA	1
Romn_Holmsen-Polynesiskpassad.392	8-ADP|av|7|MD	1
Romn_Holmsen-Polynesiskpassad.393	4-AUX|vara|2|IV	1
Romn_Holmsen-Polynesiskpassad.393	8-ADP|av|7|MD	1
Romn_Holmsen-Polynesiskpassad.395	8-ADP|på|7|MD	1
Romn_Holmsen-Polynesiskpassad.395	2-AUX|var|0|--	1
Romn_Holmsen-Polynesiskpassad.396	6-ADP|i|3|RA	1
Romn_Holmsen-Polynesiskpassad.397	9-ADP|i|8|MD	1
Romn_Holmsen-Polynesiskpassad.397	6-ADP|under|2|RA	1
Romn_Holmsen-Polynesiskpassad.398	4-ADP|av|3|MD	1
Romn_Holmsen-Polynesiskpassad.398	7-AUX|var|0|-- 1-SCONJ|Som|7|SP	2
Romn_Holmsen-Polynesiskpassad.401	5-ADP|i|4|AN	1
Romn_Holmsen-Polynesiskpassad.401	7-AUX|måtte|0|-- 1-SCONJ|Fast|7|MD	2
Romn_Holmsen-Polynesiskpassad.401	12-SCONJ|att|10|OO	1
Romn_Holmsen-Polynesiskpassad.401	7-AUX|måtte|0|-- 1-SCONJ|Fast|7|MD 9-AUX|ha|7|IV	3
Romn_Holmsen-Polynesiskpassad.403	5-AUX|fick|0|-- 1-ADP|Efter|5|MD	2
Romn_Holmsen-Polynesiskpassad.403	10-ADP|på|8|MD	1
Romn_Holmsen-Polynesiskpassad.403	7-ADP|av|14|MD	1
Romn_Holmsen-Polynesiskpassad.403	15-SCONJ|att|14|OO	1
Romn_Holmsen-Polynesiskpassad.404	7-ADP|om|2|MD	1
Romn_Holmsen-Polynesiskpassad.404	17-ADP|runt|16|MD	1
Romn_Holmsen-Polynesiskpassad.404	15-ADP|om|14|OO	1
Romn_Holmsen-Polynesiskpassad.405	6-ADP|om|5|MD	1
Romn_Holmsen-Polynesiskpassad.405	11-ADP|på|9|OA	1
Romn_Holmsen-Polynesiskpassad.407	3-AUX|vill|7|OO 4-AUX|vara|3|IV	2
Romn_Holmsen-Polynesiskpassad.410	7-SCONJ|som|6|MD	1
Romn_Holmsen-Polynesiskpassad.410	13-AUX|var|2|conj 14-ADP|i|13|MD	2
Romn_Holmsen-Polynesiskpassad.410	25-ADP|hos|24|OA	1
Romn_Holmsen-Polynesiskpassad.410	21-SCONJ|som|20|MD 22-AUX|är|21|OO	2
Romn_Holmsen-Polynesiskpassad.410	18-ADP|av|17|OA	1
Romn_Holmsen-Polynesiskpassad.411	13-ADP|intill|11|RA	1
Romn_Holmsen-Polynesiskpassad.411	17-ADP|kring|16|MD	1
Romn_Holmsen-Polynesiskpassad.411	15-ADP|i|11|RA	1
Romn_Holmsen-Polynesiskpassad.411	7-SCONJ|att|6|OO	1
Romn_Holmsen-Polynesiskpassad.411	3-AUX|kunde|0|--	1
Romn_Holmsen-Polynesiskpassad.413	10-ADP|till|8|OA	1
Romn_Holmsen-Polynesiskpassad.414	6-AUX|skulle|0|-- 1-AUX|Hade|6|MD 3-AUX|varit|1|IV	3
Romn_Holmsen-Polynesiskpassad.416	2-AUX|var|0|--	1
Romn_Holmsen-Polynesiskpassad.417	7-SCONJ|som|11|SP	1
Romn_Holmsen-Polynesiskpassad.417	16-ADP|i|11|RA	1
Romn_Holmsen-Polynesiskpassad.417	24-ADP|i|23|RA	1
Romn_Holmsen-Polynesiskpassad.417	19-ADP|för|11|MD 20-SCONJ|att|19|OO	2
Romn_Holmsen-Polynesiskpassad.419	13-SCONJ|som|17|MD	1
Romn_Holmsen-Polynesiskpassad.419	11-ADP|på|10|MD	1
Romn_Holmsen-Polynesiskpassad.419	9-ADP|i|6|RA	1
Romn_Holmsen-Polynesiskpassad.421	2-AUX|är|0|--	1
Romn_Strand-Pagarna.62	3-AUX|är|0|--	1
Romn_Strand-Pagarna.65	3-ADP|på|1|MD	1
Romn_Strand-Pagarna.65	8-ADP|framför|6|RA	1
Romn_Strand-Pagarna.65	5-AUX|hade|0|--	1
Romn_Strand-Pagarna.66	2-AUX|var|0|-- 3-ADP|i|2|MD	2
Romn_Strand-Pagarna.68	5-SCONJ|som|3|JF 6-SCONJ|om|5|OO	2
Romn_Strand-Pagarna.68	20-ADP|med|15|MD	1
Romn_Strand-Pagarna.70	6-AUX|är|2|OO	1
Romn_Strand-Pagarna.72	11-ADP|i|10|MD	1
Romn_Strand-Pagarna.72	9-ADP|framför|8|MD	1
Romn_Strand-Pagarna.72	5-ADP|under|3|RA	1
Romn_Strand-Pagarna.72	2-AUX|hade|0|--	1
Romn_Strand-Pagarna.73	4-AUX|hade|0|-- 1-ADP|Från|4|RA	2
Romn_Strand-Pagarna.73	10-SCONJ|som|8|JF	1
Romn_Strand-Pagarna.73	14-ADP|på|8|RA	1
Romn_Strand-Pagarna.74	4-SCONJ|att|2|OO 6-AUX|var|4|OO 8-SCONJ|som|6|EF	3
Romn_Strand-Pagarna.74	18-SCONJ|som|17|MD	1
Romn_Strand-Pagarna.74	16-AUX|är|12|OO	1
Romn_Strand-Pagarna.75	4-ADP|på|3|OA	1
Romn_Strand-Pagarna.75	8-ADP|med|7|MD	1
Romn_Strand-Pagarna.75	18-SCONJ|som|16|MD	1
Romn_Strand-Pagarna.75	20-ADP|efter|16|MD	1
Romn_Strand-Pagarna.76	5-ADP|till|4|OA	1
Romn_Strand-Pagarna.76	2-AUX|var|0|--	1
Romn_Strand-Pagarna.77	5-SCONJ|som|2|SP	1
Romn_Strand-Pagarna.80	9-ADP|på|8|AN	1
Romn_Strand-Pagarna.80	21-AUX|är|16|DF	1
Romn_Strand-Pagarna.82	6-DET|det|8|DT	1
Romn_Strand-Pagarna.82	9-ADP|till|5|OA	1
Romn_Strand-Pagarna.82	3-SCONJ|sen|12|MD	1
Romn_Strand-Pagarna.82	14-SCONJ|som|12|SP	1
Romn_Strand-Pagarna.82	19-ADP|till|17|OA	1
Romn_Strand-Pagarna.83	12-ADP|i|9|RA	1
Romn_Strand-Pagarna.83	6-ADP|i|3|RA	1
Romn_Strand-Pagarna.83	2-AUX|måste|0|--	1
Romn_Strand-Pagarna.84	2-AUX|var|0|--	1
Romn_Strand-Pagarna.85	4-ADP|från|2|RA	1
Romn_Strand-Pagarna.85	8-ADP|från|2|conj	1
Romn_Strand-Pagarna.85	13-ADP|från|2|conj	1
Romn_Strand-Pagarna.85	17-ADP|från|2|conj	1
Romn_Strand-Pagarna.85	21-ADP|från|2|conj	1
Romn_Strand-Pagarna.86	5-ADP|i|4|OA	1
Romn_Strand-Pagarna.86	2-AUX|har|0|--	1
Romn_Strand-Pagarna.87	9-ADP|med|6|MD	1
Romn_Strand-Pagarna.87	18-ADP|om|14|OA	1
Romn_Strand-Pagarna.87	24-ADP|på|23|OA	1
Romn_Strand-Pagarna.87	35-ADP|i|32|RA	1
Romn_Strand-Pagarna.87	40-AUX|är|32|conj 42-PART|inte|40|MD	2
Romn_Strand-Pagarna.87	40-AUX|är|32|conj 42-PART|inte|40|MD 46-SCONJ|som|40|EF	3
Romn_Strand-Pagarna.87	22-AUX|hade|2|parataxis	1
Romn_Strand-Pagarna.89	2-AUX|var|0|--	1
Romn_Strand-Pagarna.90	11-ADP|för|9|MD	1
Romn_Strand-Pagarna.90	8-PART|att|6|IV	1
Romn_Strand-Pagarna.90	4-SCONJ|att|2|OO	1
Romn_Strand-Pagarna.92	3-AUX|är|0|-- 8-SCONJ|som|3|EF	2
Romn_Strand-Pagarna.93	8-ADP|i|4|MD	1
Romn_Strand-Pagarna.93	14-ADP|på|13|AN	1
Romn_Strand-Pagarna.95	10-ADP|på|9|MD	1
Romn_Strand-Pagarna.95	6-ADP|med|5|MD	1
Romn_Strand-Pagarna.95	4-ADP|i|2|MD	1
Romn_Strand-Pagarna.95	17-ADP|i|16|MD	1
Romn_Strand-Pagarna.95	15-ADP|hos|14|MD	1
Romn_Strand-Pagarna.95	12-SCONJ|som|2|JF	1
Romn_Strand-Pagarna.96	3-AUX|skall|0|--	1
Romn_Strand-Pagarna.97	2-AUX|har|0|--	1
Romn_Strand-Pagarna.98	2-AUX|var|0|-- 5-SCONJ|som|2|EF	2
Romn_Strand-Pagarna.99	7-ADP|med|6|MD	1
Romn_Strand-Pagarna.99	14-ADP|i|12|RA	1
Romn_Strand-Pagarna.100	8-ADP|hos|4|RA	1
Romn_Strand-Pagarna.100	11-ADP|till|4|MD	1
Romn_Strand-Pagarna.100	2-AUX|har|0|--	1
Romn_Strand-Pagarna.102	5-ADP|med|4|MD	1
Romn_Strand-Pagarna.102	10-ADP|på|4|MD	1
Romn_Strand-Pagarna.103	5-ADP|med|2|OA	1
Romn_Strand-Pagarna.104	4-PART|att|2|IV	1
Romn_Strand-Pagarna.104	10-SCONJ|att|9|JF 12-AUX|kan|10|OO	2
Romn_Strand-Pagarna.105	13-ADP|på|12|OA	1
Romn_Strand-Pagarna.105	16-ADP|i|12|RA	1
Romn_Strand-Pagarna.105	21-ADP|till|12|MD	1
Romn_Strand-Pagarna.105	10-SCONJ|som|8|MD 11-AUX|skall|10|OO	2
Romn_Strand-Pagarna.105	6-ADP|i|4|OA	1
Romn_Strand-Pagarna.105	2-AUX|har|0|--	1
Romn_Strand-Pagarna.106	7-SCONJ|som|6|MD	1
Romn_Strand-Pagarna.106	5-ADP|till|3|OA	1
Romn_Strand-Pagarna.106	2-AUX|har|0|--	1
Romn_Strand-Pagarna.107	4-ADP|om|3|OA	1
Romn_Strand-Pagarna.107	2-AUX|är|0|--	1
Romn_Strand-Pagarna.108	8-ADP|i|5|MD	1
Romn_Strand-Pagarna.108	15-ADP|för|14|MD	1
Romn_Strand-Pagarna.108	13-ADP|on|11|OA	1
Romn_Strand-Pagarna.108	2-AUX|är|0|-- 10-SCONJ|som|2|EF	2
Romn_Strand-Pagarna.109	9-ADP|i|6|MD	1
Romn_Strand-Pagarna.109	4-AUX|är|0|-- 12-SCONJ|som|4|EF	2
Romn_Strand-Pagarna.111	1-ADP|För|5|MD	1
Romn_Strand-Pagarna.111	15-ADP|i|14|MD	1
Romn_Strand-Pagarna.112	4-PART|att|2|ES	1
Romn_Strand-Pagarna.114	1-ADP|Efter|5|MD	1
Romn_Strand-Pagarna.116	5-AUX|kan|0|--	1
Romn_Strand-Pagarna.117	6-ADP|för|2|MD	1
Romn_Strand-Pagarna.118	5-ADP|till|3|OA	1
Romn_Strand-Pagarna.118	20-ADP|på|18|RA	1
Romn_Strand-Pagarna.118	16-SCONJ|som|13|JF	1
Romn_Strand-Pagarna.118	8-SCONJ|att|3|OO 24-AUX|kommer|8|OO 9-SCONJ|om|24|MD	3
Romn_Strand-Pagarna.118	29-ADP|för|28|OA	1
Romn_Strand-Pagarna.118	8-SCONJ|att|3|OO 24-AUX|kommer|8|OO 9-SCONJ|om|24|MD 26-PART|att|24|IV	4
Romn_Strand-Pagarna.119	6-AUX|kan|0|-- 1-SCONJ|Om|6|MD	2
Romn_Strand-Pagarna.119	13-ADP|på|12|MD	1
Romn_Strand-Pagarna.120	2-AUX|hade|0|--	1
Romn_Strand-Pagarna.122	3-ADP|till|2|OA	1
Romn_Strand-Pagarna.122	13-ADP|med|8|OA	1
Romn_Strand-Pagarna.124	13-ADP|med|12|MD	1
Romn_Strand-Pagarna.124	9-ADP|med|8|MD	1
Romn_Strand-Pagarna.124	6-AUX|fick|2|DF	1
Romn_Strand-Pagarna.125	6-SCONJ|förrän|2|MD	1
Romn_Strand-Pagarna.126	3-ADP|på|2|OA	1
Romn_Strand-Pagarna.126	15-ADP|på|14|OA	1
Romn_Strand-Pagarna.126	12-PART|att|10|IV	1
Romn_Strand-Pagarna.127	6-ADP|i|5|MD	1
Romn_Strand-Pagarna.127	13-ADP|med|11|MD	1
Romn_Strand-Pagarna.128	5-ADP|till|3|RA	1
Romn_Strand-Pagarna.128	14-ADP|vid|13|MD	1
Romn_Strand-Pagarna.128	12-ADP|i|11|MD	1
Romn_Strand-Pagarna.128	10-ADP|på|9|OA	1
Romn_Strand-Pagarna.128	7-ADP|för|3|MD 8-PART|att|7|OO	2
Romn_Strand-Pagarna.129	1-ADP|I|3|MD	1
Romn_Strand-Pagarna.129	8-ADP|från|7|MD	1
Romn_Strand-Pagarna.130	3-ADP|i|2|OA	1
Romn_Strand-Pagarna.131	1-ADP|Efter|3|MD	1
Romn_Strand-Pagarna.131	7-ADP|på|3|MD	1
Romn_Strand-Pagarna.132	1-ADP|Efter|4|MD	1
Romn_Strand-Pagarna.132	10-ADP|i|9|MD	1
Romn_Strand-Pagarna.132	15-ADP|i|14|MD	1
Romn_Strand-Pagarna.132	12-ADP|mot|4|RA	1
Romn_Strand-Pagarna.133	1-ADP|Vid|3|RA	1
Romn_Strand-Pagarna.133	8-ADP|till|7|RA	1
Romn_Strand-Pagarna.135	7-ADP|med|6|MD	1
Romn_Strand-Pagarna.135	9-ADP|av|2|MD	1
Romn_Strand-Pagarna.137	4-ADP|i|2|MD	1
Romn_Strand-Pagarna.137	1-ADP|Hos|7|RA	1
Romn_Strand-Pagarna.137	13-ADP|med|12|MD	1
Romn_Strand-Pagarna.138	5-ADP|med|4|MD	1
Romn_Strand-Pagarna.139	5-ADP|efter|3|MD	1
Romn_Strand-Pagarna.139	2-AUX|fick|0|--	1
Romn_Strand-Pagarna.140	2-AUX|var|0|--	1
Romn_Strand-Pagarna.141	10-ADP|av|9|MD	1
Romn_Strand-Pagarna.141	16-ADP|under|14|OA	1
Romn_Strand-Pagarna.141	4-ADP|med|2|MD 5-PART|att|4|OO	2
Romn_Strand-Pagarna.142	3-ADP|i|2|MD	1
Romn_Strand-Pagarna.142	1-ADP|Med|5|MD	1
Romn_Strand-Pagarna.142	10-ADP|i|8|MD	1
Romn_Strand-Pagarna.143	4-ADP|med|2|MD	1
Romn_Strand-Pagarna.145	6-AUX|har|2|OO	1
Romn_Strand-Pagarna.146	4-ADP|i|2|MD	1
Romn_Strand-Pagarna.147	8-ADP|för|6|MD	1
Romn_Strand-Pagarna.147	3-SCONJ|att|1|OO 5-AUX|kan|3|OO	2
Romn_Strand-Pagarna.148	1-ADP|I|6|MD	1
Romn_Strand-Pagarna.148	8-SCONJ|att|6|OO 10-AUX|skall|8|OO	2
Romn_Strand-Pagarna.150	10-ADP|i|7|RA	1
Romn_Strand-Pagarna.151	3-ADP|till|2|OA	1
Romn_Strand-Pagarna.151	5-ADP|på|2|MD	1
Romn_Strand-Pagarna.153	11-ADP|till|8|MD	1
Romn_Strand-Pagarna.153	7-PART|att|5|IV	1
Romn_Strand-Pagarna.153	2-AUX|skulle|0|-- 4-AUX|kunna|2|IV	2
Romn_Strand-Pagarna.155	16-ADP|i|14|MD	1
Romn_Strand-Pagarna.155	13-PART|att|12|MD	1
Romn_Strand-Pagarna.155	10-ADP|på|9|MD	1
Romn_Strand-Pagarna.155	5-SCONJ|att|3|OO	1
Romn_Strand-Pagarna.155	25-ADP|med|24|OA	1
Romn_Strand-Pagarna.155	23-AUX|skall|3|conj	1
Romn_Strand-Pagarna.156	6-AUX|kan|4|OO	1
Romn_Strand-Pagarna.156	2-AUX|får|12|OO	1
Romn_Strand-Pagarna.158	9-ADP|efter|6|MD	1
Romn_Strand-Pagarna.158	16-ADP|i|13|MD	1
Romn_Strand-Pagarna.158	11-ADP|hos|6|RA	1
Romn_Strand-Pagarna.158	19-ADP|av|18|AG	1
Romn_Strand-Pagarna.158	5-AUX|hade|0|--	1
Romn_Strand-Pagarna.159	6-ADP|från|5|MD	1
Romn_Strand-Pagarna.159	2-AUX|hade|0|-- 3-ADP|i|2|MD	2
Romn_Strand-Pagarna.159	2-AUX|hade|0|-- 3-ADP|i|2|MD 8-ADP|på|2|MD	3
Romn_Strand-Pagarna.159	16-ADP|till|15|RA	1
Romn_Strand-Pagarna.159	20-ADP|för|19|MD	1
Romn_Strand-Pagarna.159	18-ADP|vid|15|MD	1
Romn_Strand-Pagarna.159	12-SCONJ|att|10|OO	1
Romn_Strand-Pagarna.160	5-ADP|med|4|MD	1
Romn_Strand-Pagarna.160	2-AUX|hade|0|-- 3-ADP|efter|2|MD	2
Romn_Strand-Pagarna.160	11-ADP|av|8|AG	1
Romn_Strand-Pagarna.161	8-ADP|med|7|OA	1
Romn_Strand-Pagarna.161	10-ADP|i|7|RA	1
Romn_Strand-Pagarna.161	13-ADP|för|7|MD 14-PART|att|13|OO	2
Romn_Strand-Pagarna.161	5-ADP|av|4|MD 6-PART|att|5|OO	2
Romn_Strand-Pagarna.162	4-DET|en|6|DT	1
Romn_Strand-Pagarna.162	14-ADP|på|10|RA	1
Romn_Strand-Pagarna.163	12-ADP|med|11|OA 13-PART|att|12|OO	2
Romn_Strand-Pagarna.163	10-AUX|var|4|conj	1
Romn_Strand-Pagarna.165	6-ADP|på|2|OA	1
Romn_Strand-Pagarna.166	5-ADP|i|4|MD	1
Romn_Strand-Pagarna.166	3-ADP|med|2|MD	1
Romn_Strand-Pagarna.166	10-ADP|i|9|MD	1
Romn_Strand-Pagarna.166	17-SCONJ|som|16|MD	1
Romn_Strand-Pagarna.166	8-SCONJ|att|2|OO	1
Romn_Strand-Pagarna.167	13-ADP|om|10|OA	1
Romn_Strand-Pagarna.167	20-ADP|i|17|RA	1
Romn_Strand-Pagarna.167	15-ADP|för|10|MD 16-PART|att|15|OO	2
Romn_Strand-Pagarna.167	9-AUX|hade|2|conj	1
Romn_Strand-Pagarna.168	5-ADP|på|4|OA	1
Romn_Strand-Pagarna.168	2-AUX|var|0|-- 7-ADP|av|2|MD	2
Romn_Strand-Pagarna.169	9-ADP|med|8|MD	1
Romn_Strand-Pagarna.169	5-ADP|för|2|MD 6-PART|att|5|OO	2
Romn_Strand-Pagarna.170	9-ADP|med|8|MD	1
Romn_Strand-Pagarna.170	4-ADP|om|3|OA 5-SCONJ|att|4|OO 7-AUX|skulle|5|OO	3
Romn_Strand-Pagarna.170	2-AUX|var|0|--	1
Romn_Strand-Pagarna.172	2-ADP|på|4|MD	1
Romn_Strand-Pagarna.172	6-ADP|för|4|OA	1
Romn_Strand-Pagarna.172	13-ADP|till|12|MD	1
Romn_Strand-Pagarna.173	3-ADP|på|2|OA	1
Romn_Strand-Pagarna.173	10-AUX|är|2|DF	1
Romn_Strand-Pagarna.174	3-SCONJ|som|2|MD 6-AUX|är|3|OO	2
Romn_Strand-Pagarna.174	1-AUX|Skall|0|--	1
Romn_Strand-Pagarna.175	9-ADP|i|8|MD	1
Romn_Strand-Pagarna.176	4-SCONJ|att|2|OO 6-AUX|skall|4|OO	2
Romn_Strand-Pagarna.178	10-ADP|genom|7|MD 11-SCONJ|att|10|OO	2
Romn_Strand-Pagarna.178	6-AUX|får|2|DF	1
Romn_Strand-Pagarna.179	3-AUX|har|0|-- 1-ADP|För|3|MD	2
Romn_Strand-Pagarna.179	14-ADP|på|13|OA	1
Romn_Strand-Pagarna.179	17-ADP|i|13|RA	1
Romn_Strand-Pagarna.181	19-ADP|med|17|MD	1
Romn_Strand-Pagarna.181	32-PART|att|30|IV	1
Romn_Strand-Pagarna.181	28-SCONJ|att|26|OO	1
Romn_Strand-Pagarna.181	24-SCONJ|att|23|MD	1
Romn_Strand-Pagarna.181	10-SCONJ|att|8|OO 12-AUX|är|10|OO 15-SCONJ|att|12|ES	3
Romn_Strand-Pagarna.183	9-AUX|måste|7|MD	1
Romn_Strand-Pagarna.183	12-AUX|är|2|DF 13-SCONJ|om|12|SP 18-AUX|kan|13|OO 15-ADP|på|18|MD	4
Romn_Strand-Pagarna.183	29-ADP|för|28|MD	1
Romn_Strand-Pagarna.183	24-SCONJ|att|23|MD	1
Romn_Strand-Pagarna.185	5-ADP|om|4|MD	1
Romn_Strand-Pagarna.186	3-ADP|för|6|MD	1
Romn_Strand-Pagarna.186	12-ADP|om|11|OA	1
Romn_Strand-Pagarna.186	8-SCONJ|att|6|OO	1
Romn_Strand-Pagarna.187	2-AUX|har|0|--	1
Romn_Strand-Pagarna.188	4-ADP|med|2|OA	1
Romn_Strand-Pagarna.188	6-ADP|i|2|RA	1
Romn_Strand-Pagarna.188	10-ADP|under|2|conj	1
Romn_Strand-Pagarna.189	14-ADP|med|13|MD	1
Romn_Strand-Pagarna.189	10-ADP|i|8|MD	1
Romn_Strand-Pagarna.189	3-SCONJ|som|2|JF 4-SCONJ|om|3|OO 6-AUX|vill|4|OO	3
Romn_Strand-Pagarna.191	9-PART|inte|7|MD	1
Romn_Strand-Pagarna.191	10-ADP|på|7|OA	1
Romn_Strand-Pagarna.192	5-AUX|kan|0|-- 1-ADP|Utan|5|MD 2-PART|att|1|OO 3-AUX|vara|2|OO	4
Romn_Strand-Pagarna.192	12-ADP|av|11|MD	1
Romn_Strand-Pagarna.192	10-SCONJ|att|8|OO 14-AUX|är|10|OO	2
Romn_Strand-Pagarna.193	8-ADP|av|7|MD	1
Romn_Strand-Pagarna.193	5-ADP|till|3|OA	1
Romn_Strand-Pagarna.193	11-AUX|är|0|-- 1-PART|Att|11|SB	2
Romn_Strand-Pagarna.193	11-AUX|är|0|-- 1-PART|Att|11|SB 13-PART|inte|11|MD	3
Romn_Strand-Pagarna.193	11-AUX|är|0|-- 1-PART|Att|11|SB 13-PART|inte|11|MD 14-PART|att|11|SP	4
Romn_Strand-Pagarna.195	10-ADP|till|8|OA	1
Romn_Strand-Pagarna.195	7-PART|att|6|ES	1
Romn_Strand-Pagarna.195	4-SCONJ|som|2|JF	1
Romn_Strand-Pagarna.197	13-ADP|genom|11|OA 14-PART|att|13|OO	2
Romn_Strand-Pagarna.197	25-ADP|med|24|MD	1
Romn_Strand-Pagarna.197	21-SCONJ|att|20|MD 23-AUX|får|21|OO	2
Romn_Strand-Pagarna.197	6-SCONJ|att|5|OO 8-AUX|är|6|OO 10-PART|att|8|ES	3
Romn_Strand-Pagarna.198	6-ADP|av|5|MD	1
Romn_Strand-Pagarna.198	2-AUX|kan|0|--	1
Romn_Strand-Pagarna.200	16-ADP|i|13|MD	1
Romn_Strand-Pagarna.200	24-ADP|i|23|MD	1
Romn_Strand-Pagarna.200	20-ADP|med|13|MD	1
Romn_Strand-Pagarna.201	6-SCONJ|som|4|OO 7-AUX|kunde|6|OO	2
Romn_Strand-Pagarna.201	1-SCONJ|Eftersom|12|MD	1
Romn_Strand-Pagarna.201	22-ADP|av|21|MD	1
Romn_Strand-Pagarna.201	14-PART|att|12|ES	1
Romn_Strand-Pagarna.202	1-ADP|Om|5|OA	1
Romn_Strand-Pagarna.202	3-AUX|var|0|--	1
Romn_Strand-Pagarna.204	7-ADP|för|4|MD 8-PART|att|7|OO	2
Romn_Strand-Pagarna.204	3-AUX|måste|13|OO	1
Romn_Strand-Pagarna.206	6-ADP|till|5|MD	1
Romn_Strand-Pagarna.207	5-SCONJ|att|4|OO	1
Romn_Strand-Pagarna.207	3-AUX|har|0|--	1
Romn_Strand-Pagarna.207b	3-AUX|skall|9|OO	1
Romn_Strand-Pagarna.209	11-ADP|från|10|MD	1
Romn_Strand-Pagarna.209	9-ADP|med|8|MD	1
Romn_Strand-Pagarna.209	3-AUX|får|17|OO	1
Romn_Strand-Pagarna.210	3-ADP|med|2|MD	1
Romn_Strand-Pagarna.210	7-ADP|på|6|OA	1
Romn_Strand-Pagarna.212	4-ADP|på|2|MD	1
Romn_Strand-Pagarna.222	10-ADP|av|9|MD	1
Romn_Strand-Pagarna.222	8-ADP|med|7|MD	1
Romn_Strand-Pagarna.222	3-ADP|med|2|OA	1
Romn_Strand-Pagarna.223	5-ADP|på|4|OA	1
Romn_Strand-Pagarna.223	7-PART|att|4|OO	1
Romn_Strand-Pagarna.223	3-SCONJ|som|1|MD	1
Romn_Strand-Pagarna.224	8-ADP|från|7|MD	1
Romn_Strand-Pagarna.224	4-AUX|hade|0|-- 6-ADP|på|4|RA	2
Romn_Strand-Pagarna.224	17-ADP|i|16|MD	1
Romn_Strand-Pagarna.224	13-ADP|hos|10|RA	1
Romn_Strand-Pagarna.225	1-ADP|På|4|MD	1
Romn_Strand-Pagarna.227	4-ADP|på|2|MD	1
Romn_Strand-Pagarna.229	8-ADP|till|7|MD	1
Romn_Strand-Pagarna.229	5-SCONJ|än|4|JF	1
Romn_Strand-Pagarna.229	2-AUX|kan|0|-- 3-AUX|vara|2|IV	2
Romn_Strand-Pagarna.235	8-ADP|till|7|MD	1
Romn_Strand-Pagarna.235	2-AUX|hade|0|--	1
Romn_Strand-Pagarna.236	4-SCONJ|som|2|JF	1
Romn_Strand-Pagarna.236	8-ADP|efter|11|MD	1
Romn_Strand-Pagarna.237	6-ADP|till|2|MD	1
Romn_Strand-Pagarna.238a	2-AUX|är|0|--	1
Romn_Strand-Pagarna.238b	3-SCONJ|att|2|OO 9-AUX|var|3|OO	2
Romn_Strand-Pagarna.239	10-ADP|för|8|MD 11-PART|att|10|OO	2
Romn_Strand-Pagarna.239	6-ADP|för|3|MD 7-PART|att|6|OO	2
Romn_Strand-Pagarna.240	10-ADP|i|9|MD	1
Romn_Strand-Pagarna.240	14-ADP|efter|13|OA	1
Romn_Strand-Pagarna.240	16-ADP|i|13|MD	1
Romn_Strand-Pagarna.240	8-SCONJ|som|6|MD 12-AUX|hade|8|OO	2
Romn_Strand-Pagarna.240	3-ADP|på|2|MD	1
Romn_Strand-Pagarna.242	12-ADP|på|9|MD	1
Romn_Strand-Pagarna.242	5-SCONJ|att|2|OO 7-AUX|skulle|5|OO 8-AUX|kunna|7|IV	3
Romn_Strand-Pagarna.244	24-AUX|kan|15|conj 25-AUX|få|24|IV 27-PART|att|25|IV	3
Romn_Strand-Pagarna.244	3-AUX|är|10|OO	1
Romn_Strand-Pagarna.247	8-SCONJ|att|7|MD 12-AUX|skulle|8|OO	2
Romn_Strand-Pagarna.248	4-ADP|till|3|OA	1
Romn_Strand-Pagarna.248	9-SCONJ|som|7|MD	1
Romn_Strand-Pagarna.248	6-ADP|om|3|MD	1
Romn_Strand-Pagarna.248	2-AUX|skulle|0|--	1
Romn_Strand-Pagarna.249	13-ADP|till|12|OA	1
Romn_Strand-Pagarna.249	10-SCONJ|att|8|OO	1
Romn_Strand-Pagarna.249	7-SCONJ|som|2|EF	1
Romn_Strand-Pagarna.250	9-SCONJ|att|7|OO	1
Romn_Strand-Pagarna.250	3-ADP|med|2|OA 4-SCONJ|att|3|OO 6-AUX|fick|4|OO	3
Romn_Strand-Pagarna.250	23-SCONJ|att|22|OO	1
Romn_Strand-Pagarna.250	21-AUX|fick|19|MD	1
Romn_Strand-Pagarna.251	14-ADP|med|13|OA	1
Romn_Strand-Pagarna.251	10-SCONJ|att|8|OO 12-AUX|ville|10|OO	2
Romn_Strand-Pagarna.256	6-ADP|i|5|MD	1
Romn_Strand-Pagarna.256	13-SCONJ|som|11|MD	1
Romn_Strand-Pagarna.256	9-ADP|om|5|MD	1
Romn_Strand-Pagarna.256	2-AUX|hade|0|--	1
Romn_Strand-Pagarna.257	3-ADP|med|2|MD	1
Romn_Strand-Pagarna.257	12-PART|att|11|MD	1
Romn_Strand-Pagarna.257	8-ADP|med|7|MD	1
Romn_Strand-Pagarna.258	19-ADP|i|18|MD	1
Romn_Strand-Pagarna.258	16-SCONJ|som|15|MD	1
Romn_Strand-Pagarna.258	14-ADP|om|13|OA	1
Romn_Strand-Pagarna.258	12-AUX|kunde|8|conj	1
Romn_Strand-Pagarna.258	7-SCONJ|som|5|MD	1
Romn_Strand-Pagarna.258	3-SCONJ|som|2|OA	1
Romn_Strand-Pagarna.259	11-ADP|över|8|OA	1
Romn_Strand-Pagarna.259	6-SCONJ|att|4|OO	1
Romn_Strand-Pagarna.259	2-AUX|hade|0|--	1
Romn_Strand-Pagarna.260	2-AUX|Kan|11|OO	1
Romn_Strand-Pagarna.261	4-ADP|hos|2|MD	1
Romn_Strand-Pagarna.261	12-AUX|kan|6|conj	1
Romn_Strand-Pagarna.263	7-ADP|till|5|RA	1
Romn_Strand-Pagarna.263	14-ADP|på|13|OA	1
Romn_Strand-Pagarna.263	11-PART|att|10|OA 12-AUX|få|11|OO	2
Romn_Strand-Pagarna.264	7-ADP|på|6|OA	1
Romn_Strand-Pagarna.264	3-AUX|ville|0|--	1
Romn_Strand-Pagarna.265	1-ADP|Efter|4|MD	1
Romn_Strand-Pagarna.266	4-ADP|med|2|MD	1
Romn_Strand-Pagarna.266	16-ADP|av|15|MD	1
Romn_Strand-Pagarna.266	10-SCONJ|att|8|OO 12-AUX|hade|10|OO	2
Romn_Strand-Pagarna.267	4-ADP|till|2|RA	1
Romn_Strand-Pagarna.267	10-ADP|i|7|RA	1
Romn_Strand-Pagarna.269	6-AUX|kan|14|OO	1
Romn_Strand-Pagarna.269	23-ADP|i|22|MD	1
Romn_Strand-Pagarna.269	29-ADP|i|28|RA	1
Romn_Strand-Pagarna.269	26-SCONJ|som|22|MD	1
Romn_Strand-Pagarna.270	15-ADP|till|13|RA	1
Romn_Strand-Pagarna.270	5-SCONJ|att|3|OO	1
Romn_Strand-Pagarna.270	21-AUX|kan|3|parataxis	1
Romn_Strand-Pagarna.272	8-ADP|utanför|4|RA	1
Romn_Strand-Pagarna.273	3-ADP|i|2|RA	1
Romn_Strand-Pagarna.273	10-ADP|på|8|OA	1
Romn_Strand-Pagarna.275	3-ADP|av|2|MD	1
Romn_Strand-Pagarna.276	3-AUX|skall|0|-- 6-AUX|kunna|3|IV	2
Romn_Strand-Pagarna.278	4-ADP|i|2|MD	1
Romn_Strand-Pagarna.278	13-ADP|till|12|MD	1
Romn_Strand-Pagarna.280	1-ADP|I|4|MD	1
Romn_Strand-Pagarna.280	12-ADP|på|9|MD	1
Romn_Strand-Pagarna.280	22-ADP|till|19|MD	1
Romn_Strand-Pagarna.280	7-SCONJ|att|4|OO 17-AUX|skall|7|OO	2
Romn_Strand-Pagarna.282	3-ADP|på|2|OA	1
Romn_Strand-Pagarna.282	6-ADP|över|5|OA	1
Romn_Strand-Pagarna.282	15-ADP|till|13|RA	1
Romn_Strand-Pagarna.282	32-ADP|till|30|OA	1
Romn_Strand-Pagarna.282	34-ADP|i|30|RA	1
Romn_Strand-Pagarna.283	10-ADP|på|8|OA	1
Romn_Strand-Pagarna.283	21-AUX|har|19|OO	1
Romn_Strand-Pagarna.283	15-AUX|får|3|conj	1
Romn_Strand-Pagarna.285	8-PART|att|6|MD	1
Romn_Strand-Pagarna.285	19-ADP|till|17|RA	1
Romn_Strand-Pagarna.286	21-SCONJ|som|18|JF 23-ADP|med|21|OO	2
Romn_Strand-Pagarna.286	17-ADP|för|15|OA	1
Romn_Strand-Pagarna.286	12-SCONJ|att|11|MD	1
Romn_Strand-Pagarna.286	4-AUX|får|0|--	1
Romn_Strand-Pagarna.288	20-ADP|i|18|MD	1
Romn_Strand-Pagarna.288	16-ADP|för|15|MD 17-PART|att|16|OO	2
Romn_Strand-Pagarna.288	12-SCONJ|som|10|MD	1
Romn_Strand-Pagarna.288	5-ADP|för|2|OA 6-PART|att|5|OO	2
Romn_Strand-Pagarna.289	7-ADP|hos|5|RA 9-ADP|i|7|AN	2
Romn_Strand-Pagarna.290	7-ADP|på|6|MD	1
Romn_Strand-Pagarna.292	4-ADP|i|3|OA	1
Romn_Strand-Pagarna.292	2-AUX|var|0|--	1
Romn_Strand-Pagarna.293	4-ADP|av|3|MD	1
Romn_Strand-Pagarna.293	8-ADP|för|7|MD	1
Romn_Strand-Pagarna.294	1-ADP|Av|7|OA	1
Romn_Strand-Pagarna.294	5-AUX|hade|0|--	1
Romn_Strand-Pagarna.295	9-ADP|på|8|MD	1
Romn_Strand-Pagarna.295	5-ADP|på|4|OA	1
Romn_Strand-Pagarna.295	2-AUX|hade|0|--	1
Romn_Strand-Pagarna.296	4-ADP|på|2|OA	1
Romn_Strand-Pagarna.296	8-SCONJ|eftersom|2|MD 10-AUX|var|8|OO	2
Romn_Strand-Pagarna.297	3-ADP|för|2|MD	1
Romn_Strand-Pagarna.297	10-ADP|till|7|RA	1
Romn_Strand-Pagarna.300	9-AUX|skulle|7|OO 10-AUX|kunna|9|IV	2
Romn_Strand-Pagarna.300	9-AUX|skulle|7|OO 10-AUX|kunna|9|IV 16-ADP|efter|9|MD	3
Romn_Strand-Pagarna.301	8-SCONJ|som|7|MD	1
Romn_Strand-Pagarna.301	3-ADP|om|2|OA 4-SCONJ|att|3|OO 6-AUX|skulle|4|OO	3
Romn_Strand-Pagarna.302	2-ADP|vid|4|MD	1
Romn_Strand-Pagarna.302	11-AUX|var|9|OO 12-ADP|för|11|SP	2
Romn_Strand-Pagarna.303	8-ADP|om|6|OA	1
Romn_Strand-Pagarna.303	4-SCONJ|att|2|OO	1
Romn_Strand-Pagarna.304	8-ADP|om|7|OA	1
Romn_Strand-Pagarna.304	2-AUX|blev|0|--	1
Romn_Strand-Pagarna.305	11-ADP|av|10|MD	1
Romn_Strand-Pagarna.305	9-ADP|för|8|OA	1
Romn_Strand-Pagarna.305	7-AUX|kunde|5|OO	1
Romn_Strand-Pagarna.306	7-ADP|med|9|MD	1
Romn_Strand-Pagarna.306	11-ADP|efter|9|MD	1
Romn_Strand-Pagarna.306	5-SCONJ|att|2|IV	1
Romn_Strand-Pagarna.308	4-AUX|har|0|-- 2-ADP|I|4|MD	2
Romn_Strand-Pagarna.308	12-ADP|av|11|MD	1
Romn_Strand-Pagarna.308	9-ADP|till|6|OA	1
Romn_Strand-Pagarna.309	1-AUX|Är|6|IO	1
Romn_Strand-Pagarna.311	5-ADP|på|4|OA 6-SCONJ|att|5|OO	2
Romn_Strand-Pagarna.311	2-AUX|Är|0|--	1
Romn_Strand-Pagarna.313	7-SCONJ|att|6|OO	1
Romn_Strand-Pagarna.314	10-ADP|i|8|MD	1
Romn_Strand-Pagarna.314	3-AUX|är|0|-- 6-SCONJ|att|3|ES	2
Romn_Strand-Pagarna.316	8-ADP|emot|6|OA	1
Romn_Strand-Pagarna.317	4-ADP|av|3|MD	1
Romn_Strand-Pagarna.317	2-ADP|om|1|MD	1
Romn_Strand-Pagarna.317	11-ADP|till|7|RA	1
Romn_Strand-Pagarna.317	6-AUX|hade|0|--	1
Romn_Strand-Pagarna.318	3-AUX|skulle|1|MD	1
Romn_Strand-Pagarna.318	10-ADP|kring|9|RA	1
Romn_Strand-Pagarna.318	5-AUX|hade|0|--	1
Romn_Strand-Pagarna.319	6-ADP|på|5|OA 7-SCONJ|att|6|OO 10-AUX|skulle|7|OO	3
Romn_Strand-Pagarna.319	4-SCONJ|som|2|MD	1
Romn_Strand-Pagarna.320	5-ADP|på|4|MD	1
Romn_Strand-Pagarna.320	3-ADP|i|2|MD	1
Romn_Strand-Pagarna.320	12-SCONJ|som|10|MD 14-AUX|ville|12|OO	2
Romn_Strand-Pagarna.321	5-AUX|blev|0|-- 1-ADP|Trots|5|MD	2
Romn_Strand-Pagarna.322	12-ADP|för|11|OA	1
Romn_Strand-Pagarna.322	8-SCONJ|att|6|OO 10-AUX|var|8|OO	2
Romn_Strand-Pagarna.322	5-AUX|fick|0|--	1
Romn_Strand-Pagarna.323	4-ADP|med|3|OA	1
Romn_Strand-Pagarna.323	2-AUX|var|0|--	1
Romn_Strand-Pagarna.325	8-SCONJ|medan|6|MD 10-AUX|är|8|OO	2
Romn_Strand-Pagarna.325	5-PART|att|3|ES	1
Romn_Strand-Pagarna.326	4-ADP|i|3|MD	1
Romn_Strand-Pagarna.326	13-ADP|för|12|OA	1
Romn_Strand-Pagarna.326	23-AUX|vill|21|OO	1
Romn_Strand-Pagarna.326	17-PART|att|12|OO	1
Romn_Strand-Pagarna.326	8-SCONJ|att|3|OO 10-AUX|skall|8|OO 11-AUX|vara|10|IV	3
Romn_Strand-Pagarna.327	3-ADP|efter|2|OA	1
Romn_Strand-Pagarna.327	8-ADP|i|7|MD	1
Romn_Strand-Pagarna.327	6-ADP|på|2|RA	1
Romn_Strand-Pagarna.327	16-ADP|på|13|OA	1
Romn_Strand-Pagarna.327	27-ADP|i|24|OA	1
Romn_Strand-Pagarna.327	21-SCONJ|att|19|OO	1
Romn_Strand-Pagarna.328	1-SCONJ|Innan|4|MD	1
Romn_Strand-Pagarna.330	3-ADP|på|2|MD	1
Romn_Strand-Pagarna.330	8-ADP|till|6|MD	1
Romn_Strand-Pagarna.331	3-ADP|för|2|MD 4-PART|att|3|OO	2
Romn_Strand-Pagarna.331	7-AUX|hade|0|--	1
Romn_Strand-Pagarna.332	10-ADP|i|6|RA	1
Romn_Strand-Pagarna.332	18-SCONJ|som|17|JF	1
Romn_Strand-Pagarna.332	28-ADP|med|27|OA	1
Romn_Strand-Pagarna.332	21-AUX|skulle|16|DF 24-AUX|kunna|21|IV	2
Romn_Strand-Pagarna.334	8-ADP|med|7|MD	1
Romn_Strand-Pagarna.335	10-ADP|från|9|MD	1
Romn_Strand-Pagarna.335	8-ADP|om|7|OA	1
Romn_Strand-Pagarna.335	5-SCONJ|som|2|OA	1
Romn_Strand-Pagarna.336	12-ADP|med|11|OA	1
Romn_Strand-Pagarna.336	15-ADP|i|11|RA	1
Romn_Strand-Pagarna.336	7-SCONJ|där|5|MD	1
Romn_Strand-Pagarna.337	9-ADP|från|8|MD	1
Romn_Strand-Pagarna.337	6-SCONJ|som|4|JF	1
Romn_Strand-Pagarna.339	11-AUX|kan|0|--	1
Romn_Strand-Pagarna.340	2-AUX|är|8|OO 4-PART|inte|2|MD	2
Romn_Strand-Pagarna.341	5-ADP|i|2|RA	1
Romn_Strand-Pagarna.341	19-DET|en|20|DT	1
Romn_Strand-Pagarna.341	21-ADP|med|20|MD	1
Romn_Strand-Pagarna.341	25-ADP|framför|24|MD	1
Romn_Strand-Pagarna.341	23-ADP|på|17|RA	1
Romn_Strand-Pagarna.341	15-SCONJ|förrän|11|MD	1
Romn_Strand-Pagarna.343	13-ADP|för|12|OA	1
Romn_Strand-Pagarna.344	3-AUX|får|0|--	1
Romn_Strand-Pagarna.346	18-AUX|vara|17|IV	1
Romn_Strand-Pagarna.346	16-SCONJ|som|13|MD	1
Romn_Strand-Pagarna.346	11-ADP|i|9|RA	1
Romn_Strand-Pagarna.347	4-ADP|i|2|RA	1
Romn_Strand-Pagarna.348	1-ADP|Efter|5|MD	1
Romn_Strand-Pagarna.350	10-ADP|med|9|MD	1
Romn_Strand-Pagarna.350	13-ADP|på|7|RA	1
Romn_Strand-Pagarna.351	4-ADP|med|3|MD	1
Romn_Strand-Pagarna.351	10-AUX|var|2|conj	1
Romn_Strand-Pagarna.353	5-PART|inte|3|MD	1
Romn_Strand-Pagarna.354	5-ADP|ur|7|MD	1
Romn_Strand-Pagarna.354	11-SCONJ|som|7|OO 13-AUX|skulle|11|OO	2
Romn_Strand-Pagarna.354	3-AUX|kunde|0|--	1
Romn_Strand-Pagarna.356	12-ADP|i|10|RA	1
Romn_Strand-Pagarna.356	9-AUX|skall|7|OO	1
Romn_Strand-Pagarna.356	6-ADP|om|5|MD	1
Romn_Strand-Pagarna.357	3-AUX|får|0|-- 5-PART|inte|3|MD	2
Romn_Strand-Pagarna.357	13-ADP|i|11|OA	1
Romn_Strand-Pagarna.357	8-SCONJ|att|6|OO	1
Romn_Strand-Pagarna.360	5-ADP|med|4|MD	1
Romn_Strand-Pagarna.360	10-ADP|i|9|MD	1
Romn_Strand-Pagarna.360	7-ADP|hos|2|RA	1
Romn_Strand-Pagarna.360	12-ADP|i|2|MD	1
Romn_Strand-Pagarna.360	19-ADP|av|18|MD	1
Romn_Strand-Pagarna.360	21-ADP|med|16|MD	1
Romn_Strand-Pagarna.362	3-AUX|är|7|OO	1
Romn_Strand-Pagarna.364	15-ADP|från|14|MD	1
Romn_Strand-Pagarna.364	20-ADP|med|19|MD	1
Romn_Strand-Pagarna.364	27-ADP|till|29|MD	1
Romn_Strand-Pagarna.364	30-ADP|i|29|MD	1
Romn_Strand-Pagarna.364	34-ADP|i|33|MD	1
Romn_Strand-Pagarna.364	43-ADP|av|42|MD	1
Romn_Strand-Pagarna.364	38-SCONJ|eftersom|33|MD	1
Romn_Strand-Pagarna.364	26-SCONJ|som|25|MD	1
Romn_Strand-Pagarna.364	24-ADP|till|23|OA	1
Romn_Strand-Pagarna.364	8-SCONJ|där|6|MD	1
Romn_Strand-Pagarna.364	4-AUX|är|0|--	1
Romn_Strand-Pagarna.366	15-AUX|kan|3|conj	1
Romn_Strand-Pagarna.368	16-ADP|för|15|OA	1
Romn_Strand-Pagarna.368	14-AUX|var|12|OO	1
Romn_Strand-Pagarna.368	9-ADP|på|5|RA	1
Romn_Strand-Pagarna.368	3-AUX|hade|0|--	1
Romn_Strand-Pagarna.369	14-ADP|hos|13|MD	1
Romn_Strand-Pagarna.369	7-SCONJ|om|4|OO 9-AUX|kunde|7|OO	2
Romn_Strand-Pagarna.370	2-ADP|runt|1|MD	1
Romn_Strand-Pagarna.370	4-AUX|var|0|--	1
Romn_Strand-Pagarna.372	6-ADP|på|5|OA	1
Romn_Strand-Pagarna.372	16-ADP|i|14|OA	1
Romn_Strand-Pagarna.374	7-PART|att|6|OO	1
Romn_Strand-Pagarna.374	10-AUX|är|0|--	1
Romn_Strand-Pagarna.377	7-ADP|i|11|RA	1
Romn_Strand-Pagarna.377	22-ADP|för|28|MD	1
Romn_Strand-Pagarna.377	30-ADP|för|28|MD 31-PART|att|30|OO	2
Romn_Strand-Pagarna.377	17-ADP|om|16|OA	1
Romn_Strand-Pagarna.377	15-SCONJ|som|13|MD	1
Romn_Strand-Pagarna.377	5-SCONJ|att|2|ES 10-AUX|hade|5|OO	2
Romn_Strand-Pagarna.378	2-ADP|av|1|MD	1
Romn_Strand-Pagarna.378	25-ADP|vid|21|MD	1
Romn_Strand-Pagarna.378	29-ADP|runt|28|MD	1
Romn_Strand-Pagarna.378	34-ADP|på|33|MD	1
Romn_Strand-Pagarna.378	5-ADP|om|4|OA 6-SCONJ|att|5|OO 8-AUX|skulle|6|OO	3
Romn_Strand-Pagarna.379	8-ADP|på|7|MD	1
Romn_Strand-Pagarna.379	6-ADP|till|2|OA	1
Romn_Strand-Pagarna.380	14-ADP|vid|17|MD	1
Romn_Strand-Pagarna.380	26-ADP|av|25|MD	1
Romn_Strand-Pagarna.380	23-ADP|på|22|MD	1
Romn_Strand-Pagarna.380	21-ADP|i|20|MD	1
Romn_Strand-Pagarna.380	19-ADP|runt|17|RA	1
Romn_Strand-Pagarna.380	5-PART|att|2|IV	1
Romn_Strand-Pagarna.381	2-AUX|kunde|0|-- 4-PART|inte|2|MD	2
Romn_Strand-Pagarna.384	3-AUX|har|11|OO	1
Romn_Strand-Pagarna.384	24-PART|att|23|MD	1
Romn_Strand-Pagarna.384	21-ADP|i|16|MD	1
Romn_Strand-Pagarna.386	12-ADP|kring|11|MD	1
Romn_Strand-Pagarna.388	3-ADP|efter|5|MD	1
Romn_Strand-Pagarna.388	9-ADP|kring|5|RA	1
Romn_Strand-Pagarna.389	8-ADP|mot|7|MD	1
Romn_Strand-Pagarna.390	3-ADP|av|2|AG	1
Romn_Strand-Pagarna.391	5-ADP|till|4|MD	1
Romn_Strand-Pagarna.391	12-ADP|i|11|MD	1
Romn_Strand-Pagarna.391	19-ADP|på|17|MD	1
Romn_Strand-Pagarna.391	16-SCONJ|som|11|MD	1
Romn_Strand-Pagarna.392	3-SCONJ|som|1|MD	1
Romn_Strand-Pagarna.392	20-SCONJ|som|18|MD	1
Romn_Strand-Pagarna.392	15-SCONJ|innan|11|MD 17-AUX|kunde|15|OO	2
Romn_Strand-Pagarna.392	9-SCONJ|att|7|OO	1
Romn_Strand-Pagarna.393	2-AUX|hade|0|--	1
Romn_Strand-Pagarna.395	8-ADP|i|4|RA	1
Romn_Strand-Pagarna.395	12-ADP|från|11|MD	1
Romn_Strand-Pagarna.395	10-SCONJ|liksom|4|JF	1
Romn_Strand-Pagarna.396	3-ADP|på|2|RA	1
Romn_Strand-Pagarna.396	8-ADP|av|6|MD	1
Romn_Strand-Pagarna.397	5-ADP|i|4|MD	1
Romn_Strand-Pagarna.397	7-ADP|runt|2|RA	1
Romn_Strand-Pagarna.398	4-ADP|till|2|RA	1
Romn_Strand-Pagarna.398	15-ADP|med|12|MD	1
Romn_Strand-Pagarna.398	13-AUX|är|9|OO	1
Romn_Strand-Pagarna.398b	4-ADP|till|3|OA	1
Romn_Strand-Pagarna.398b	17-SCONJ|som|15|MD	1
Romn_Strand-Pagarna.400	10-ADP|med|13|MD	1
Romn_Strand-Pagarna.400	17-ADP|runt|15|RA	1
Romn_Strand-Pagarna.401	5-SCONJ|att|3|OO 7-AUX|var|5|OO	2
Romn_Strand-Pagarna.402	12-ADP|på|8|MD	1
Romn_Strand-Pagarna.402	5-SCONJ|att|2|OO 7-AUX|skulle|5|OO	2
Romn_Strand-Pagarna.403	12-ADP|i|10|MD	1
Romn_Strand-Pagarna.405	4-ADP|med|3|MD	1
Romn_Strand-Pagarna.405	13-ADP|i|11|MD	1
Romn_Strand-Pagarna.405	9-ADP|med|8|MD 10-PART|att|9|OO	2
Romn_Strand-Pagarna.406	14-ADP|under|13|MD	1
Romn_Strand-Pagarna.406	12-ADP|till|10|RA	1
Romn_Strand-Pagarna.406	7-SCONJ|innan|2|MD 9-AUX|hade|7|OO	2
Romn_Strand-Pagarna.407	6-ADP|om|5|OA	1
Romn_Strand-Pagarna.408	10-ADP|under|5|MD	1
Romn_Strand-Pagarna.408	3-ADP|med|2|OA 4-PART|att|3|OO	2
Romn_Strand-Pagarna.409	4-ADP|med|3|MD	1
Romn_Strand-Pagarna.409	1-ADP|Efter|6|MD 2-AUX|ha|1|OO	2
Romn_Strand-Pagarna.409	9-ADP|med|6|MD	1
Romn_Strand-Pagarna.409	18-ADP|med|17|MD	1
Romn_Strand-Pagarna.409	13-ADP|med|12|MD 14-PART|att|13|OO	2
Romn_Strand-Pagarna.411	7-ADP|under|3|MD	1
Romn_Strand-Pagarna.412	2-AUX|har|0|--	1
Romn_Strand-Pagarna.414	11-ADP|på|10|OA	1
Romn_Strand-Pagarna.414	8-SCONJ|där|6|MD	1
Romn_Strand-Pagarna.414	5-ADP|till|2|RA	1
Romn_Strand-Pagarna.415	7-ADP|i|6|MD	1
Romn_Strand-Pagarna.415	4-ADP|med|2|MD	1
Romn_Strand-Pagarna.416	7-ADP|i|4|MD	1
Romn_Strand-Pagarna.416	2-AUX|fick|0|--	1
Romn_Strand-Pagarna.418	7-ADP|i|6|RA	1
Romn_Strand-Pagarna.418	13-ADP|runt|12|MD	1
Romn_Strand-Pagarna.418	10-ADP|under|6|MD	1
Romn_Strand-Pagarna.418	19-ADP|i|18|MD	1
Romn_Strand-Pagarna.418	4-SCONJ|att|3|OO	1
Romn_Strand-Pagarna.419	6-PART|att|5|OO	1
Romn_Strand-Pagarna.420	3-AUX|är|22|OO 5-PART|inte|3|MD	2
Romn_Strand-Pagarna.420	16-DET|den|19|DT	1
Romn_Strand-Pagarna.420	15-ADP|i|14|OA	1
Romn_Strand-Pagarna.420	12-SCONJ|som|10|MD	1
Romn_Strand-Pagarna.420	3-AUX|är|22|OO 5-PART|inte|3|MD 8-SCONJ|att|3|ES	3
Romn_Strand-Pagarna.421	5-SCONJ|att|2|OO 8-AUX|har|5|OO	2
Romn_Strand-Pagarna.421b	8-ADP|på|7|MD	1
Romn_Strand-Pagarna.421b	18-ADP|i|16|MD	1
Romn_Strand-Pagarna.421b	27-ADP|för|26|MD	1
Romn_Strand-Pagarna.421b	21-SCONJ|att|16|OO 24-AUX|varit|21|OO 25-ADP|till|24|SP	3
Romn_Strand-Pagarna.423	15-ADP|i|14|MD	1
Romn_Strand-Pagarna.423	11-ADP|på|10|MD	1
Romn_Strand-Pagarna.423	9-ADP|för|3|MD	1
Romn_Strand-Pagarna.425	5-SCONJ|som|4|MD	1
Romn_Strand-Pagarna.425	2-ADP|om|1|MD	1
Romn_Strand-Pagarna.425	8-ADP|i|7|RA	1
Romn_Strand-Pagarna.426	3-ADP|om|2|MD	1
Romn_Strand-Pagarna.426	7-ADP|i|6|MD	1
Romn_Strand-Pagarna.426	14-ADP|på|13|MD	1
Romn_Strand-Pagarna.427	3-AUX|är|24|DF	1
Romn_Strand-Pagarna.427	20-ADP|av|19|MD	1
Romn_Strand-Pagarna.427	18-ADP|om|17|MD	1
Romn_Strand-Pagarna.427	11-ADP|trots|24|MD 12-SCONJ|att|11|OO	2
Romn_Strand-Pagarna.427	34-SCONJ|som|32|MD	1
Romn_Strand-Pagarna.427	28-ADP|i|24|conj	1
Romn_Strand-Pagarna.429	6-AUX|ha|4|IV	1
Romn_Strand-Pagarna.429	18-ADP|på|4|conj	1
Romn_Strand-Pagarna.433	12-DET|den|14|DT	1
Romn_Strand-Pagarna.433	21-ADP|av|20|MD	1
Romn_Strand-Pagarna.433	27-ADP|i|25|RA	1
Romn_Strand-Pagarna.433	24-SCONJ|som|20|MD	1
Romn_Strand-Pagarna.434	8-ADP|på|6|RA	1
Romn_Strand-Pagarna.434	3-ADP|på|2|OA 4-SCONJ|att|3|OO	2
Romn_Strand-Pagarna.435	3-ADP|på|2|MD	1
Romn_Strand-Pagarna.435	1-ADP|Till|6|MD	1
Romn_Strand-Pagarna.435	10-ADP|i|6|MD	1
Romn_Strand-Pagarna.436	9-AUX|var|2|conj 11-PART|inte|9|MD	2
Romn_Strand-Pagarna.436	14-ADP|i|13|MD	1
Romn_Strand-Pagarna.436	17-ADP|med|13|MD	1
Romn_Strand-Pagarna.438	4-SCONJ|som|3|MD	1
Romn_Strand-Pagarna.442	8-ADP|av|7|MD	1
Romn_Strand-Pagarna.442	16-ADP|av|15|MD	1
Romn_Strand-Pagarna.442	12-ADP|i|7|MD	1
Romn_Strand-Pagarna.442	6-ADP|för|5|MD	1
Romn_Strand-Pagarna.442	3-AUX|var|0|--	1
Romn_Strand-Pagarna.443	5-ADP|vid|7|MD	1
Romn_Strand-Pagarna.443	12-ADP|för|11|MD	1
Romn_Strand-Pagarna.443	4-SCONJ|att|2|OO	1
Romn_Strand-Pagarna.444	10-SCONJ|att|8|OO	1
Romn_Strand-Pagarna.444	7-SCONJ|som|6|MD	1
Romn_Strand-Pagarna.444	5-ADP|till|3|MD	1
Romn_Strand-Pagarna.445	2-ADP|i|1|MD	1
Romn_Strand-Pagarna.445	4-AUX|var|0|-- 6-ADP|utan|4|MD	2
Romn_Strand-Pagarna.447	2-AUX|hade|0|--	1
Romn_Strand-Pagarna.448	6-SCONJ|att|3|JF 14-AUX|hade|6|OO 8-ADP|för|14|MD 9-PART|att|8|OO 10-AUX|kunna|9|OO	5
Romn_Strand-Pagarna.448	18-ADP|på|15|MD	1
Romn_Strand-Pagarna.448	2-AUX|var|0|--	1
Romn_Strand-Pagarna.449	7-ADP|före|6|MD	1
Romn_Strand-Pagarna.449	14-ADP|för|10|MD 15-PART|att|14|OO	2
Romn_Strand-Pagarna.451	8-ADP|på|7|OA	1
Romn_Strand-Pagarna.451	14-ADP|till|12|OA	1
Romn_Strand-Pagarna.451	24-SCONJ|som|22|MD	1
Romn_Strand-Pagarna.451	17-ADP|för|12|MD 18-PART|att|17|OO	2
Romn_Strand-Pagarna.453	2-AUX|hade|0|--	1
Romn_Strand-Pagarna.454	10-ADP|med|9|MD	1
Romn_Strand-Pagarna.455	1-ADP|På|3|MD	1
Romn_Strand-Pagarna.455	13-ADP|av|12|MD	1
Romn_Strand-Pagarna.455	11-ADP|på|10|OA	1
Romn_Strand-Pagarna.455	20-ADP|med|19|OA	1
Romn_Strand-Pagarna.455	7-ADP|av|6|MD	1
Romn_Strand-Pagarna.456	4-ADP|i|2|MD	1
Romn_Strand-Pagarna.457	3-AUX|hade|0|-- 1-ADP|Vid|3|MD	2
Romn_Strand-Pagarna.457	17-ADP|för|13|MD 18-PART|att|17|OO	2
Romn_Strand-Pagarna.457	10-SCONJ|där|8|MD	1
Romn_Strand-Pagarna.457	6-ADP|till|5|RA	1
Romn_Strand-Pagarna.458	6-ADP|med|4|MD	1
Romn_Strand-Pagarna.458	3-PART|att|2|IV	1
Romn_Strand-Pagarna.459	7-ADP|av|6|MD	1
Romn_Strand-Pagarna.459	4-ADP|med|3|MD	1
Romn_Strand-Pagarna.460	2-AUX|hade|0|--	1
Romn_Strand-Pagarna.461	4-ADP|på|2|OA	1
Romn_Strand-Pagarna.461	17-ADP|på|16|MD	1
Romn_Strand-Pagarna.461	12-ADP|om|11|MD	1
Romn_Strand-Pagarna.461	7-SCONJ|efter-som|2|MD	1
Romn_Strand-Pagarna.462	3-SCONJ|om|2|OA	1
Romn_Strand-Pagarna.462	13-ADP|i|10|RA	1
Romn_Strand-Pagarna.462	18-ADP|i|16|MD	1
Romn_Strand-Pagarna.462	8-SCONJ|efter-som|2|MD	1
Romn_Strand-Pagarna.463	6-ADP|ned|4|MD	1
Romn_Strand-Pagarna.463	2-AUX|fick|0|--	1
Wiki_Asterix.2	19-ADP|av|17|AG	1
Wiki_Asterix.2	12-AUX|är|0|--	1
Wiki_Asterix.3	2-ADP|i|1|MD	1
Wiki_Asterix.3	4-AUX|är|0|--	1
Wiki_Asterix.4	4-ADP|i|2|RA	1
Wiki_Asterix.4	12-ADP|i|11|MD	1
Wiki_Asterix.4	24-SCONJ|som|23|MD	1
Wiki_Asterix.4	20-ADP|av|19|MD	1
Wiki_Asterix.4	18-ADP|med|29|MD	1
Wiki_Asterix.4	16-SCONJ|som|11|MD	1
Wiki_Asterix.4	8-ADP|om|7|OA	1
Wiki_Asterix.6	7-ADP|av|6|MD	1
Wiki_Asterix.6	3-ADP|i|2|OA	1
Wiki_Asterix.6	14-AUX|har|2|conj 15-ADP|sedan|14|MD	2
Wiki_Asterix.6	19-ADP|i|17|MD	1
Wiki_Asterix.7	2-AUX|var|0|-- 3-ADP|från|2|MD	2
Wiki_Asterix.7	8-ADP|mellan|7|MD	1
Wiki_Asterix.8	4-ADP|hos|3|MD	1
Wiki_Asterix.8	11-ADP|utan|10|MD	1
Wiki_Asterix.9	9-ADP|på|12|MD	1
Wiki_Asterix.9	17-AUX|var|12|conj	1
Wiki_Asterix.9	8-SCONJ|som|7|MD	1
Wiki_Asterix.9	2-AUX|var|0|-- 3-PART|att|2|SP	2
Wiki_Asterix.10	5-ADP|av|4|OA	1
Wiki_Asterix.10	2-AUX|är|0|-- 17-AUX|är|2|AN 15-ADP|till|17|MD	3
Wiki_Asterix.10	29-AUX|vill|33|MD	1
Wiki_Asterix.10	22-ADP|med|21|MD	1
Wiki_Asterix.11	2-ADP|i|4|MD	1
Wiki_Asterix.11	12-ADP|i|11|MD	1
Wiki_Asterix.11	8-ADP|om|7|MD	1
Wiki_Asterix.12	6-ADP|i|5|MD	1
Wiki_Asterix.12	2-ADP|i|10|MD	1
Wiki_Asterix.12	11-ADP|till|10|MD	1
Wiki_Asterix.13	14-ADP|med|10|MD	1
Wiki_Asterix.13	21-ADP|i|20|OA	1
Wiki_Asterix.13	18-AUX|få|17|IV 19-AUX|bli|18|IV	2
Wiki_Asterix.13	16-PART|att|10|ES	1
Wiki_Asterix.14	5-ADP|i|4|OA	1
Wiki_Asterix.14	3-SCONJ|som|2|MD	1
Wiki_Asterix.14	1-ADP|Bland|7|OA	1
Wiki_Asterix.14	9-ADP|från|8|MD	1
Wiki_Asterix.16	2-ADP|om|1|MD	1
Wiki_Asterix.16	6-ADP|omkring|4|OA	1
Wiki_Asterix.16	18-ADP|i|17|MD	1
Wiki_Asterix.16	21-SCONJ|där|17|MD	1
Wiki_Asterix.16	12-ADP|i|11|RA	1
Wiki_Asterix.17	6-ADP|mellan|5|RA	1
Wiki_Asterix.17	19-AUX|har|0|-- 1-ADP|Trots|19|MD 2-SCONJ|att|1|OO	3
Wiki_Asterix.17	25-SCONJ|än|24|JF	1
Wiki_Asterix.17	29-ADP|av|28|AG	1
Wiki_Asterix.17	19-AUX|har|0|-- 1-ADP|Trots|19|MD 2-SCONJ|att|1|OO 22-AUX|blivit|19|IV	4
Wiki_Asterix.18	10-SCONJ|som|9|MD	1
Wiki_Asterix.18	16-ADP|för|13|MD	1
Wiki_Asterix.18	25-PART|att|24|MD	1
Wiki_Asterix.18	32-ADP|oavsett|29|MD	1
Wiki_Asterix.18	22-SCONJ|att|21|OO	1
Wiki_Asterix.18	8-SCONJ|att|7|OO	1
Wiki_Asterix.18	6-SCONJ|som|5|MD	1
Wiki_Asterix.18	2-AUX|är|0|--	1
Wiki_Asterix.19	2-ADP|i|1|MD	1
Wiki_Asterix.19	12-ADP|mellan|11|MD	1
Wiki_Asterix.19	18-ADP|för|24|MD	1
Wiki_Asterix.19	28-ADP|för|26|OA	1
Wiki_Asterix.19	25-PART|att|24|MD	1
Wiki_Asterix.19	6-ADP|av|4|OA	1
Wiki_Asterix.20	3-ADP|i|2|MD	1
Wiki_Asterix.20	30-ADP|genom|26|MD 31-PART|att|30|OO	2
Wiki_Asterix.20	24-SCONJ|som|17|MD 25-AUX|vill|24|OO	2
Wiki_Asterix.20	18-ADP|i|14|RA	1
Wiki_Asterix.20	45-ADP|av|44|MD	1
Wiki_Asterix.20	42-ADP|från|41|MD	1
Wiki_Asterix.20	61-ADP|i|64|MD	1
Wiki_Asterix.20	85-ADP|med|84|MD	1
Wiki_Asterix.20	83-ADP|i|82|MD	1
Wiki_Asterix.20	89-AUX|var|87|MD	1
Wiki_Asterix.20	78-SCONJ|som|76|MD 93-AUX|är|78|OO 79-ADP|genom|93|MD 80-SCONJ|att|79|OO	4
Wiki_Asterix.20	69-ADP|till|68|MD	1
Wiki_Asterix.20	67-ADP|med|41|MD	1
Wiki_Asterix.20	10-SCONJ|eftersom|5|MD	1
Wiki_Asterix.21	1-ADP|Under|3|MD	1
Wiki_Asterix.21	20-SCONJ|som|19|MD	1
Wiki_Asterix.21	17-ADP|för|16|MD	1
Wiki_Asterix.21	24-ADP|till|28|MD	1
Wiki_Asterix.21	35-ADP|framför|39|MD	1
Wiki_Asterix.21	46-ADP|för|45|MD	1
Wiki_Asterix.21	44-ADP|i|43|OA	1
Wiki_Asterix.21	55-SCONJ|att|54|OO	1
Wiki_Asterix.21	40-SCONJ|som|39|MD	1
Wiki_Asterix.22	4-ADP|av|3|MD	1
Wiki_Asterix.22	10-ADP|i|9|MD	1
Wiki_Asterix.22	13-ADP|i|9|MD	1
Wiki_Asterix.24	5-ADP|med|4|MD	1
Wiki_Asterix.24	10-AUX|har|0|-- 1-ADP|Under|10|MD	2
Wiki_Asterix.24	18-SCONJ|som|17|MD	1
Wiki_Asterix.24	20-ADP|i|17|MD	1
Wiki_Asterix.25	17-SCONJ|som|12|OO	1
Wiki_Asterix.25	10-ADP|för|4|MD 11-PART|att|10|OO	2
Wiki_Asterix.25	41-ADP|på|40|MD	1
Wiki_Asterix.25	38-ADP|genom|33|MD 39-PART|att|38|OO	2
Wiki_Asterix.25	25-ADP|genom|22|MD 26-PART|att|25|OO	2
Wiki_Asterix.26	9-ADP|av|7|MD 12-AUX|var|9|OO	2
Wiki_Asterix.26	5-ADP|av|4|MD	1
Wiki_Asterix.26	17-ADP|av|16|MD	1
Wiki_Asterix.26	19-AUX|var|2|conj	1
Wiki_Asterix.27	1-ADP|Av|6|MD	1
Wiki_Asterix.27	9-ADP|genom|8|OA	1
Wiki_Asterix.27	26-AUX|hade|0|-- 3-AUX|hade|26|parataxis 7-AUX|blivit|3|IV	3
Wiki_Asterix.27	24-ADP|av|23|MD	1
Wiki_Asterix.27	28-SCONJ|då|27|MD	1
Wiki_Asterix.28	4-ADP|av|3|MD	1
Wiki_Asterix.28	17-ADP|av|16|MD	1
Wiki_Asterix.28	7-AUX|hade|0|-- 14-SCONJ|om|7|MD	2
Wiki_Asterix.29	1-ADP|Av|6|MD	1
Wiki_Asterix.29	4-AUX|var|0|--	1
Wiki_Asterix.30	11-ADP|av|10|MD	1
Wiki_Asterix.30	9-SCONJ|att|8|MD	1
Wiki_Asterix.30	5-PART|att|4|OO	1
Wiki_Asterix.32	11-ADP|i|10|OA	1
Wiki_Asterix.32	16-ADP|på|15|OA	1
Wiki_Asterix.32	20-ADP|i|19|MD	1
Wiki_Asterix.32	36-ADP|i|35|OA	1
Wiki_Asterix.32	33-SCONJ|som|32|MD 34-AUX|är|33|OO	2
Wiki_Asterix.32	31-SCONJ|liksom|25|MD	1
Wiki_Asterix.32	22-SCONJ|där|19|MD 24-AUX|kan|22|OO	2
Wiki_Asterix.32	18-AUX|är|4|parataxis	1
Wiki_Asterix.33	12-SCONJ|som|11|MD	1
Wiki_Asterix.33	16-ADP|i|6|OA	1
Wiki_Asterix.33	3-AUX|har|0|--	1
Wiki_Asterix.34	2-ADP|av|1|MD	1
Wiki_Asterix.34	15-PART|inte|16|MD	1
Wiki_Asterix.34	20-ADP|i|19|RA	1
Wiki_Asterix.34	17-AUX|är|13|OO	1
Wiki_Asterix.34	6-AUX|är|0|--	1
Wiki_Asterix.35	6-SCONJ|som|5|MD	1
Wiki_Asterix.35	10-ADP|på|9|MD	1
Wiki_Asterix.35	8-ADP|i|3|MD	1
Wiki_Asterix.35	13-ADP|i|22|RA	1
Wiki_Asterix.35	29-ADP|i|28|MD	1
Wiki_Asterix.37	2-AUX|är|0|--	1
Wiki_Asterix.38	6-ADP|i|5|MD	1
Wiki_Asterix.38	3-ADP|bland|2|OA	1
Wiki_Asterix.38	18-SCONJ|som|17|MD	1
Wiki_Asterix.38	16-ADP|av|13|MD	1
Wiki_Asterix.39	2-AUX|är|0|--	1
Wiki_Asterix.40	3-AUX|är|0|--	1
Wiki_Asterix.41	15-ADP|till|14|OA	1
Wiki_Asterix.41	7-AUX|är|6|OO 11-SCONJ|då|7|MD	2
Wiki_Asterix.41	2-AUX|är|0|--	1
Wiki_Asterix.43	2-AUX|är|0|--	1
Wiki_Asterix.44	2-AUX|är|0|--	1
Wiki_Asterix.45	12-ADP|vid|11|MD	1
Wiki_Asterix.45	10-SCONJ|som|9|MD	1
Wiki_Asterix.45	6-ADP|med|4|MD	1
Wiki_Asterix.46	3-SCONJ|som|2|MD	1
Wiki_Asterix.46	9-ADP|framför|6|MD	1
Wiki_Asterix.46	14-AUX|är|2|conj	1
Wiki_Asterix.47	10-ADP|med|9|MD	1
Wiki_Asterix.47	12-SCONJ|som|7|MD	1
Wiki_Asterix.47	23-ADP|för|22|OA	1
Wiki_Asterix.47	18-SCONJ|att|17|OO 20-AUX|skulle|18|OO 21-AUX|vara|20|IV 25-PART|att|21|ES	4
Wiki_Asterix.47	18-SCONJ|att|17|OO 20-AUX|skulle|18|OO 21-AUX|vara|20|IV 25-PART|att|21|ES 30-ADP|till|20|MD	5
Wiki_Asterix.47	38-ADP|i|37|OA	1
Wiki_Asterix.47	18-SCONJ|att|17|OO 20-AUX|skulle|18|OO 21-AUX|vara|20|IV 25-PART|att|21|ES 30-ADP|till|20|MD 33-SCONJ|eftersom|20|MD 35-AUX|är|33|OO	7
Wiki_Asterix.47	16-SCONJ|som|15|MD	1
Wiki_Asterix.47	2-AUX|är|0|-- 5-SCONJ|sedan|2|MD	2
Wiki_Asterix.48	9-SCONJ|som|7|MD 11-AUX|kan|9|OO	2
Wiki_Asterix.48	3-AUX|är|0|--	1
Wiki_Asterix.49	7-ADP|åt|6|MD	1
Wiki_Asterix.49	2-AUX|är|0|--	1
Wiki_Asterix.51	8-SCONJ|som|6|MD 9-AUX|är|8|OO	2
Wiki_Asterix.51	2-AUX|är|0|--	1
Wiki_Asterix.52	14-AUX|blir|12|conj	1
Wiki_Asterix.52	21-ADP|av|20|MD	1
Wiki_Asterix.52	5-AUX|blir|2|conj	1
Wiki_Asterix.53	3-AUX|är|1|OO 4-ADP|för|3|SP	2
Wiki_Asterix.53	7-AUX|är|0|--	1
Wiki_Asterix.55	10-ADP|med|9|MD	1
Wiki_Asterix.55	7-SCONJ|som|6|MD 8-AUX|är|7|OO	2
Wiki_Asterix.55	2-AUX|är|0|--	1
Wiki_Asterix.56	2-AUX|är|0|--	1
Wiki_Asterix.57	6-SCONJ|som|5|MD	1
Wiki_Asterix.57	19-ADP|i|18|MD	1
Wiki_Asterix.57	15-ADP|av|14|MD	1
Wiki_Asterix.57	4-AUX|är|0|-- 13-AUX|är|4|parataxis	2
Wiki_Asterix.58	3-AUX|kan|0|-- 1-ADP|Förutom|3|MD	2
Wiki_Asterix.60	2-AUX|är|0|-- 6-SCONJ|som|2|EF	2
Wiki_Asterix.61	5-AUX|har|0|-- 1-ADP|Av|5|MD	2
Wiki_Asterix.61	13-ADP|i|12|MD	1
Wiki_Asterix.61	5-AUX|har|0|-- 1-ADP|Av|5|MD 10-AUX|blivit|5|IV	3
Wiki_Asterix.62	7-AUX|är|0|--	1
Wiki_Asterix.64	4-ADP|av|3|MD	1
Wiki_Asterix.64	10-ADP|i|9|MD	1
Wiki_Asterix.66	9-ADP|efter|8|MD	1
Wiki_Asterix.66	6-ADP|i|4|MD	1
Wiki_Asterix.67	1-ADP|Inom|3|MD	1
Wiki_Asterix.67	5-ADP|i|4|MD	1
Wiki_Asterix.68	5-ADP|efter|4|MD	1
Wiki_Asterix.68	12-ADP|vid|11|MD	1
Wiki_Asterix.68	10-ADP|på|9|MD	1
Wiki_Asterix.68	2-AUX|kan|0|--	1
Wiki_Asterix.69	11-ADP|med|4|MD	1
Wiki_Asterix.70	1-ADP|På|3|MD	1
Wiki_Asterix.70	7-ADP|hos|6|MD	1
Wiki_Asterix.72	1-ADP|I|3|RA	1
Wiki_Asterix.72	9-ADP|i|3|MD	1
Wiki_Asterix.72	13-ADP|till|3|MD	1
Wiki_Asterix.73	17-SCONJ|som|12|MD	1
Wiki_Asterix.73	9-ADP|på|7|MD	1
Wiki_Asterix.73	25-ADP|efter|7|MD	1
Wiki_Asterix.73	6-SCONJ|som|5|MD	1
Wiki_Asterix.73	3-AUX|var|0|--	1
Wiki_Asterix.74	14-ADP|på|12|MD	1
Wiki_Asterix.74	18-ADP|på|16|MD	1
Wiki_Asterix.74	10-SCONJ|eftersom|2|MD	1
Wiki_Asterix.76	6-ADP|av|5|MD	1
Wiki_Asterix.77	4-ADP|av|2|AG	1
Wiki_Asterix.77	16-ADP|av|12|AG	1
Wiki_Asterix.78	9-ADP|av|8|MD	1
Wiki_Asterix.78	30-ADP|mot|28|MD	1
Wiki_Asterix.78	24-SCONJ|där|8|MD	1
Wiki_Asterix.78	5-ADP|med|4|MD	1
Wiki_Asterix.78	3-ADP|i|2|MD	1
Wiki_Asterix.79	5-ADP|framför|7|MD	1
Wiki_Asterix.79	4-ADP|under|3|MD	1
Wiki_Asterix.79	11-ADP|av|10|MD	1
Wiki_Asterix.79	9-SCONJ|att|8|OO	1
Wiki_Asterix.80	7-ADP|i|4|MD	1
Wiki_Asterix.80	2-AUX|kan|0|--	1
Wiki_Asterix.81	3-ADP|under|2|MD	1
Wiki_Asterix.81	8-ADP|för|7|MD	1
Wiki_Asterix.81	15-ADP|i|13|MD	1
Wiki_Asterix.82	9-ADP|i|8|OA	1
Wiki_Asterix.82	2-AUX|har|0|-- 15-SCONJ|medan|2|MD	2
Wiki_Asterix.83	8-ADP|i|7|MD	1
Wiki_Asterix.83	5-AUX|har|0|--	1
Wiki_Asterix.84	11-ADP|av|10|MD	1
Wiki_Asterix.84	7-ADP|i|2|MD	1
Wiki_Asterix.84	22-ADP|i|17|OA	1
Wiki_Asterix.84	36-ADP|i|31|MD	1
Wiki_Asterix.85	1-ADP|Utanför|0|--	1
Wiki_Asterix.87	2-AUX|kom|0|-- 3-ADP|bland|2|MD	2
Wiki_Asterix.87	16-ADP|i|14|MD	1
Wiki_Asterix.87	13-SCONJ|som|11|MD	1
Wiki_Asterix.87	2-AUX|kom|0|-- 3-ADP|bland|2|MD 5-PART|att|2|IV 6-AUX|få|5|OO	4
Wiki_Asterix.89	7-ADP|i|5|RA	1
Wiki_Asterix.89	15-ADP|i|14|MD	1
Wiki_Asterix.89	13-SCONJ|som|5|MD	1
Wiki_Asterix.90	7-ADP|av|10|MD	1
Wiki_Asterix.90	12-ADP|i|10|RA	1
Wiki_Asterix.90	6-SCONJ|som|5|MD	1
Wiki_Asterix.92	26-ADP|med|6|MD	1
Wiki_Asterix.92	9-ADP|med|8|MD	1
Wiki_Asterix.92	13-ADP|under|8|MD	1
Wiki_Asterix.92	23-ADP|i|22|MD	1
Wiki_Asterix.92	16-ADP|till|15|MD 17-SCONJ|att|16|OO	2
Wiki_Asterix.92	33-ADP|till|32|MD 34-SCONJ|att|33|OO 39-AUX|kom|34|OO 40-PART|att|39|IV	4
Wiki_Asterix.93	13-ADP|i|8|RA	1
Wiki_Asterix.96	11-ADP|i|3|RA 17-ADP|om|11|AN	2
Wiki_Asterix.97	9-ADP|i|8|MD	1
Wiki_Asterix.97	12-ADP|i|8|MD	1
Wiki_Asterix.97	5-ADP|av|4|MD	1
Wiki_Asterix.97	3-AUX|är|0|--	1
Wiki_Kvadrat.2	6-ADP|i|5|MD	1
Wiki_Kvadrat.2	12-ADP|av|11|MD	1
Wiki_Kvadrat.2	10-ADP|med|5|MD	1
Wiki_Kvadrat.2	2-ADP|av|1|MD	1
Wiki_Kvadrat.3	3-ADP|från|1|MD	1
Wiki_Kvadrat.3	9-ADP|i|1|MD	1
Wiki_Kvadrat.3	14-AUX|är|0|-- 15-ADP|inom|14|MD	2
Wiki_Kvadrat.3	26-SCONJ|där|25|MD 29-AUX|är|26|OO	2
Wiki_Kvadrat.3	19-ADP|på|18|MD	1
Wiki_Kvadrat.4	7-AUX|är|6|OO	1
Wiki_Kvadrat.4	2-ADP|av|1|MD	1
Wiki_Kvadrat.4	11-ADP|med|10|OA	1
Wiki_Kvadrat.4	9-AUX|är|0|--	1
Wiki_Kvadrat.5	13-ADP|med|12|OA	1
Wiki_Kvadrat.5	7-ADP|för|6|MD 8-PART|att|7|OO	2
Wiki_Kvadrat.5	21-ADP|till|19|OA	1
Wiki_Kvadrat.5	24-ADP|inom|19|MD	1
Wiki_Kvadrat.5	18-AUX|har|17|OO	1
Wiki_Kvadrat.5	2-AUX|har|0|--	1
Wiki_Kvadrat.6	5-ADP|med|4|MD	1
Wiki_Kvadrat.6	2-AUX|kan|0|--	1
Wiki_Kvadrat.7	10-AUX|kan|0|-- 2-AUX|vill|10|DF	2
Wiki_Kvadrat.7	7-ADP|med|6|MD	1
Wiki_Kvadrat.7	20-ADP|av|19|MD	1
Wiki_Kvadrat.7	18-ADP|av|17|MD	1
Wiki_Kvadrat.7	15-SCONJ|där|14|MD 24-AUX|är|15|OO	2
Wiki_Kvadrat.7	12-SCONJ|som|11|MD	1
Wiki_LillaMy.2	11-ADP|om|10|MD	1
Wiki_LillaMy.2	7-ADP|i|6|MD	1
Wiki_LillaMy.2	3-AUX|är|0|--	1
Wiki_LillaMy.3	7-ADP|i|2|MD	1
Wiki_LillaMy.3	19-ADP|i|18|MD	1
Wiki_LillaMy.3	15-DET|alla|16|DT 17-ADP|utom|15|MD	2
Wiki_LillaMy.3	14-ADP|i|12|OA	1
Wiki_LillaMy.4	3-AUX|är|0|--	1
Wiki_LillaMy.5	1-ADP|I|6|MD	1
Wiki_LillaMy.5	8-ADP|till|6|OA	1
Wiki_LillaMy.5	11-AUX|är|6|conj 14-ADP|från|11|MD	2
Wiki_LillaMy.7	3-AUX|är|0|--	1
Wiki_LillaMy.8	5-ADP|för|2|OA	1
Wiki_LillaMy.8	7-SCONJ|om|2|MD	1
Wiki_LillaMy.8	13-AUX|är|2|conj	1
Wiki_LillaMy.9	5-AUX|är|0|-- 1-ADP|Trots|5|MD	2
Wiki_LillaMy.10	7-ADP|av|6|MD	1
Wiki_LillaMy.10	5-SCONJ|som|4|OA	1
Wiki_LillaMy.10	18-ADP|av|17|OA	1
Wiki_LillaMy.10	12-SCONJ|då|4|MD 15-AUX|är|12|OO	2
Wiki_LillaMy.10	2-AUX|kan|0|--	1
Wiki_LillaMy.11	2-AUX|är|0|--	1
Wiki_LillaMy.12	11-ADP|på|9|MD	1
Wiki_LillaMy.12	15-SCONJ|såvida|9|MD	1
Wiki_LillaMy.12	7-AUX|vill|0|--	1
Wiki_LillaMy.13	7-SCONJ|som|6|MD 8-AUX|är|7|OO	2
Wiki_LillaMy.13	5-ADP|om|3|OA	1
Wiki_LillaMy.13	2-AUX|vill|0|--	1
Wiki_LillaMy.14	15-SCONJ|som|14|MD	1
Wiki_LillaMy.14	12-ADP|i|11|OA	1
Wiki_LillaMy.15	3-ADP|i|2|OA	1
Wiki_LillaMy.16	5-AUX|var|1|OO	1
Wiki_LillaMy.18	4-ADP|i|3|MD	1
Wiki_LillaMy.18	10-ADP|av|9|MD	1
Wiki_LillaMy.18	7-SCONJ|som|3|OA	1
Wiki_LillaMy.18	23-SCONJ|som|22|OA	1
Wiki_LillaMy.18	17-ADP|till|16|MD	1
Wiki_LillaMy.18	15-AUX|är|3|conj	1
Wiki_LillaMy.19	10-AUX|är|6|conj	1
Wiki_LillaMy.19	13-AUX|är|0|-- 1-SCONJ|Att|13|SB	2
Wiki_LillaMy.19	18-SCONJ|som|17|MD	1
Wiki_LillaMy.19	20-ADP|i|17|MD	1
Wiki_LillaMy.19	15-SCONJ|som|14|MD	1
Wiki_LillaMy.20	2-AUX|är|0|-- 7-SCONJ|som|2|ES 8-AUX|är|7|OO	3
Wiki_LillaMy.21	14-ADP|av|13|MD	1
Wiki_LillaMy.21	12-ADP|under|9|MD	1
Wiki_LillaMy.21	24-SCONJ|än|23|OA	1
Wiki_LillaMy.21	20-SCONJ|att|19|OO 22-AUX|är|20|OO	2
Wiki_LillaMy.21	6-ADP|efter|3|MD 7-SCONJ|att|6|OO	2
Wiki_LillaMy.21	2-AUX|har|0|--	1
Wiki_LillaMy.22	5-AUX|var|0|-- 1-ADP|Under|5|MD	2
Wiki_LillaMy.22	13-ADP|om|11|OA	1
Wiki_LillaMy.22	5-AUX|var|0|-- 1-ADP|Under|5|MD 9-SCONJ|som|5|EF 10-AUX|fick|9|OO	4
Wiki_LillaMy.23	5-ADP|från|4|OA	1
Wiki_Hastighetsmatare.2	2-ADP|från|1|MD	1
Wiki_Hastighetsmatare.3	7-ADP|per|6|MD	1
Wiki_Hastighetsmatare.3	5-ADP|i|4|OA	1
Wiki_Hastighetsmatare.3	3-AUX|är|0|--	1
Wiki_Hastighetsmatare.4	4-SCONJ|som|3|MD	1
Wiki_Hastighetsmatare.5	10-ADP|i|9|MD	1
Wiki_Hastighetsmatare.5	14-ADP|med|13|OA	1
Wiki_Hastighetsmatare.5	8-AUX|måste|0|-- 12-AUX|vara|8|IV	2
Wiki_Hastighetsmatare.6	3-ADP|i|2|MD	1
Wiki_Hastighetsmatare.6	7-ADP|av|6|MD	1
Wiki_Hastighetsmatare.7	11-ADP|till|10|MD	1
Wiki_Hastighetsmatare.7	8-ADP|med|7|MD	1
Wiki_Hastighetsmatare.7	6-SCONJ|som|5|MD	1
Wiki_Hastighetsmatare.8	1-ADP|Intill|3|RA	1
Wiki_Hastighetsmatare.8	9-ADP|av|8|MD	1
Wiki_Hastighetsmatare.8	14-SCONJ|att|13|MD 16-AUX|kan|14|OO	2
Wiki_Hastighetsmatare.9	8-ADP|i|7|MD	1
Wiki_Hastighetsmatare.9	4-AUX|kommer|0|-- 6-PART|att|4|IV	2
Wiki_Hastighetsmatare.10	2-ADP|för|1|MD	1
Wiki_Hastighetsmatare.10	5-ADP|av|4|AG	1
Wiki_Hastighetsmatare.11	3-ADP|för|2|MD	1
Wiki_Hastighetsmatare.13	4-ADP|av|3|MD	1
Wiki_Hastighetsmatare.16	1-ADP|För|4|OA	1
Wiki_Hastighetsmatare.16	7-ADP|av|6|MD	1
Wiki_Hastighetsmatare.16	12-ADP|på|10|OA	1
Wiki_Hastighetsmatare.17	5-ADP|under|2|MD	1
Wiki_Hastighetsmatare.18	4-ADP|mot|3|OA	1
Wiki_Hastighetsmatare.18	2-AUX|är|0|--	1
Wiki_Hastighetsmatare.19	16-ADP|för|15|MD	1
Wiki_Hastighetsmatare.20	2-AUX|kan|0|-- 4-AUX|vara|2|IV	2
Wiki_Hastighetsmatare.21	4-AUX|måste|0|-- 1-ADP|Enligt|4|MD	2
Wiki_Hastighetsmatare.21	9-ADP|i|8|OA	1
Wiki_Hastighetsmatare.21	4-AUX|måste|0|-- 1-ADP|Enligt|4|MD 7-AUX|vara|4|IV	3
Wiki_Hastighetsmatare.22	5-ADP|i|4|MD	1
Wiki_Hastighetsmatare.22	8-AUX|måste|0|-- 1-SCONJ|Om|8|MD	2
Wiki_Hastighetsmatare.22	8-AUX|måste|0|-- 1-SCONJ|Om|8|MD 10-AUX|vara|8|IV	3
Wiki_Ior.2	10-ADP|i|12|MD	1
Wiki_Ior.2	9-ADP|med|7|MD	1
Wiki_Ior.2	32-ADP|i|31|MD	1
Wiki_Ior.2	26-ADP|om|25|MD	1
Wiki_Ior.2	21-ADP|i|20|MD	1
Wiki_Ior.2	19-SCONJ|som|18|MD	1
Wiki_Ior.2	15-AUX|är|0|--	1
Wiki_Ior.4	3-AUX|ska|0|--	1
Wiki_Ior.5	15-ADP|av|14|MD	1
Wiki_Ior.5	12-ADP|i|11|RA	1
Wiki_Ior.5	10-SCONJ|som|9|MD	1
Wiki_Ior.5	2-AUX|är|0|--	1
Wiki_Ior.6	4-AUX|är|0|-- 1-ADP|I|4|MD	2
Wiki_Ior.6	8-SCONJ|än|6|JF 9-ADP|i|8|OO	2
Wiki_Ior.7	8-ADP|i|7|MD	1
Wiki_Ior.7	3-ADP|från|2|OA 4-SCONJ|att|3|OO	2
Wiki_Ior.8	1-ADP|Efter|3|MD	1
Wiki_Ior.9	13-ADP|i|11|MD	1
Wiki_Ior.9	3-AUX|är|0|-- 8-SCONJ|eftersom|3|MD	2
Wiki_Ior.10	6-ADP|på|4|MD	1
Wiki_HarryPotter.2	7-ADP|av|5|MD	1
Wiki_HarryPotter.2	19-ADP|med|18|OA	1
Wiki_HarryPotter.2	12-SCONJ|som|5|MD	1
Wiki_HarryPotter.2	3-AUX|är|0|--	1
Wiki_HarryPotter.4	9-ADP|till|8|MD	1
Wiki_HarryPotter.4	18-ADP|i|17|MD	1
Wiki_HarryPotter.4	14-ADP|på|13|MD	1
Wiki_HarryPotter.4	7-ADP|med|3|OA	1
Wiki_HarryPotter.4	2-AUX|har|0|--	1
Wiki_HarryPotter.5	6-ADP|av|5|AG	1
Wiki_HarryPotter.5	4-AUX|har|0|--	1
Wiki_HarryPotter.6	3-AUX|har|0|-- 1-ADP|Efter|3|MD	2
Wiki_HarryPotter.6	17-SCONJ|som|16|MD	1
Wiki_HarryPotter.6	15-ADP|i|13|MD	1
Wiki_HarryPotter.6	12-ADP|med|6|MD	1
Wiki_HarryPotter.6	3-AUX|har|0|-- 1-ADP|Efter|3|MD 8-ADP|med|3|MD	3
Wiki_HarryPotter.7	2-ADP|om|1|MD	1
Wiki_HarryPotter.7	8-ADP|för|6|MD 9-SCONJ|att|8|OO 11-AUX|har|9|OO 12-AUX|fått|11|IV 15-PART|att|12|IV	5
Wiki_HarryPotter.7	5-AUX|har|0|--	1
Wiki_HarryPotter.8	11-ADP|enligt|16|MD	1
Wiki_HarryPotter.8	6-ADP|för|4|OA 7-SCONJ|att|6|OO	2
Wiki_HarryPotter.8	2-AUX|har|0|--	1
Wiki_HarryPotter.11	2-ADP|om|1|MD	1
Wiki_HarryPotter.15	5-ADP|från|3|RA	1
Wiki_HarryPotter.15	9-ADP|för|8|MD	1
Wiki_HarryPotter.15	7-ADP|till|3|RA	1
Wiki_HarryPotter.15	2-SCONJ|som|1|MD	1
Wiki_HarryPotter.16	12-ADP|hos|10|MD	1
Wiki_HarryPotter.16	8-SCONJ|som|6|MD 9-AUX|har|8|OO	2
Wiki_HarryPotter.16	3-ADP|om|2|OA	1
Wiki_HarryPotter.17	1-ADP|På|4|MD	1
Wiki_HarryPotter.17	6-ADP|av|4|OA	1
Wiki_HarryPotter.17	11-ADP|på|10|MD 12-SCONJ|att|11|OO 14-AUX|är|12|OO	3
Wiki_HarryPotter.18	7-ADP|från|6|MD	1
Wiki_HarryPotter.18	24-ADP|för|23|MD	1
Wiki_HarryPotter.18	21-ADP|till|20|MD	1
Wiki_HarryPotter.19	1-ADP|På|3|RA	1
Wiki_HarryPotter.19	21-ADP|bland|23|MD	1
Wiki_HarryPotter.19	29-ADP|av|28|MD	1
Wiki_HarryPotter.19	27-ADP|från|26|MD	1
Wiki_HarryPotter.19	25-SCONJ|som|23|MD	1
Wiki_HarryPotter.19	44-ADP|emot|42|OA	1
Wiki_HarryPotter.19	46-ADP|från|42|MD	1
Wiki_HarryPotter.19	40-SCONJ|som|37|MD	1
Wiki_HarryPotter.20	6-ADP|i|2|MD	1
Wiki_HarryPotter.21	1-ADP|Under|4|MD	1
Wiki_HarryPotter.21	33-ADP|genom|32|MD	1
Wiki_HarryPotter.21	29-ADP|mot|28|MD	1
Wiki_HarryPotter.21	26-SCONJ|medan|25|MD	1
Wiki_HarryPotter.21	24-SCONJ|som|21|MD	1
Wiki_HarryPotter.21	11-ADP|om|10|MD	1
Wiki_HarryPotter.21	7-ADP|på|6|MD	1
Wiki_HarryPotter.22	10-ADP|från|8|OA	1
Wiki_HarryPotter.22	18-ADP|i|17|MD	1
Wiki_HarryPotter.22	20-SCONJ|som|17|MD	1
Wiki_HarryPotter.22	13-ADP|med|8|MD	1
Wiki_HarryPotter.22	2-AUX|var|0|-- 7-SCONJ|som|2|EF	2
Wiki_HarryPotter.23	5-ADP|på|4|MD	1
Wiki_HarryPotter.23	22-ADP|av|21|MD	1
Wiki_HarryPotter.23	26-SCONJ|att|25|OO	1
Wiki_HarryPotter.23	19-SCONJ|att|17|JF	1
Wiki_HarryPotter.23	11-ADP|till|9|OA	1
Wiki_HarryPotter.24	5-ADP|till|4|OA	1
Wiki_HarryPotter.24	16-ADP|på|15|OO	1
Wiki_HarryPotter.24	12-ADP|på|11|MD 13-SCONJ|att|12|OO	2
Wiki_HarryPotter.26	2-ADP|om|1|MD	1
Wiki_HarryPotter.26	5-AUX|är|0|-- 6-ADP|enligt|5|MD	2
Wiki_HarryPotter.26	12-ADP|i|11|MD	1
Wiki_HarryPotter.26	10-ADP|till|9|OA	1
Wiki_HarryPotter.27	8-ADP|för|7|MD	1
Wiki_HarryPotter.27	4-SCONJ|att|2|OO	1
Wiki_HarryPotter.27	19-ADP|i|18|MD	1
Wiki_HarryPotter.27	15-AUX|har|2|conj	1
Wiki_HarryPotter.27	37-SCONJ|om|36|MD	1
Wiki_HarryPotter.27	28-SCONJ|tills|24|OA 30-AUX|är|28|OO	2
Wiki_HarryPotter.28	8-ADP|i|7|MD	1
Wiki_HarryPotter.28	13-AUX|har|11|OO	1
Wiki_HarryPotter.28	18-AUX|har|11|conj	1
Wiki_HarryPotter.28	36-ADP|till|32|MD	1
Wiki_HarryPotter.28	26-ADP|på|25|MD	1
Wiki_HarryPotter.28	3-AUX|har|0|--	1
Wiki_HarryPotter.29	2-ADP|mellan|1|MD	1
Wiki_HarryPotter.29	11-AUX|blir|0|--	1
Wiki_HarryPotter.30	10-ADP|till|9|MD	1
Wiki_HarryPotter.30	8-ADP|för|7|MD	1
Wiki_HarryPotter.30	4-AUX|är|0|--	1
Wiki_HarryPotter.31	3-ADP|av|2|MD	1
Wiki_HarryPotter.31	1-ADP|Till|8|MD	1
Wiki_HarryPotter.32	6-ADP|i|5|MD	1
Wiki_HarryPotter.32	3-ADP|för|2|MD	1
Wiki_HarryPotter.32	16-AUX|är|0|-- 1-ADP|Med|16|MD	2
Wiki_HarryPotter.32	19-ADP|i|18|MD	1
Wiki_HarryPotter.32	23-ADP|med|18|MD 25-SCONJ|som|23|OP	2
Wiki_HarryPotter.33	4-ADP|genom|3|MD	1
Wiki_HarryPotter.33	6-AUX|kan|0|-- 1-SCONJ|Att|6|SB	2
Wiki_HarryPotter.33	18-ADP|med|17|MD	1
Wiki_HarryPotter.33	10-ADP|till|9|MD 11-SCONJ|att|10|OO	2
Wiki_HarryPotter.33	6-AUX|kan|0|-- 1-SCONJ|Att|6|SB 7-AUX|vara|6|IV	3
Wiki_HarryPotter.34	5-SCONJ|som|4|MD	1
Wiki_HarryPotter.34	1-ADP|Bland|7|MD	1
Wiki_HarryPotter.34	22-ADP|över|21|OA	1
Wiki_HarryPotter.34	20-SCONJ|som|19|MD	1
Wiki_HarryPotter.34	10-PART|att|9|MD	1
Wiki_HarryPotter.34	31-ADP|i|30|MD	1
Wiki_HarryPotter.34	37-ADP|av|36|MD	1
Wiki_HarryPotter.34	45-ADP|i|44|MD	1
Wiki_HarryPotter.34	50-SCONJ|som|49|MD	1
Wiki_HarryPotter.34	63-ADP|ur|58|conj 65-ADP|på|63|MD	2
Wiki_HarryPotter.34	57-SCONJ|som|56|MD	1
Wiki_HarryPotter.35	1-ADP|Å|4|DF	1
Wiki_HarryPotter.35	8-SCONJ|att|4|OO 12-AUX|är|8|OO	2
Wiki_HarryPotter.36	12-AUX|är|0|-- 4-SCONJ|om|12|MD	2
Wiki_HarryPotter.36	14-ADP|mellan|13|MD	1
Wiki_HarryPotter.37	3-AUX|har|0|-- 1-ADP|Trots|3|MD	2
Wiki_HarryPotter.37	6-ADP|i|5|MD	1
Wiki_HarryPotter.37	12-SCONJ|som|11|OO 13-AUX|är|12|OO	2
Wiki_HarryPotter.37	17-SCONJ|som|16|OO 18-AUX|är|17|OO	2
Wiki_HarryPotter.37	10-ADP|mellan|9|OA	1
Wiki_HarryPotter.37	22-ADP|av|21|MD	1
Wiki_HarryPotter.38	3-SCONJ|som|2|MD	1
Wiki_HarryPotter.38	16-ADP|för|15|MD	1
Wiki_HarryPotter.38	5-AUX|är|0|-- 14-AUX|är|5|parataxis	2
Wiki_HarryPotter.39	11-ADP|till|15|MD	1
Wiki_HarryPotter.39	16-ADP|om|15|MD	1
Wiki_HarryPotter.39	4-ADP|med|3|OA	1
Wiki_HarryPotter.39	2-AUX|har|0|--	1
Wiki_HarryPotter.42	6-ADP|i|3|MD	1
Wiki_HarryPotter.42	13-ADP|med|12|MD	1
Wiki_HarryPotter.42	22-ADP|med|21|OA	1
Wiki_HarryPotter.42	20-AUX|har|3|conj	1
Wiki_HarryPotter.43	9-ADP|i|7|MD	1
Wiki_HarryPotter.43	22-ADP|om|21|OA	1
Wiki_HarryPotter.43	20-SCONJ|som|19|MD	1
Wiki_HarryPotter.43	15-ADP|med|14|MD	1
Wiki_HarryPotter.43	13-SCONJ|som|7|MD	1
Wiki_HarryPotter.43	6-ADP|med|3|OA	1
Wiki_HarryPotter.43	2-AUX|har|0|--	1
Wiki_HarryPotter.44	4-AUX|blev|0|-- 2-SCONJ|som|4|MD	2
Wiki_HarryPotter.44	8-ADP|hos|7|RA	1
Wiki_HarryPotter.44	11-ADP|av|7|AG	1
Wiki_HarryPotter.44	26-ADP|mot|24|MD	1
Wiki_HarryPotter.44	22-ADP|för|7|MD 23-PART|att|22|OO	2
Wiki_HarryPotter.46	23-ADP|till|22|MD	1
Wiki_HarryPotter.46	19-ADP|med|16|MD	1
Wiki_HarryPotter.46	42-AUX|har|0|-- 43-ADP|vid|42|MD	2
Wiki_HarryPotter.46	49-ADP|till|48|MD	1
Wiki_HarryPotter.46	59-ADP|mellan|58|MD	1
Wiki_HarryPotter.46	56-ADP|under|51|MD	1
Wiki_HarryPotter.46	47-SCONJ|att|46|OO	1
Wiki_HarryPotter.47	12-ADP|i|11|OO	1
Wiki_HarryPotter.47	10-SCONJ|som|8|MD	1
Wiki_HarryPotter.47	1-ADP|Efter|15|MD 2-SCONJ|att|1|OO 4-AUX|ha|2|OO	3
Wiki_HarryPotter.47	33-ADP|på|32|MD	1
Wiki_HarryPotter.47	30-ADP|under|29|MD	1
Wiki_HarryPotter.47	27-ADP|för|26|MD	1
Wiki_HarryPotter.47	21-ADP|av|20|MD	1
Wiki_HarryPotter.47	18-ADP|på|17|OA	1
Wiki_HarryPotter.47	36-ADP|på|17|RA	1
Wiki_HarryPotter.47	46-ADP|bredvid|45|RA	1
Wiki_HarryPotter.47	39-SCONJ|medan|17|MD	1
Wiki_HarryPotter.48	9-ADP|på|8|RA	1
Wiki_HarryPotter.48	11-ADP|för|8|MD 12-SCONJ|att|11|OO	2
Wiki_HarryPotter.48	3-AUX|är|0|-- 6-SCONJ|att|3|ES 19-SCONJ|som|6|MD 21-AUX|har|19|OO	4
Wiki_HarryPotter.50	6-ADP|till|4|OA	1
Wiki_HarryPotter.50	18-ADP|på|16|MD	1
Wiki_HarryPotter.50	21-ADP|med|16|MD	1
Wiki_HarryPotter.50	15-PART|att|14|OO	1
Wiki_HarryPotter.50	10-SCONJ|eftersom|4|MD 13-AUX|var|10|OO	2
Wiki_HarryPotter.51	2-AUX|var|0|--	1
Wiki_HarryPotter.52	10-SCONJ|eftersom|17|MD	1
Wiki_HarryPotter.54	18-ADP|bland|17|MD	1
Wiki_HarryPotter.55	6-ADP|i|5|MD	1
Wiki_HarryPotter.55	25-SCONJ|som|24|MD 26-AUX|var|25|OO 28-ADP|vid|26|MD	3
Wiki_HarryPotter.55	37-ADP|om|36|MD	1
Wiki_HarryPotter.55	35-ADP|för|34|OA	1
Wiki_HarryPotter.55	33-SCONJ|än|31|JF	1
Wiki_HarryPotter.55	23-ADP|med|21|MD	1
Wiki_HarryPotter.55	17-AUX|hade|8|conj	1
Wiki_HarryPotter.56	18-ADP|om|17|MD 20-SCONJ|som|18|OO 21-AUX|ska|20|OO	3
Wiki_HarryPotter.56	32-ADP|ur|31|MD	1
Wiki_HarryPotter.56	14-ADP|av|13|OA	1
Wiki_HarryPotter.57	8-ADP|av|2|AG	1
Wiki_HarryPotter.57	16-ADP|om|15|MD	1
Wiki_HarryPotter.57	23-ADP|i|21|MD	1
Wiki_HarryPotter.57	14-SCONJ|att|13|OO 20-AUX|ska|14|OO	2
Wiki_HarryPotter.57	11-ADP|för|2|MD 12-PART|att|11|OO	2
Wiki_HarryPotter.58	15-ADP|om|14|MD	1
Wiki_HarryPotter.58	10-ADP|för|9|MD 11-PART|att|10|OO	2
Wiki_HarryPotter.59	11-ADP|i|10|MD	1
Wiki_HarryPotter.59	7-ADP|av|6|MD	1
Wiki_HarryPotter.60	1-ADP|På|3|MD	1
Wiki_HarryPotter.60	10-ADP|med|9|MD	1
Wiki_HarryPotter.60	8-ADP|i|3|MD	1
Wiki_HarryPotter.60	17-ADP|i|16|MD	1
Wiki_HarryPotter.60	14-ADP|i|13|MD	1
Wiki_HarryPotter.61	4-ADP|längs|2|OA	1
Wiki_HarryPotter.61	7-ADP|från|2|MD	1
Wiki_HarryPotter.61	11-ADP|på|2|MD	1
Wiki_HarryPotter.62	5-ADP|till|2|OA	1
Wiki_HarryPotter.63	2-ADP|av|1|MD	1
Wiki_HarryPotter.63	11-ADP|i|9|MD	1
Wiki_HarryPotter.63	14-ADP|efter|8|MD	1
Wiki_HarryPotter.63	4-AUX|har|0|-- 5-AUX|varit|4|IV 6-SCONJ|att|5|SP	3
Wiki_HarryPotter.64	1-ADP|För|7|MD 2-SCONJ|att|1|OO	2
Wiki_HarryPotter.64	22-ADP|med|21|MD	1
Wiki_HarryPotter.64	12-ADP|i|7|MD	1
Wiki_HarryPotter.66	2-ADP|med|1|MD	1
Wiki_HarryPotter.66	6-AUX|har|0|--	1
Wiki_HarryPotter.67	3-ADP|om|2|MD	1
Wiki_HarryPotter.68	16-ADP|under|14|MD	1
Wiki_HarryPotter.68	9-ADP|för|8|MD	1
Wiki_HarryPotter.68	7-ADP|till|6|MD	1
Wiki_HarryPotter.70	6-ADP|i|5|MD	1
Wiki_HarryPotter.70	8-ADP|av|5|MD	1
Wiki_HarryPotter.71	3-SCONJ|som|2|OA	1
Wiki_HarryPotter.71	5-ADP|i|2|MD	1
Wiki_HarryPotter.72	4-ADP|från|3|MD	1
Wiki_HarryPotter.73	6-DET|en|8|DT	1
Wiki_HarryPotter.73	9-ADP|i|5|OA	1
Wiki_HarryPotter.73	4-SCONJ|som|2|MD	1
Wiki_HarryPotter.73	19-ADP|till|18|OA	1
Wiki_HarryPotter.73	16-AUX|har|0|--	1
Wiki_HarryPotter.74	2-ADP|om|1|MD	1
Wiki_HarryPotter.75	5-SCONJ|att|3|ES 9-AUX|var|5|OO	2
Wiki_HarryPotter.75	14-SCONJ|sedan|3|MD	1
Wiki_HarryPotter.75	32-ADP|på|31|OA	1
Wiki_HarryPotter.75	27-ADP|med|26|OA	1
Wiki_HarryPotter.76	11-ADP|av|10|MD	1
Wiki_HarryPotter.76	5-SCONJ|som|3|MD 6-AUX|var|5|OO	2
Wiki_HarryPotter.77	10-ADP|i|4|RA	1
Wiki_HarryPotter.78	17-ADP|i|10|RA	1
Wiki_HarryPotter.79	7-ADP|med|6|MD	1
Wiki_HarryPotter.79	2-AUX|har|0|--	1
Wiki_HarryPotter.80	14-ADP|bland|13|MD	1
Wiki_HarryPotter.80	6-ADP|på|5|OA	1
Wiki_HarryPotter.80	19-ADP|för|5|MD	1
Wiki_HarryPotter.81	2-AUX|har|0|-- 3-ADP|i|2|MD	2
Wiki_HarryPotter.82	7-ADP|av|6|MD	1
Wiki_HarryPotter.82	11-ADP|på|10|OA	1
Wiki_HarryPotter.82	22-ADP|till|25|DF	1
Wiki_HarryPotter.82	28-ADP|från|27|MD	1
Wiki_HarryPotter.82	16-SCONJ|om|5|MD 31-AUX|är|16|OO 18-ADP|i|31|MD	3
Wiki_HarryPotter.83	2-AUX|är|0|-- 3-ADP|enligt|2|MD	2
Wiki_HarryPotter.83	7-ADP|förutom|6|MD	1
Wiki_HarryPotter.83	18-ADP|i|17|MD	1
Wiki_HarryPotter.83	13-ADP|om|12|MD 15-SCONJ|som|13|OO 16-AUX|skulle|15|OO	3
Wiki_HarryPotter.83	10-SCONJ|som|6|MD	1
Wiki_HarryPotter.83	30-SCONJ|som|29|MD 31-AUX|skulle|30|OO 32-AUX|komma|31|IV 33-PART|att|32|IV	4
Wiki_HarryPotter.83	2-AUX|är|0|-- 3-ADP|enligt|2|MD 22-ADP|för|2|parataxis 23-SCONJ|att|22|OO 26-AUX|skulle|23|OO	5
Wiki_HarryPotter.84	12-ADP|av|11|MD	1
Wiki_HarryPotter.85	9-ADP|till|7|MD	1
Wiki_HarryPotter.85	5-ADP|för|3|MD 6-PART|att|5|OO	2
Wiki_HarryPotter.86	25-ADP|under|23|MD	1
Wiki_HarryPotter.86	22-SCONJ|som|21|MD	1
Wiki_HarryPotter.86	19-ADP|i|17|MD	1
Wiki_HarryPotter.86	16-SCONJ|som|9|MD	1
Wiki_HarryPotter.86	6-ADP|till|5|MD	1
Wiki_HarryPotter.87	4-ADP|i|3|MD	1
Wiki_HarryPotter.87	8-ADP|av|3|AG	1
Wiki_HarryPotter.87	13-ADP|under|20|MD	1
Wiki_HarryPotter.87	23-ADP|i|22|MD	1
Wiki_HarryPotter.87	31-SCONJ|som|28|MD	1
Wiki_HarryPotter.87	40-ADP|för|38|MD	1
Wiki_HarryPotter.87	26-ADP|om|22|MD 27-SCONJ|att|26|OO 37-AUX|skulle|27|OO	3
Wiki_HarryPotter.88	20-ADP|för|19|MD 21-PART|att|20|OO	2
Wiki_HarryPotter.88	10-ADP|enligt|9|MD 18-AUX|skulle|10|OO	2
Wiki_HarryPotter.88	7-ADP|med|4|OA	1
Wiki_HarryPotter.90	2-ADP|om|1|MD	1
Wiki_HarryPotter.91	8-ADP|på|10|MD	1
Wiki_HarryPotter.91	17-ADP|mellan|16|MD	1
Wiki_HarryPotter.91	21-ADP|i|16|RA	1
Wiki_HarryPotter.91	15-SCONJ|som|14|MD	1
Wiki_HarryPotter.91	12-AUX|är|0|--	1
Wiki_HarryPotter.92	2-SCONJ|som|1|MD	1
Wiki_HarryPotter.92	10-ADP|om|9|MD	1
Wiki_HarryPotter.92	6-ADP|av|5|MD	1
Wiki_HarryPotter.93	5-ADP|i|3|RA	1
Wiki_HarryPotter.93	11-ADP|av|10|MD	1
Wiki_HarryPotter.93	7-ADP|i|3|MD	1
Wiki_HarryPotter.93	20-AUX|har|3|conj	1
Wiki_HarryPotter.94	19-SCONJ|som|18|MD 20-ADP|till|19|MD	2
Wiki_HarryPotter.94	16-ADP|via|14|MD	1
Wiki_HarryPotter.95	2-ADP|om|1|MD	1
Wiki_HarryPotter.96	4-ADP|om|3|MD	1
Wiki_HarryPotter.96	9-ADP|från|8|MD	1
Wiki_HarryPotter.96	7-AUX|har|0|--	1
Wiki_HarryPotter.97	9-ADP|från|5|OA	1
Wiki_HarryPotter.97	3-AUX|har|0|--	1
Wiki_HarryPotter.99	3-AUX|har|0|-- 4-ADP|bland|3|MD	2
Wiki_HarryPotter.99	11-ADP|på|10|MD	1
Wiki_HarryPotter.99	19-SCONJ|än|18|JF	1
Wiki_HarryPotter.99	14-SCONJ|som|9|MD	1
Wiki_HarryPotter.100	23-ADP|i|19|MD	1
Wiki_HarryPotter.100	32-ADP|för|30|MD	1
Wiki_HarryPotter.100	26-SCONJ|eftersom|19|MD 28-AUX|är|26|OO 36-SCONJ|då|28|MD 39-AUX|skulle|36|OO 40-AUX|ha|39|IV	5
Wiki_HarryPotter.100	18-PART|att|17|OO	1
Wiki_HarryPotter.100	14-SCONJ|att|13|OO 16-AUX|blev|14|OO	2
Wiki_HarryPotter.100	11-ADP|genom|9|MD 12-PART|att|11|OO	2
Wiki_HarryPotter.100	5-SCONJ|att|4|MD 7-AUX|skulle|5|OO 8-AUX|ha|7|IV	3
Wiki_HarryPotter.100	2-AUX|har|0|--	1
Wiki_HarryPotter.101	2-ADP|om|1|MD 3-SCONJ|att|2|OO	2
Wiki_HarryPotter.102	7-ADP|i|3|MD	1
Wiki_HarryPotter.102	13-ADP|för|11|MD 14-SCONJ|att|13|OO 16-AUX|skulle|14|OO	3
Wiki_HarryPotter.102	10-AUX|har|0|--	1
Wiki_HarryPotter.103	13-ADP|av|12|MD	1
Wiki_HarryPotter.103	10-ADP|för|8|MD	1
Wiki_HarryPotter.103	4-AUX|har|0|--	1
Wiki_HarryPotter.104	5-AUX|har|0|-- 1-ADP|Enligt|5|MD	2
Wiki_HarryPotter.104	10-SCONJ|än|8|JF	1
Wiki_HarryPotter.104	13-ADP|för|9|MD 14-PART|att|13|OO	2
Wiki_HarryPotter.104	21-ADP|för|7|MD 22-SCONJ|att|21|OO 24-AUX|är|22|OO	3
Wiki_HarryPotter.105	2-ADP|inom|1|MD	1
Wiki_HarryPotter.105	16-ADP|om|15|OA	1
Wiki_HarryPotter.105	12-SCONJ|som|11|MD	1
Wiki_HarryPotter.105	23-ADP|för|20|OA	1
Wiki_HarryPotter.105	39-ADP|på|37|OA	1
Wiki_HarryPotter.105	35-SCONJ|att|34|OO	1
Wiki_HarryPotter.105	48-PART|att|47|OO	1
Wiki_HarryPotter.105	61-AUX|är|20|conj	1
Wiki_HarryPotter.105	7-SCONJ|att|6|OO	1
Wiki_HarryPotter.109	20-SCONJ|som|18|OO 21-AUX|ska|20|OO 22-AUX|komma|21|IV 23-PART|att|22|IV	4
Wiki_HarryPotter.109	15-SCONJ|att|14|OO	1
Wiki_HarryPotter.109	10-SCONJ|eftersom|7|MD 12-AUX|skulle|10|OO 13-AUX|kunna|12|IV	3
Wiki_HarryPotter.109	3-SCONJ|att|2|OO	1
Wiki_HarryPotter.110	9-ADP|i|8|MD	1
Wiki_HarryPotter.110	5-SCONJ|att|4|ES 7-AUX|är|5|OO	2
Wiki_HarryPotter.110	2-AUX|ska|0|--	1
Wiki_HarryPotter.111	2-ADP|om|1|MD	1
Wiki_HarryPotter.112	5-ADP|inför|4|OA	1
Wiki_HarryPotter.112	13-ADP|ur|10|MD	1
Wiki_HarryPotter.112	7-ADP|för|4|MD 8-PART|att|7|OO 9-AUX|ha|8|OO	3
Wiki_HarryPotter.112	62-ADP|av|4|AG	1
Wiki_HarryPotter.112	2-AUX|har|0|-- 3-AUX|blivit|2|IV	2
Wiki_HarryPotter.112	34-ADP|i|33|MD	1
Wiki_HarryPotter.112	36-SCONJ|att|33|ES 39-AUX|är|36|OO	2
Wiki_HarryPotter.112	2-AUX|har|0|-- 3-AUX|blivit|2|IV 32-AUX|har|2|DF	3
Wiki_HarryPotter.113	13-ADP|förutom|9|MD 14-SCONJ|att|13|OO	2
Wiki_HarryPotter.113	6-SCONJ|att|5|OO	1
Wiki_HarryPotter.113	3-SCONJ|som|1|MD	1
Wiki_HarryPotter.113	31-SCONJ|att|30|MD 34-AUX|var|31|OO	2
Wiki_HarryPotter.113	27-SCONJ|som|26|MD	1
Wiki_HarryPotter.113	21-SCONJ|att|20|OO	1
Wiki_HarryPotter.113	40-ADP|bland|39|MD	1
Wiki_HarryPotter.113	48-ADP|i|47|MD	1
Wiki_HarryPotter.113	45-SCONJ|att|44|MD	1
Wiki_HarryPotter.113	42-SCONJ|att|39|OO 54-AUX|var|42|OO	2
Wiki_HarryPotter.114	12-ADP|i|10|RA	1
Wiki_HarryPotter.114	9-SCONJ|som|8|MD	1
Wiki_HarryPotter.114	6-ADP|med|5|MD	1
Wiki_HarryPotter.114	18-ADP|från|17|MD	1
Wiki_HarryPotter.114	33-ADP|före|32|MD	1
Wiki_HarryPotter.114	31-ADP|av|26|AG	1
Wiki_HarryPotter.114	21-ADP|trots|17|MD 22-SCONJ|att|21|OO 25-AUX|hade|22|OO	3
Wiki_HarryPotter.114	4-SCONJ|att|2|OO 15-AUX|måste|4|OO 16-AUX|ha|15|IV	3
Wiki_HarryPotter.115	7-ADP|för|6|OA 8-PART|att|7|OO 9-AUX|ha|8|OO	3
Wiki_HarryPotter.115	27-ADP|efter|24|MD	1
Wiki_HarryPotter.115	22-SCONJ|då|6|MD	1
Wiki_HarryPotter.115	5-AUX|blev|2|conj	1
Wiki_HarryPotter.116	8-ADP|av|7|MD	1
Wiki_HarryPotter.116	6-ADP|på|5|MD	1
Wiki_HarryPotter.116	10-ADP|till|4|OA	1
Wiki_HarryPotter.116	30-ADP|av|29|AG	1
Wiki_HarryPotter.116	24-SCONJ|som|23|MD 25-SCONJ|om|24|OO 28-AUX|hade|25|OO	3
Wiki_HarryPotter.116	22-PART|att|20|OO	1
Wiki_HarryPotter.116	2-AUX|hade|0|-- 18-ADP|för|2|MD 19-PART|att|18|OO	3
Wiki_HarryPotter.117	5-AUX|ha|2|IV	1
Wiki_HarryPotter.117	16-ADP|i|15|MD	1
Wiki_HarryPotter.117	19-SCONJ|innan|15|MD	1
Wiki_HarryPotter.117	12-ADP|trots|2|MD 13-SCONJ|att|12|OO	2
Wiki_HarryPotter.118	5-ADP|för|2|OA	1
Wiki_HarryPotter.119	10-ADP|i|9|MD	1
Wiki_HarryPotter.119	12-ADP|till|3|RA	1
Wiki_HarryPotter.119	2-AUX|fick|0|--	1
Wiki_HarryPotter.120	7-ADP|av|6|MD	1
Wiki_HarryPotter.120	5-ADP|om|4|MD	1
Wiki_HarryPotter.121	10-ADP|med|9|MD	1
Wiki_HarryPotter.121	17-ADP|till|16|OA	1
Wiki_HarryPotter.121	15-AUX|har|14|OO	1
Wiki_HarryPotter.122	8-ADP|av|7|AG	1
Wiki_HarryPotter.122	6-AUX|vara|5|IV	1
Wiki_HarryPotter.122	3-AUX|kan|0|--	1
Wiki_HarryPotter.124	7-ADP|på|2|RA	1
Wiki_HarryPotter.124	11-ADP|på|14|MD	1
Wiki_HarryPotter.124	18-ADP|till|17|MD	1
Wiki_HarryPotter.126	3-ADP|av|2|MD	1
Wiki_HarryPotter.126	33-ADP|på|26|AN	1
Wiki_HarryPotter.126	7-AUX|har|0|--	1
Wiki_HarryPotter.127	8-ADP|av|7|MD	1
Wiki_HarryPotter.127	3-AUX|har|0|--	1
Wiki_HarryPotter.128	7-ADP|av|2|MD	1
Wiki_HarryPotter.128	12-AUX|måste|0|-- 1-ADP|I|12|MD	2
Wiki_HarryPotter.128	16-ADP|mot|15|OA	1
Wiki_HarryPotter.129	8-ADP|i|6|MD	1
Wiki_HarryPotter.129	4-ADP|i|3|MD	1
Wiki_HarryPotter.130	7-ADP|om|6|MD	1
Wiki_HarryPotter.130	37-ADP|från|35|MD	1
Wiki_HarryPotter.130	33-ADP|av|32|AG	1
Wiki_HarryPotter.130	31-SCONJ|som|26|MD	1
Wiki_HarryPotter.130	2-AUX|har|0|-- 15-AUX|är|2|parataxis	2
Wiki_HarryPotter.131	9-ADP|från|8|OA	1
Wiki_HarryPotter.131	4-ADP|av|3|AG	1
Wiki_HarryPotter.132	9-ADP|på|8|MD	1
Wiki_HarryPotter.132	4-AUX|har|0|--	1
Wiki_HarryPotter.133	8-ADP|på|2|RA	1
Wiki_HarryPotter.135	6-SCONJ|som|5|MD 7-AUX|har|6|OO	2
Wiki_HarryPotter.135	3-ADP|med|2|MD	1
Wiki_HarryPotter.135	14-AUX|har|0|-- 1-ADP|I|14|MD	2
Wiki_HarryPotter.135	22-ADP|av|21|MD	1
Wiki_HarryPotter.135	24-ADP|före|19|MD	1
Wiki_HarryPotter.136	3-AUX|har|0|-- 4-ADP|i|3|RA	2
Wiki_HarryPotter.136	9-SCONJ|som|7|JF 10-ADP|till|9|OO	2
Wiki_Saganomringenfilm.1	2-ADP|om|1|MD	1
Wiki_Saganomringenfilm.2	2-ADP|om|1|MD	1
Wiki_Saganomringenfilm.2	30-ADP|från|29|MD	1
Wiki_Saganomringenfilm.2	40-ADP|i|38|MD	1
Wiki_Saganomringenfilm.2	37-ADP|med|35|MD	1
Wiki_Saganomringenfilm.2	34-ADP|av|33|MD	1
Wiki_Saganomringenfilm.2	32-ADP|i|29|MD	1
Wiki_Saganomringenfilm.2	22-AUX|är|0|--	1
Wiki_Saganomringenfilm.3	13-ADP|av|12|MD	1
Wiki_Saganomringenfilm.3	15-ADP|av|12|MD	1
Wiki_Saganomringenfilm.3	9-AUX|är|2|conj	1
Wiki_Saganomringenfilm.4	5-ADP|av|4|AG	1
Wiki_Saganomringenfilm.4	3-AUX|är|0|--	1
Wiki_Saganomringenfilm.7	9-ADP|av|8|MD	1
Wiki_Saganomringenfilm.7	7-ADP|på|4|MD	1
Wiki_Saganomringenfilm.8	3-ADP|till|2|MD	1
Wiki_Saganomringenfilm.8	7-ADP|till|6|MD	1
Wiki_Saganomringenfilm.8	11-ADP|till|2|conj	1
Wiki_Saganomringenfilm.9	5-PART|att|4|MD	1
Wiki_Saganomringenfilm.10	2-ADP|i|4|MD	1
Wiki_Saganomringenfilm.10	20-ADP|till|18|OA	1
Wiki_Saganomringenfilm.10	11-SCONJ|som|10|MD 12-AUX|kunde|11|OO	2
Wiki_Saganomringenfilm.11	5-ADP|över|2|RA	1
Wiki_Saganomringenfilm.11	12-ADP|under|9|OA	1
Wiki_Saganomringenfilm.12	4-ADP|mellan|3|MD	1
Wiki_Saganomringenfilm.12	12-SCONJ|som|11|MD	1
Wiki_Saganomringenfilm.13	8-ADP|av|7|AG	1
Wiki_Saganomringenfilm.14	4-ADP|i|2|RA	1
Wiki_Saganomringenfilm.15	2-ADP|till|1|MD	1
Wiki_Saganomringenfilm.16	6-ADP|av|2|OA	1
Wiki_Saganomringenfilm.16	15-SCONJ|som|12|MD	1
Wiki_Saganomringenfilm.16	24-ADP|med|23|MD	1
Wiki_Saganomringenfilm.16	22-ADP|i|19|MD	1
Wiki_Saganomringenfilm.16	33-ADP|i|32|MD	1
Wiki_Saganomringenfilm.16	29-ADP|till|19|RA	1
Wiki_Saganomringenfilm.17	1-ADP|På|3|RA	1
Wiki_Saganomringenfilm.17	6-ADP|med|3|OA	1
Wiki_Saganomringenfilm.18	4-ADP|av|3|OA	1
Wiki_Saganomringenfilm.18	2-AUX|blir|0|--	1
Wiki_Saganomringenfilm.19	1-ADP|På|3|RA	1
Wiki_Saganomringenfilm.19	12-ADP|till|11|MD	1
Wiki_Saganomringenfilm.19	8-SCONJ|som|5|MD	1
Wiki_Saganomringenfilm.20	13-ADP|av|11|OA	1
Wiki_Saganomringenfilm.20	17-AUX|är|11|conj	1
Wiki_Saganomringenfilm.20	10-SCONJ|som|9|MD	1
Wiki_Saganomringenfilm.20	3-SCONJ|att|2|OO 7-AUX|var|3|OO	2
Wiki_Saganomringenfilm.21	1-ADP|På|3|MD	1
Wiki_Saganomringenfilm.21	12-ADP|i|15|MD	1
Wiki_Saganomringenfilm.21	17-ADP|av|15|AG	1
Wiki_Saganomringenfilm.21	10-SCONJ|där|7|MD	1
Wiki_Saganomringenfilm.22	4-ADP|till|2|RA	1
Wiki_Saganomringenfilm.22	6-ADP|av|2|AG	1
Wiki_Saganomringenfilm.23	1-SCONJ|Då|7|MD 3-AUX|har|1|OO	2
Wiki_Saganomringenfilm.23	12-ADP|inklusive|10|MD	1
Wiki_Saganomringenfilm.23	16-AUX|får|7|conj	1
Wiki_Saganomringenfilm.24	9-ADP|av|8|MD	1
Wiki_Saganomringenfilm.24	18-ADP|till|16|OA	1
Wiki_Saganomringenfilm.24	20-ADP|i|16|RA	1
Wiki_Saganomringenfilm.24	15-SCONJ|som|13|MD	1
Wiki_Saganomringenfilm.24	12-ADP|av|2|OA	1
Wiki_Saganomringenfilm.25	18-SCONJ|att|17|OO 21-AUX|kan|18|OO	2
Wiki_Saganomringenfilm.25	15-SCONJ|då|12|MD	1
Wiki_Saganomringenfilm.25	28-ADP|i|24|RA	1
Wiki_Saganomringenfilm.25	3-SCONJ|att|2|OO 11-AUX|har|3|OO	2
Wiki_Saganomringenfilm.26	5-ADP|med|3|OA	1
Wiki_Saganomringenfilm.26	2-AUX|har|0|--	1
Wiki_Saganomringenfilm.27	6-ADP|angående|5|MD	1
Wiki_Saganomringenfilm.27	4-ADP|till|3|OA	1
Wiki_Saganomringenfilm.28	5-ADP|i|4|RA	1
Wiki_Saganomringenfilm.28	2-AUX|kan|0|--	1
Wiki_Saganomringenfilm.29	6-ADP|i|5|MD	1
Wiki_Saganomringenfilm.29	4-ADP|i|3|RA	1
Wiki_Saganomringenfilm.29	2-AUX|måste|0|--	1
Wiki_Saganomringenfilm.31	2-ADP|vid|1|MD	1
Wiki_Saganomringenfilm.32	7-SCONJ|då|2|conj 9-AUX|ska|7|OO	2
Wiki_Saganomringenfilm.33	6-SCONJ|som|5|MD	1
Wiki_Saganomringenfilm.33	3-ADP|av|2|MD	1
Wiki_Saganomringenfilm.33	1-ADP|På|10|MD	1
Wiki_Saganomringenfilm.33	15-PART|att|14|MD	1
Wiki_Saganomringenfilm.33	25-ADP|i|24|MD	1
Wiki_Saganomringenfilm.33	29-ADP|av|28|AG	1
Wiki_Saganomringenfilm.33	31-ADP|i|28|MD	1
Wiki_Saganomringenfilm.33	22-SCONJ|att|20|ES 27-AUX|har|22|OO	2
Wiki_Saganomringenfilm.34	7-ADP|i|6|MD	1
Wiki_Saganomringenfilm.34	9-AUX|blir|0|-- 2-SCONJ|då|9|MD 4-AUX|skall|2|OO	3
Wiki_Saganomringenfilm.34	12-ADP|av|11|AG	1
Wiki_Saganomringenfilm.35	3-ADP|av|2|AG	1
Wiki_Saganomringenfilm.35	10-ADP|i|9|MD	1
Wiki_Saganomringenfilm.35	8-ADP|i|6|RA	1
Wiki_Saganomringenfilm.36	2-ADP|i|4|MD	1
Wiki_Saganomringenfilm.36	9-ADP|i|4|RA	1
Wiki_Saganomringenfilm.38	11-SCONJ|där|9|MD	1
Wiki_Saganomringenfilm.38	8-ADP|till|7|RA	1
Wiki_Saganomringenfilm.38	2-AUX|är|0|-- 6-SCONJ|som|2|EF	2
Wiki_Saganomringenfilm.39	3-ADP|för|2|OA	1
Wiki_Saganomringenfilm.39	11-ADP|med|10|OA	1
Wiki_Saganomringenfilm.39	8-SCONJ|som|6|MD 9-AUX|skall|8|OO	2
Wiki_Saganomringenfilm.41	13-ADP|till|11|RA	1
Wiki_Saganomringenfilm.41	6-ADP|om|4|OA 7-SCONJ|att|6|OO 10-AUX|ska|7|OO	3
Wiki_Saganomringenfilm.42	15-ADP|med|14|OA 16-PART|att|15|OO	2
Wiki_Saganomringenfilm.42	12-SCONJ|om|11|MD	1
Wiki_Saganomringenfilm.42	10-SCONJ|som|8|OO	1
Wiki_Saganomringenfilm.42	7-SCONJ|som|5|MD	1
Wiki_Saganomringenfilm.43	1-SCONJ|Innan|5|MD	1
Wiki_Saganomringenfilm.43	9-ADP|av|5|OA	1
Wiki_Saganomringenfilm.44	6-ADP|med|2|MD	1
Wiki_Saganomringenfilm.44	8-ADP|på|2|RA	1
Wiki_Saganomringenfilm.45	3-AUX|vill|0|-- 1-ADP|Vid|3|MD	2
Wiki_Saganomringenfilm.45	7-ADP|från|5|RA	1
Wiki_Saganomringenfilm.45	15-ADP|från|11|OA	1
Wiki_Saganomringenfilm.45	9-ADP|för|5|MD 10-PART|att|9|OO	2
Wiki_Saganomringenfilm.46	5-ADP|i|2|RA	1
Wiki_Saganomringenfilm.46	20-ADP|av|19|AG	1
Wiki_Saganomringenfilm.46	14-ADP|av|13|AG	1
Wiki_Saganomringenfilm.46	11-AUX|blir|2|conj	1
Wiki_Saganomringenfilm.47	7-ADP|mot|6|OA	1
Wiki_Saganomringenfilm.47	12-ADP|av|10|OA	1
Wiki_Saganomringenfilm.48	5-PART|att|4|MD	1
Wiki_Saganomringenfilm.48	2-AUX|har|0|--	1
Wiki_Saganomringenfilm.49	7-ADP|från|4|RA	1
Wiki_Saganomringenfilm.49	12-ADP|av|11|AG	1
Wiki_Saganomringenfilm.49	10-AUX|blir|4|conj	1
Wiki_Saganomringenfilm.50	2-ADP|av|1|MD	1
Wiki_Saganomringenfilm.50	8-ADP|emot|4|MD	1
Wiki_Saganomringenfilm.50	15-ADP|av|14|AG	1
Wiki_Saganomringenfilm.51	5-PART|att|2|OO	1
Wiki_Saganomringenfilm.52	6-AUX|blir|2|conj	1
Wiki_Saganomringenfilm.53	13-SCONJ|till|12|MD 15-AUX|blivit|13|OO	2
Wiki_Saganomringenfilm.53	11-PART|att|10|IV	1
Wiki_Saganomringenfilm.53	9-SCONJ|som|8|MD	1
Wiki_Saganomringenfilm.53	7-ADP|i|4|RA	1
Wiki_Saganomringenfilm.55	6-ADP|efter|4|MD	1
Wiki_Saganomringenfilm.56	13-SCONJ|att|11|OO	1
Wiki_Saganomringenfilm.56	9-SCONJ|då|7|MD	1
Wiki_Saganomringenfilm.57	6-ADP|på|2|MD	1
Wiki_Saganomringenfilm.57	12-ADP|med|11|MD	1
Wiki_Saganomringenfilm.58	5-ADP|för|2|MD 6-PART|att|5|OO	2
Wiki_Saganomringenfilm.60	2-ADP|på|1|MD	1
Wiki_Saganomringenfilm.61	2-ADP|om|1|MD	1
Wiki_Saganomringenfilm.61	6-ADP|på|4|RA	1
Wiki_Saganomringenfilm.61	19-ADP|av|18|MD	1
Wiki_Saganomringenfilm.61	14-SCONJ|att|13|OO	1
Wiki_Saganomringenfilm.61	10-SCONJ|eftersom|4|MD	1
Wiki_Saganomringenfilm.62	4-DET|en|7|DT	1
Wiki_Saganomringenfilm.63	3-AUX|har|0|--	1
Wiki_Saganomringenfilm.64	1-ADP|Till|4|MD	1
Wiki_Saganomringenfilm.65	6-ADP|med|5|OA	1
Wiki_Saganomringenfilm.65	2-AUX|har|0|-- 3-AUX|varit|2|IV	2
Wiki_Saganomringenfilm.66	5-ADP|med|2|MD	1
Wiki_Saganomringenfilm.67	7-AUX|kunde|4|OO 8-AUX|vara|7|IV	2
Wiki_Saganomringenfilm.67	3-ADP|på|2|OA	1
Wiki_Saganomringenfilm.67	17-ADP|i|16|MD	1
Wiki_Saganomringenfilm.67	15-ADP|på|14|OA	1
Wiki_Saganomringenfilm.68	13-ADP|till|12|MD	1
Wiki_Saganomringenfilm.68	7-ADP|på|5|OA	1
Wiki_Saganomringenfilm.68	4-AUX|har|0|--	1
Wiki_Saganomringenfilm.69	16-ADP|på|15|MD	1
Wiki_Saganomringenfilm.69	13-SCONJ|som|12|MD 14-AUX|har|13|OO	2
Wiki_Saganomringenfilm.69	11-SCONJ|som|9|JF	1
Wiki_Saganomringenfilm.69	5-ADP|för|4|OA 6-PART|att|5|OO 7-AUX|få|6|OO	3
Wiki_Saganomringenfilm.69	2-AUX|har|0|-- 3-AUX|varit|2|IV	2
Wiki_Saganomringenfilm.71	11-ADP|om|10|MD	1
Wiki_Saganomringenfilm.71	9-ADP|till|8|MD	1
Wiki_Saganomringenfilm.71	2-AUX|är|0|-- 5-SCONJ|som|2|EF 6-AUX|har|5|OO	3
Wiki_Saganomringenfilm.72	7-SCONJ|som|4|MD	1
Wiki_Saganomringenfilm.73	6-SCONJ|som|2|OO	1
Wiki_Saganomringenfilm.73	24-ADP|ur|21|MD	1
Wiki_Saganomringenfilm.73	18-SCONJ|att|17|OO	1
Wiki_Saganomringenfilm.74	7-ADP|med|6|OO	1
Wiki_Saganomringenfilm.74	3-AUX|har|0|-- 5-AUX|varit|3|IV	2
Wiki_Saganomringenfilm.75	8-ADP|för|7|OO	1
Wiki_Saganomringenfilm.75	6-AUX|kunde|4|MD	1
Wiki_Saganomringenfilm.75	3-ADP|i|2|MD	1
Wiki_Saganomringenfilm.75	16-ADP|i|13|OA	1
Wiki_Saganomringenfilm.76	5-ADP|i|3|OA	1
Wiki_Saganomringenfilm.76	8-ADP|på|3|MD	1
Wiki_Saganomringenfilm.76	2-AUX|har|0|--	1
Wiki_Saganomringenfilm.78	5-SCONJ|än|4|JF	1
Wiki_Saganomringenfilm.78	12-ADP|om|11|MD	1
Wiki_Saganomringenfilm.78	18-ADP|för|17|MD	1
Wiki_Saganomringenfilm.78	14-SCONJ|som|11|MD	1
Wiki_Saganomringenfilm.79	8-ADP|för|5|MD	1
Wiki_Saganomringenfilm.80	5-ADP|för|4|OA	1
Wiki_Saganomringenfilm.80	3-AUX|blev|0|--	1
Wiki_Domkraft.2	7-ADP|för|6|MD 8-PART|att|7|OO	2
Wiki_Domkraft.2	5-SCONJ|som|4|MD	1
Wiki_Domkraft.2	2-AUX|är|0|--	1
Wiki_Domkraft.3	5-ADP|med|3|MD	1
Wiki_Domkraft.3	7-ADP|i|3|RA	1
Wiki_Domkraft.4	7-ADP|på|6|MD	1
Wiki_Domkraft.4	5-ADP|med|4|MD	1
Wiki_Domkraft.4	2-AUX|är|0|--	1
Wiki_Domkraft.5	4-ADP|i|3|MD	1
Wiki_Domkraft.5	2-ADP|för|1|MD	1
Wiki_Domkraft.5	11-AUX|vill|13|MD	1
Wiki_Domkraft.5	18-ADP|genom|24|MD	1
Wiki_Domkraft.5	17-SCONJ|som|16|MD	1
Wiki_Domkraft.5	14-ADP|av|13|AG	1
Wiki_Domkraft.5	6-AUX|är|0|--	1
Wiki_Domkraft.6	1-ADP|Hos|5|OA	1
Wiki_Domkraft.6	8-ADP|av|7|MD	1
Wiki_Domkraft.6	13-ADP|till|12|OA	1
Wiki_Domkraft.6	10-SCONJ|som|7|MD	1
Wiki_Domkraft.7	11-ADP|i|10|RA	1
Wiki_Domkraft.7	9-PART|att|8|OO	1
Wiki_Domkraft.7	5-SCONJ|som|4|MD 7-AUX|är|5|OO	2
Wiki_Domkraft.8	17-ADP|via|19|MD	1
Wiki_Domkraft.8	20-ADP|till|19|OA	1
Wiki_Domkraft.8	16-SCONJ|som|15|MD	1
Wiki_Domkraft.8	10-SCONJ|att|9|OO	1
Wiki_Domkraft.8	4-ADP|av|2|OA	1
Wiki_Semester.2	6-DET|ett|8|DT	1
Wiki_Semester.2	9-ADP|av|8|MD	1
Wiki_Semester.2	5-ADP|under|4|MD	1
Wiki_Semester.2	2-AUX|är|0|--	1
Wiki_Semester.3	2-AUX|kan|0|-- 3-AUX|vara|2|IV	2
Wiki_Semester.4	1-ADP|I|4|MD	1
Wiki_Semester.4	14-ADP|till|16|MD	1
Wiki_Semester.4	13-ADP|under|11|MD	1
Wiki_Semester.4	7-ADP|om|4|MD	1
Wiki_Semester.7	5-ADP|i|4|MD	1
Wiki_Semester.7	9-ADP|utan|4|MD	1
Wiki_Semester.7	2-AUX|är|0|--	1
Wiki_Semester.8	4-ADP|av|3|MD	1
Wiki_Semester.8	17-ADP|av|16|MD	1
Wiki_Semester.8	15-ADP|i|12|MD	1
Wiki_Semester.9	12-SCONJ|än|10|JF	1
Wiki_Semester.9	4-ADP|om|2|OA	1
Wiki_Semester.10	2-ADP|i|1|MD	1
Wiki_Semester.11	3-ADP|i|2|MD	1
Wiki_Semester.11	13-ADP|till|12|MD	1
Wiki_Semester.12	2-ADP|från|1|MD	1
Wiki_Semester.12	10-ADP|från|9|MD	1
Wiki_Semester.12	16-ADP|av|15|OA	1
Wiki_Semester.12	7-ADP|i|6|OA	1
Wiki_Semester.13	5-ADP|under|4|MD	1
Wiki_Semester.13	9-ADP|till|8|MD	1
Wiki_Semester.13	16-AUX|kom|2|DF 14-ADP|från|16|MD	2
Wiki_Semester.13	16-AUX|kom|2|DF 14-ADP|från|16|MD 18-PART|att|16|IV	3
Wiki_Semester.15	2-ADP|på|1|MD	1
Wiki_Semester.15	6-AUX|har|0|-- 9-AUX|varit|6|IV	2
Wiki_Semester.16	5-ADP|på|4|MD	1
Wiki_Semester.17	1-ADP|På|4|MD	1
Wiki_Semester.17	6-SCONJ|att|4|ES	1
Wiki_Semester.17	11-SCONJ|innan|4|MD	1
Wiki_Semester.17	18-ADP|på|4|MD	1
Wiki_Semester.18	2-ADP|till|1|MD	1
Wiki_Semester.18	17-ADP|i|16|MD	1
Wiki_Semester.18	19-SCONJ|som|16|MD	1
Wiki_Semester.18	12-SCONJ|som|11|MD	1
Wiki_Semester.18	8-ADP|av|7|MD	1
Wiki_Semester.18	6-ADP|på|5|MD	1
Wiki_Semester.19	5-ADP|vid|4|MD	1
Wiki_Semester.19	8-ADP|i|7|MD	1
Wiki_Semester.19	18-ADP|om|17|MD	1
Wiki_Semester.19	16-ADP|till|15|MD	1
Wiki_Semester.19	13-SCONJ|som|12|MD	1
Wiki_Semester.20	2-ADP|i|1|MD	1
Wiki_Semester.20	6-ADP|till|5|MD	1
Wiki_Semester.20	8-ADP|under|4|MD	1
Wiki_Semester.22	7-ADP|i|6|MD	1
Wiki_Semester.22	13-ADP|av|12|MD	1
Wiki_Semester.22	18-ADP|för|16|MD	1
Wiki_Semester.22	23-ADP|med|22|MD	1
Wiki_Semester.22	21-ADP|enligt|16|MD	1
Wiki_Semester.22	9-SCONJ|då|6|MD	1
Wiki_Semester.22	4-ADP|på|3|OA	1
Wiki_Semester.23	11-ADP|i|10|MD	1
Wiki_Semester.23	9-ADP|av|8|MD	1
Wiki_Semester.23	17-ADP|vid|16|MD	1
Wiki_Semester.23	5-ADP|till|4|OA	1
Wiki_Semester.24	15-SCONJ|att|14|OO	1
Wiki_Semester.24	8-ADP|med|7|MD 9-SCONJ|att|8|OO	2
Wiki_Semester.24	2-AUX|har|0|-- 6-ADP|i|2|MD	2
Wiki_VascodaGama.2	6-ADP|mellan|5|MD	1
Wiki_VascodaGama.2	17-ADP|i|15|MD	1
Wiki_VascodaGama.2	14-ADP|i|13|MD	1
Wiki_VascodaGama.2	10-ADP|i|5|RA	1
Wiki_VascodaGama.2	25-ADP|i|21|RA	1
Wiki_VascodaGama.2	32-AUX|var|0|--	1
Wiki_VascodaGama.3	10-ADP|till|9|MD	1
Wiki_VascodaGama.3	5-ADP|för|4|OA 6-PART|att|5|OO 7-AUX|ha|6|OO	3
Wiki_VascodaGama.3	2-AUX|är|0|--	1
Wiki_VascodaGama.4	3-ADP|i|2|OA	1
Wiki_VascodaGama.4	9-ADP|av|6|MD	1
Wiki_VascodaGama.4	5-ADP|av|2|AG	1
Wiki_VascodaGama.4	19-ADP|till|18|MD	1
Wiki_VascodaGama.4	16-PART|att|15|MD	1
Wiki_VascodaGama.4	11-PART|att|2|OO	1
Wiki_VascodaGama.4	24-ADP|i|23|MD	1
Wiki_VascodaGama.4	27-ADP|från|23|RA	1
Wiki_VascodaGama.4	49-ADP|vid|48|OA	1
Wiki_VascodaGama.4	45-SCONJ|att|44|MD 47-AUX|kunde|45|OO	2
Wiki_VascodaGama.4	42-ADP|på|41|OA	1
Wiki_VascodaGama.4	40-AUX|var|39|OO	1
Wiki_VascodaGama.4	29-ADP|med|23|MD	1
Wiki_VascodaGama.6	3-ADP|till|2|RA	1
Wiki_VascodaGama.6	5-ADP|i|2|MD	1
Wiki_VascodaGama.7	11-DET|en|12|DT	1
Wiki_VascodaGama.7	13-SCONJ|som|12|MD	1
Wiki_VascodaGama.7	9-ADP|på|4|MD	1
Wiki_VascodaGama.8	8-DET|en|9|DT	1
Wiki_VascodaGama.8	12-PART|att|11|MD	1
Wiki_VascodaGama.8	10-ADP|med|9|MD	1
Wiki_VascodaGama.8	6-ADP|på|2|MD	1
Wiki_VascodaGama.8	35-ADP|i|34|MD	1
Wiki_VascodaGama.8	26-ADP|i|25|MD 33-ADP|efter|26|AN	2
Wiki_VascodaGama.9	4-ADP|i|3|RA	1
Wiki_VascodaGama.9	17-ADP|i|16|RA	1
Wiki_VascodaGama.9	14-SCONJ|där|12|MD	1
Wiki_VascodaGama.9	11-ADP|till|8|RA	1
Wiki_VascodaGama.11	4-ADP|i|3|MD	1
Wiki_VascodaGama.12	12-ADP|i|10|MD	1
Wiki_VascodaGama.12	26-ADP|av|25|MD	1
Wiki_VascodaGama.12	19-ADP|hos|18|MD	1
Wiki_VascodaGama.12	17-ADP|av|16|MD	1
Wiki_VascodaGama.12	15-AUX|var|0|--	1
Wiki_VascodaGama.13	16-ADP|av|15|MD	1
Wiki_VascodaGama.13	24-ADP|av|21|MD	1
Wiki_VascodaGama.13	20-ADP|till|19|MD	1
Wiki_VascodaGama.13	29-ADP|för|28|MD	1
Wiki_VascodaGama.13	11-ADP|hos|10|MD	1
Wiki_VascodaGama.13	9-ADP|med|8|MD	1
Wiki_VascodaGama.14	7-ADP|i|6|MD	1
Wiki_VascodaGama.14	12-ADP|av|11|MD	1
Wiki_VascodaGama.14	10-ADP|med|6|MD	1
Wiki_VascodaGama.14	4-AUX|ha|2|IV 5-AUX|blivit|4|IV	2
Wiki_VascodaGama.15	14-ADP|av|11|MD	1
Wiki_VascodaGama.15	10-ADP|av|9|MD	1
Wiki_VascodaGama.15	8-ADP|under|6|MD	1
Wiki_VascodaGama.15	5-ADP|till|2|OA	1
Wiki_VascodaGama.16	18-ADP|till|17|MD	1
Wiki_VascodaGama.16	14-ADP|för|11|MD 15-PART|att|14|OO	2
Wiki_VascodaGama.16	33-ADP|med|32|MD	1
Wiki_VascodaGama.16	31-ADP|på|30|MD	1
Wiki_VascodaGama.16	27-SCONJ|som|25|MD	1
Wiki_VascodaGama.16	14-ADP|för|11|MD 15-PART|att|14|OO 21-ADP|för|14|AN 22-PART|att|21|OO	4
Wiki_VascodaGama.16	10-PART|att|9|OO	1
Wiki_VascodaGama.16	4-ADP|efter|3|MD 5-SCONJ|att|4|OO 8-AUX|blivit|5|OO	3
Wiki_VascodaGama.17	4-ADP|i|3|MD	1
Wiki_VascodaGama.17	10-ADP|för|9|MD	1
Wiki_VascodaGama.17	13-ADP|till|12|OA	1
Wiki_VascodaGama.18	6-ADP|för|5|MD	1
Wiki_VascodaGama.18	9-ADP|till|8|MD	1
Wiki_VascodaGama.18	4-SCONJ|att|2|ES	1
Wiki_VascodaGama.19	2-ADP|före|1|MD	1
Wiki_VascodaGama.20	3-ADP|av|2|MD	1
Wiki_VascodaGama.20	5-AUX|hade|0|-- 1-ADP|I|5|MD	2
Wiki_VascodaGama.20	12-ADP|om|11|MD	1
Wiki_VascodaGama.21	3-AUX|hade|0|-- 1-ADP|Från|3|MD	2
Wiki_VascodaGama.21	20-ADP|framför|22|MD	1
Wiki_VascodaGama.21	16-ADP|till|15|MD	1
Wiki_VascodaGama.21	27-ADP|genom|13|MD	1
Wiki_VascodaGama.21	11-ADP|för|7|MD 12-PART|att|11|OO	2
Wiki_VascodaGama.21	6-PART|att|5|SP	1
Wiki_VascodaGama.22	4-SCONJ|då|3|MD 7-AUX|var|4|OO	2
Wiki_VascodaGama.22	10-AUX|hade|0|-- 1-ADP|Vid|10|MD	2
Wiki_VascodaGama.23	5-ADP|efter|4|MD 6-PART|att|5|OO 7-AUX|ha|6|OO	3
Wiki_VascodaGama.23	24-ADP|i|18|MD	1
Wiki_VascodaGama.23	16-ADP|till|13|MD	1
Wiki_VascodaGama.23	35-ADP|åt|34|RA	1
Wiki_VascodaGama.23	30-SCONJ|att|29|OO	1
Wiki_VascodaGama.23	3-AUX|hade|0|-- 11-SCONJ|sedan|3|MD	2
Wiki_VascodaGama.24	6-ADP|av|4|MD	1
Wiki_VascodaGama.24	3-ADP|under|2|MD	1
Wiki_VascodaGama.24	21-ADP|från|18|RA	1
Wiki_VascodaGama.24	15-SCONJ|att|14|MD 17-AUX|kunde|15|OO	2
Wiki_VascodaGama.24	12-SCONJ|som|9|MD	1
Wiki_VascodaGama.24	10-ADP|till|2|RA	1
Wiki_VascodaGama.25	11-ADP|via|3|RA	1
Wiki_VascodaGama.25	17-ADP|till|3|RA	1
Wiki_VascodaGama.25	2-AUX|hade|0|--	1
Wiki_VascodaGama.26	3-ADP|för|2|MD	1
Wiki_VascodaGama.26	14-ADP|av|13|AG	1
Wiki_VascodaGama.26	12-SCONJ|som|11|MD	1
Wiki_VascodaGama.26	20-ADP|av|19|AG	1
Wiki_VascodaGama.26	18-SCONJ|som|17|MD	1
Wiki_VascodaGama.26	9-ADP|mellan|8|MD	1
Wiki_VascodaGama.26	37-ADP|till|36|MD	1
Wiki_VascodaGama.26	32-ADP|av|31|MD	1
Wiki_VascodaGama.26	6-PART|att|2|ES	1
Wiki_VascodaGama.27	6-ADP|till|5|OA	1
Wiki_VascodaGama.27	3-SCONJ|som|1|MD	1
Wiki_VascodaGama.27	13-ADP|av|11|AG	1
Wiki_VascodaGama.27	26-ADP|längs|25|MD	1
Wiki_VascodaGama.27	28-ADP|från|23|MD	1
Wiki_VascodaGama.27	21-ADP|med|20|MD 22-PART|att|21|OO	2
Wiki_VascodaGama.27	18-ADP|av|17|MD	1
Wiki_VascodaGama.27	16-ADP|på|11|MD	1
Wiki_VascodaGama.28	2-ADP|av|1|MD	1
Wiki_VascodaGama.30	5-ADP|kring|3|MD	1
Wiki_VascodaGama.30	1-ADP|Från|9|RA	1
Wiki_VascodaGama.30	13-ADP|över|9|MD	1
Wiki_VascodaGama.30	27-SCONJ|som|26|MD	1
Wiki_VascodaGama.30	24-ADP|på|23|RA	1
Wiki_VascodaGama.30	22-SCONJ|som|21|MD	1
Wiki_VascodaGama.30	34-ADP|mot|32|RA	1
Wiki_VascodaGama.30	16-SCONJ|till|9|MD	1
Wiki_VascodaGama.31	5-ADP|utan|4|MD 7-ADP|i|5|OP	2
Wiki_VascodaGama.32	13-ADP|från|12|MD	1
Wiki_VascodaGama.32	15-ADP|till|12|MD	1
Wiki_VascodaGama.32	11-ADP|för|10|MD	1
Wiki_VascodaGama.33	8-ADP|i|7|MD	1
Wiki_VascodaGama.33	11-SCONJ|där|7|MD 13-AUX|hade|11|OO	2
Wiki_VascodaGama.33	3-AUX|hade|0|--	1
Wiki_VascodaGama.34	1-SCONJ|Eftersom|5|MD 3-AUX|var|1|OO	2
Wiki_VascodaGama.34	8-SCONJ|som|7|MD	1
Wiki_VascodaGama.34	15-ADP|på|14|MD	1
Wiki_VascodaGama.34	21-SCONJ|som|20|MD	1
Wiki_VascodaGama.35	2-ADP|till|1|MD 3-SCONJ|att|2|OO	2
Wiki_VascodaGama.35	9-ADP|för|8|OA 10-SCONJ|att|9|OO 14-AUX|hade|10|OO 13-PART|inte|14|MD	4
Wiki_VascodaGama.35	18-ADP|till|17|MD	1
Wiki_VascodaGama.37	3-AUX|hade|0|-- 1-ADP|I|3|MD	2
Wiki_VascodaGama.37	13-ADP|på|12|MD	1
Wiki_VascodaGama.37	22-ADP|runt|21|MD	1
Wiki_VascodaGama.37	20-ADP|av|19|MD	1
Wiki_VascodaGama.37	16-SCONJ|som|12|MD 17-AUX|var|16|OO	2
Wiki_VascodaGama.37	6-ADP|till|5|RA	1
Wiki_VascodaGama.38	11-ADP|till|10|OA	1
Wiki_VascodaGama.38	5-SCONJ|att|4|OO 7-AUX|skulle|5|OO 8-AUX|vara|7|IV	3
Wiki_VascodaGama.38	1-SCONJ|Eftersom|13|MD 3-AUX|var|1|OO	2
Wiki_VascodaGama.38	17-ADP|för|13|OA 18-PART|att|17|OO 19-AUX|vara|18|OO	3
Wiki_VascodaGama.38	26-ADP|av|25|MD	1
Wiki_VascodaGama.38	24-ADP|hos|23|MD	1
Wiki_VascodaGama.39	7-PART|att|6|IV	1
Wiki_VascodaGama.39	9-AUX|kunde|0|-- 1-ADP|Med|9|MD	2
Wiki_VascodaGama.39	17-ADP|till|13|MD	1
Wiki_VascodaGama.40	6-ADP|av|3|AG	1
Wiki_VascodaGama.40	13-ADP|från|11|RA	1
Wiki_VascodaGama.40	19-ADP|mot|16|RA	1
Wiki_VascodaGama.40	21-SCONJ|som|16|MD	1
Wiki_VascodaGama.42	3-ADP|av|2|MD	1
Wiki_VascodaGama.42	1-ADP|I|6|RA	1
Wiki_VascodaGama.42	14-ADP|i|17|MD	1
Wiki_VascodaGama.42	18-ADP|utan|17|MD	1
Wiki_VascodaGama.43	7-SCONJ|som|6|MD	1
Wiki_VascodaGama.45	7-ADP|i|6|OA	1
Wiki_VascodaGama.45	23-ADP|i|22|MD	1
Wiki_VascodaGama.45	21-ADP|med|20|MD	1
Wiki_VascodaGama.45	19-ADP|i|18|OA	1
Wiki_VascodaGama.45	9-ADP|vid|6|RA	1
Wiki_VascodaGama.46	4-ADP|för|2|MD	1
Wiki_VascodaGama.46	8-ADP|för|7|MD	1
Wiki_VascodaGama.47	13-ADP|från|12|MD	1
Wiki_VascodaGama.47	17-ADP|om|16|MD	1
Wiki_VascodaGama.47	34-ADP|på|29|MD	1
Wiki_VascodaGama.47	28-ADP|till|27|MD	1
Wiki_VascodaGama.47	26-ADP|av|25|MD	1
Wiki_VascodaGama.47	20-SCONJ|att|19|OO 22-AUX|kunde|20|OO	2
Wiki_VascodaGama.47	7-AUX|var|6|IV	1
Wiki_VascodaGama.47	5-SCONJ|som|4|MD	1
Wiki_VascodaGama.48	8-ADP|till|6|RA	1
Wiki_VascodaGama.48	3-SCONJ|att|2|OO	1
Wiki_VascodaGama.48	13-SCONJ|att|12|OO 16-AUX|kunde|13|OO 17-AUX|ha|16|IV	3
Wiki_VascodaGama.48	24-ADP|på|23|RA	1
Wiki_VascodaGama.48	28-ADP|under|23|MD	1
Wiki_VascodaGama.48	21-SCONJ|eftersom|12|MD	1
Wiki_VascodaGama.48	10-SCONJ|medan|2|MD	1
Wiki_VascodaGama.50	3-ADP|till|2|RA	1
Wiki_VascodaGama.51	20-ADP|från|19|MD	1
Wiki_VascodaGama.51	17-SCONJ|som|9|MD	1
Wiki_VascodaGama.51	6-ADP|med|5|MD	1
Wiki_VascodaGama.52	1-ADP|Till|3|MD	1
Wiki_VascodaGama.52	12-PART|att|11|MD	1
Wiki_VascodaGama.52	10-ADP|om|9|MD	1
Wiki_VascodaGama.52	23-ADP|utan|21|MD	1
Wiki_VascodaGama.52	20-PART|att|19|OO	1
Wiki_VascodaGama.52	37-SCONJ|som|33|MD	1
Wiki_VascodaGama.52	28-ADP|på|27|OA 29-SCONJ|att|28|OO 32-AUX|skulle|29|OO	3
Wiki_VascodaGama.52	18-AUX|blev|3|conj 25-SCONJ|eftersom|18|MD	2
Wiki_VascodaGama.53	15-PART|att|14|MD	1
Wiki_VascodaGama.53	12-SCONJ|som|11|MD	1
Wiki_VascodaGama.55	5-ADP|i|4|OA	1
Wiki_VascodaGama.55	7-ADP|vid|4|RA	1
Wiki_VascodaGama.56	5-ADP|på|4|RA	1
Wiki_VascodaGama.56	7-ADP|under|4|MD	1
Wiki_VascodaGama.56	16-ADP|till|15|RA	1
Wiki_VascodaGama.56	18-ADP|i|15|MD	1
Wiki_VascodaGama.56	21-AUX|blev|4|conj 11-SCONJ|sedan|21|MD	2
Wiki_VascodaGama.56	32-SCONJ|som|31|MD 33-AUX|hade|32|OO	2
Wiki_VascodaGama.56	27-SCONJ|som|26|MD 28-AUX|hade|27|OO	2
Wiki_VascodaGama.56	25-SCONJ|som|24|MD	1
Wiki_VascodaGama.57	6-ADP|av|5|MD	1
Wiki_VascodaGama.57	14-ADP|till|13|MD	1
Wiki_VascodaGama.58	9-ADP|av|2|MD	1
Wiki_VascodaGama.59	21-ADP|för|20|OA	1
Wiki_VascodaGama.59	8-SCONJ|att|5|EO 19-AUX|var|8|OO	2
Wiki_VascodaGama.59	33-ADP|för|32|MD	1
Wiki_VascodaGama.59	38-PART|att|37|MD	1
Wiki_VascodaGama.59	4-AUX|hade|0|--	1
Wiki_VascodaGama.60	10-ADP|till|9|MD	1
Wiki_VascodaGama.60	2-AUX|skulle|0|--	1
Wiki_VascodaGama.62	12-ADP|av|11|OA	1
Wiki_VascodaGama.62	8-ADP|med|4|MD	1
Wiki_VascodaGama.62	16-ADP|för|4|MD 17-PART|att|16|OO	2
Wiki_VascodaGama.63	7-ADP|till|6|RA	1
Wiki_VascodaGama.63	23-SCONJ|att|22|OO 25-AUX|var|23|OO	2
Wiki_VascodaGama.63	20-SCONJ|om|16|MD	1
Wiki_VascodaGama.63	13-SCONJ|då|11|AN	1
Wiki_VascodaGama.63	4-AUX|hade|0|-- 5-AUX|blivit|4|IV	2
Wiki_VascodaGama.64	16-ADP|i|15|RA	1
Wiki_VascodaGama.64	12-SCONJ|att|11|OO 14-AUX|hade|12|OO	2
Wiki_VascodaGama.64	9-ADP|för|2|MD 10-PART|att|9|OO	2
Wiki_VascodaGama.65	1-ADP|Vid|4|MD	1
Wiki_VascodaGama.65	13-ADP|från|12|RA	1
Wiki_VascodaGama.65	7-ADP|på|4|OA 8-SCONJ|att|7|OO 11-AUX|skulle|8|OO	3
Wiki_VascodaGama.66	8-ADP|i|2|RA	1
Wiki_VascodaGama.66	13-ADP|på|11|OA	1
Wiki_VascodaGama.67	5-ADP|för|2|MD	1
Wiki_VascodaGama.67	7-PART|att|2|ES	1
Wiki_VascodaGama.68	12-ADP|i|10|MD	1
Wiki_VascodaGama.68	21-ADP|för|20|MD 22-PART|att|21|OO	2
Wiki_VascodaGama.68	19-SCONJ|som|18|MD	1
Wiki_VascodaGama.68	16-ADP|av|15|MD	1
Wiki_VascodaGama.68	7-ADP|från|6|MD	1
Wiki_VascodaGama.68	36-ADP|från|35|MD	1
Wiki_VascodaGama.68	38-ADP|med|31|MD	1
Wiki_VascodaGama.69	3-ADP|mot|2|MD	1
Wiki_VascodaGama.69	1-ADP|I|5|MD	1
Wiki_VascodaGama.69	21-ADP|vid|20|MD	1
Wiki_VascodaGama.70	4-ADP|till|3|RA	1
Wiki_VascodaGama.70	10-ADP|av|9|MD	1
Wiki_VascodaGama.70	8-ADP|till|6|OA	1
Wiki_VascodaGama.70	14-SCONJ|som|13|MD	1
Wiki_VascodaGama.70	12-ADP|från|6|MD	1
Wiki_VascodaGama.71	7-ADP|över|6|MD	1
Wiki_VascodaGama.73	17-ADP|i|16|RA	1
Wiki_VascodaGama.73	15-SCONJ|som|14|MD	1
Wiki_VascodaGama.73	13-ADP|av|11|MD	1
Wiki_VascodaGama.73	9-SCONJ|som|8|MD	1
Wiki_VascodaGama.73	3-AUX|hade|0|--	1
Wiki_VascodaGama.74	14-ADP|över|13|MD	1
Wiki_VascodaGama.74	12-SCONJ|som|6|MD	1
Wiki_VascodaGama.74	2-AUX|var|0|-- 3-SCONJ|att|2|SP 5-AUX|skulle|3|OO	3
Wiki_VascodaGama.75	14-ADP|i|13|MD	1
Wiki_VascodaGama.75	12-ADP|i|11|MD	1
Wiki_VascodaGama.75	9-ADP|i|8|MD	1
Wiki_VascodaGama.75	5-ADP|i|3|RA	1
Wiki_VascodaGama.75	22-ADP|till|19|RA	1
Wiki_VascodaGama.75	28-ADP|i|26|RA 30-ADP|i|28|AN	2
Wiki_VascodaGama.76	3-ADP|i|2|MD	1
Wiki_VascodaGama.76	11-ADP|till|10|MD	1
Wiki_VascodaGama.76	6-ADP|för|5|MD 7-PART|att|6|OO	2
Wiki_VascodaGama.79	6-ADP|efter|5|MD	1
Wiki_VascodaGama.79	3-SCONJ|som|1|JF	1
Wiki_VascodaGama.79	16-SCONJ|som|15|MD	1
Wiki_VascodaGama.79	13-ADP|för|12|OA	1
Wiki_VascodaGama.79	9-AUX|var|0|--	1
Wiki_VascodaGama.80	5-ADP|i|4|MD	1
Wiki_VascodaGama.80	8-AUX|var|0|-- 1-ADP|Förutom|8|MD	2
Wiki_VascodaGama.80	17-ADP|på|16|MD	1
Wiki_VascodaGama.80	13-ADP|av|12|MD	1
Wiki_VascodaGama.80	30-ADP|vid|29|MD	1
Wiki_VascodaGama.80	28-ADP|i|27|MD	1
Wiki_VascodaGama.80	24-ADP|på|22|RA	1
Wiki_VascodaGama.80	21-SCONJ|som|12|MD	1
Wiki_VascodaGama.81	7-ADP|av|4|MD	1
Wiki_VascodaGama.81	13-ADP|till|12|MD	1
Wiki_VascodaGama.81	16-ADP|om|12|OA	1
Wiki_VascodaGama.82	1-ADP|Efter|6|MD	1
Wiki_VascodaGama.82	19-ADP|på|18|MD	1
Wiki_VascodaGama.82	27-ADP|till|26|MD	1
Wiki_VascodaGama.82	22-ADP|för|17|MD 23-PART|att|22|OO	2
Wiki_VascodaGama.82	15-ADP|för|14|OA 16-PART|att|15|OO	2
Wiki_VascodaGama.82	10-SCONJ|att|6|OO 12-AUX|skulle|10|OO	2
Wiki_VascodaGama.83	5-ADP|i|1|MD	1
Wiki_VascodaGama.83	9-ADP|efter|8|OA	1
Wiki_VascodaGama.83	20-ADP|på|19|MD	1
Wiki_VascodaGama.83	7-AUX|är|0|-- 12-SCONJ|liksom|7|JF	2
Wiki_VascodaGama.84	5-ADP|i|4|MD	1
Wiki_VascodaGama.84	9-ADP|i|8|MD	1
Wiki_VascodaGama.84	16-ADP|efter|13|MD	1
Wiki_VascodaGama.84	11-SCONJ|som|8|MD 12-AUX|har|11|OO	2
Wiki_VascodaGama.85	17-ADP|i|16|MD	1
Wiki_VascodaGama.85	12-ADP|över|11|MD	1
Wiki_VascodaGama.85	7-ADP|på|5|MD	1
Wiki_VascodaGama.85	4-SCONJ|som|3|MD	1
Wiki_VascodaGama.86	10-ADP|till|9|MD	1
Wiki_VascodaGama.86	6-ADP|av|5|MD	1
Wiki_VascodaGama.86	4-ADP|av|3|MD	1
Wiki_VascodaGama.86	28-ADP|till|31|MD	1
Wiki_VascodaGama.86	33-ADP|på|32|MD	1
Wiki_VascodaGama.86	23-SCONJ|som|22|MD	1
Wiki_VascodaGama.86	14-SCONJ|då|2|MD 19-AUX|ville|14|OO	2
Wiki_Symaskin.2	13-ADP|för|11|MD 14-PART|att|13|OO	2
Wiki_Symaskin.2	8-ADP|för|7|MD 9-SCONJ|att|8|OO	2
Wiki_Symaskin.2	6-SCONJ|som|5|MD	1
Wiki_Symaskin.2	3-AUX|är|0|--	1
Wiki_Symaskin.4	3-ADP|för|2|MD	1
Wiki_Symaskin.4	8-ADP|från|7|MD	1
Wiki_Symaskin.4	13-ADP|med|12|MD	1
Wiki_Symaskin.4	17-SCONJ|som|12|MD 21-AUX|kan|17|OO 18-ADP|utöver|21|MD	3
Wiki_Symaskin.4	11-ADP|till|7|MD	1
Wiki_Symaskin.4	6-ADP|i|5|MD	1
Wiki_Symaskin.5	5-ADP|av|4|MD	1
Wiki_Symaskin.5	11-SCONJ|som|9|JF	1
Wiki_Symaskin.5	2-ADP|trots|1|MD 3-SCONJ|att|2|OO	2
Wiki_Symaskin.6	2-AUX|kan|0|--	1
Wiki_Symaskin.7	1-ADP|För|7|MD	1
Wiki_Symaskin.7	12-SCONJ|än|9|JF	1
Wiki_Symaskin.8	8-ADP|på|7|MD	1
Wiki_Symaskin.8	3-ADP|av|2|MD	1
Wiki_Symaskin.8	10-AUX|kan|0|-- 1-ADP|Med|10|MD	2
Wiki_Symaskin.8	27-SCONJ|som|26|MD	1
Wiki_Symaskin.8	16-SCONJ|att|13|JF 22-AUX|kan|16|OO	2
Wiki_Symaskin.9	7-ADP|för|6|MD	1
Wiki_Symaskin.9	17-ADP|i|14|MD	1
Wiki_Symaskin.9	10-ADP|med|6|MD 13-AUX|kan|10|OO	2
Wiki_Symaskin.10	6-ADP|från|3|OA	1
Wiki_Symaskin.10	2-SCONJ|som|1|MD	1
Wiki_Symaskin.10	15-SCONJ|medan|12|MD	1
Wiki_Symaskin.10	9-AUX|är|0|-- 10-SCONJ|att|9|SP	2
Wiki_Symaskin.11	7-ADP|i|2|RA	1
Wiki_Symaskin.11	11-ADP|enligt|2|MD	1
Wiki_Symaskin.13	2-ADP|i|1|MD	1
Wiki_Symaskin.13	4-ADP|med|1|MD	1
Wiki_Symaskin.14	3-ADP|i|1|MD	1
Wiki_Symaskin.14	11-SCONJ|som|9|MD	1
Wiki_Symaskin.15	4-ADP|i|2|OA	1
Wiki_Symaskin.15	12-ADP|med|11|MD	1
Wiki_Symaskin.15	10-ADP|av|9|MD	1
Wiki_Symaskin.15	8-ADP|för|7|OA	1
Wiki_Symaskin.16	4-ADP|av|3|MD	1
Wiki_Symaskin.16	2-AUX|är|0|--	1
Wiki_Symaskin.17	4-ADP|av|3|MD	1
Wiki_Symaskin.17	11-ADP|till|3|OA	1
Wiki_Symaskin.17	15-ADP|för|3|MD 16-SCONJ|att|15|OO	2
Wiki_Symaskin.19	1-ADP|Enligt|3|MD	1
Wiki_Symaskin.19	8-ADP|med|7|OA	1
Wiki_Symaskin.19	4-SCONJ|att|3|SB	1
Wiki_Symaskin.19	24-ADP|i|23|MD	1
Wiki_Symaskin.19	21-ADP|med|20|MD	1
Wiki_Symaskin.19	14-SCONJ|att|3|conj	1
Wiki_Symaskin.20	8-ADP|vid|7|MD	1
Wiki_Symaskin.20	18-ADP|på|17|MD	1
Wiki_Symaskin.21	11-ADP|i|9|RA	1
Wiki_Symaskin.21	7-AUX|kom|2|conj 8-PART|att|7|IV	2
Wiki_Symaskin.22	6-ADP|för|5|MD	1
Wiki_Symaskin.22	10-ADP|av|9|OA	1
Wiki_Symaskin.22	21-ADP|med|17|OA	1
Wiki_Symaskin.23	4-ADP|i|3|MD	1
Wiki_Symaskin.23	10-ADP|i|7|MD	1
Wiki_Symaskin.23	6-AUX|var|0|--	1
Wiki_Symaskin.25	1-ADP|Runt|4|MD	1
Wiki_Symaskin.25	11-ADP|för|4|MD	1
Wiki_Symaskin.26	8-ADP|i|7|OA	1
Wiki_Symaskin.26	21-ADP|för|20|MD	1
Wiki_Symaskin.26	17-ADP|av|16|AG	1
Wiki_Symaskin.26	15-SCONJ|som|14|MD	1
Wiki_Symaskin.26	11-ADP|med|7|MD	1
Wiki_Symaskin.26	2-AUX|var|0|--	1
Wiki_Symaskin.27	6-ADP|för|5|MD	1
Wiki_Symaskin.27	12-ADP|för|11|MD	1
Wiki_Symaskin.27	17-ADP|under|16|OA	1
Wiki_Symaskin.27	8-ADP|med|5|MD	1
Wiki_Symaskin.28	3-ADP|till|2|MD 4-PART|att|3|OO	2
Wiki_Symaskin.28	13-ADP|med|12|MD	1
Wiki_Symaskin.28	11-SCONJ|som|9|MD	1
Wiki_Symaskin.28	7-ADP|genom|2|MD	1
Wiki_Symaskin.29	13-ADP|med|12|MD	1
Wiki_Symaskin.29	9-ADP|genom|8|MD	1
Wiki_Symaskin.29	7-SCONJ|som|5|MD	1
Wiki_Symaskin.30	5-ADP|med|4|OA 8-ADP|med|5|AN	2
Wiki_Symaskin.30	2-AUX|är|0|--	1
Wiki_Symaskin.31	5-ADP|vid|4|OA	1
Wiki_Symaskin.31	3-AUX|är|0|--	1
Wiki_Symaskin.32	14-ADP|till|10|OA	1
Wiki_Symaskin.32	6-ADP|med|5|MD 9-AUX|kunde|6|OO	2
Wiki_Symaskin.33	8-ADP|i|2|MD 6-ADP|framför|8|MD	2
Wiki_Symaskin.33	10-ADP|med|9|MD	1
Wiki_Symaskin.34	3-ADP|till|2|MD	1
Wiki_Symaskin.34	9-ADP|i|11|MD	1
Wiki_Symaskin.34	14-ADP|för|11|MD	1
Wiki_Symaskin.34	16-ADP|med|11|MD	1
Wiki_Symaskin.35	6-ADP|i|5|RA	1
Wiki_Symaskin.35	11-ADP|i|18|MD	1
Wiki_Symaskin.35	27-PART|inte|28|MD	1
Wiki_Symaskin.35	30-ADP|för|29|MD	1
Wiki_Symaskin.35	9-SCONJ|att|8|MD	1
Wiki_Symaskin.35	3-AUX|har|0|--	1
Wiki_Symaskin.36	1-ADP|I|3|RA	1
Wiki_Symaskin.36	15-ADP|i|14|MD	1
Wiki_Symaskin.36	12-ADP|av|11|MD 13-SCONJ|att|12|OO	2
Wiki_Symaskin.36	10-ADP|på|3|MD	1
Wiki_Symaskin.37	2-ADP|innan|4|MD	1
Wiki_Symaskin.37	8-ADP|för|7|MD	1
Wiki_Symaskin.37	15-AUX|varit|11|OO 12-ADP|i|15|MD	2
Wiki_Symaskin.37	17-ADP|av|16|MD	1
Wiki_Symaskin.37	29-ADP|i|28|MD	1
Wiki_Symaskin.37	27-ADP|för|23|MD	1
Wiki_Symaskin.37	22-PART|att|16|MD	1
Wiki_Symaskin.39	7-SCONJ|som|6|MD 11-AUX|är|7|OO 8-ADP|till|11|MD	3
Wiki_Symaskin.39	3-AUX|är|0|--	1
Wiki_Symaskin.40	10-ADP|med|8|MD	1
Wiki_Symaskin.40	14-AUX|var|0|-- 1-ADP|Till|14|MD	2
Wiki_Symaskin.40	24-ADP|i|23|RA	1
Wiki_Symaskin.40	20-SCONJ|som|19|MD	1
Wiki_Symaskin.40	17-ADP|av|16|MD	1
Wiki_Symaskin.41	6-ADP|på|5|MD	1
Wiki_Symaskin.41	4-ADP|med|3|OA	1
Wiki_Symaskin.42	4-ADP|vid|2|RA	1
Wiki_Symaskin.42	20-ADP|på|19|MD	1
Wiki_Symaskin.43	8-ADP|i|7|RA	1
Wiki_Symaskin.43	3-AUX|hade|0|--	1
Wiki_Symaskin.44	5-SCONJ|liksom|7|JF	1
Wiki_Symaskin.44	4-AUX|var|0|--	1
Wiki_Symaskin.45	3-ADP|av|2|MD	1
Wiki_Symaskin.45	1-ADP|I|5|OA	1
Wiki_Symaskin.45	15-ADP|av|14|AG	1
Wiki_Symaskin.45	12-SCONJ|som|10|MD	1
Wiki_Symaskin.47	2-SCONJ|som|1|MD	1
Wiki_Symaskin.48	13-ADP|om|12|OA	1
Wiki_Symaskin.48	26-ADP|om|25|MD	1
Wiki_Symaskin.48	33-ADP|med|31|MD	1
Wiki_Symaskin.48	23-SCONJ|som|22|MD	1
Wiki_Symaskin.48	19-ADP|i|18|RA	1
Wiki_Symaskin.48	16-SCONJ|där|12|RA	1
Wiki_Symaskin.48	11-SCONJ|som|10|MD	1
Wiki_Symaskin.48	5-ADP|på|4|OA	1
Wiki_Symaskin.48	39-ADP|runt|38|OA	1
Wiki_Symaskin.48	45-ADP|om|44|OA	1
Wiki_Symaskin.48	54-ADP|mot|52|MD	1
Wiki_Symaskin.48	61-ADP|av|59|AG	1
Wiki_Symaskin.48	57-SCONJ|som|56|JF	1
Wiki_Symaskin.48	42-SCONJ|att|41|MD	1
Wiki_Symaskin.49	10-ADP|på|9|MD	1
Wiki_Symaskin.49	8-ADP|i|7|OA	1
Wiki_Symaskin.49	5-SCONJ|som|4|MD	1
Wiki_Symaskin.49	2-AUX|är|0|--	1
Wiki_Symaskin.50	5-AUX|kan|0|-- 1-ADP|För|5|MD	2
Wiki_Symaskin.50	13-ADP|på|12|MD	1
Wiki_Symaskin.50	9-ADP|för|7|MD 10-PART|att|9|OO	2
Wiki_Symaskin.50	21-ADP|av|20|MD	1
Wiki_Symaskin.50	19-ADP|vid|17|MD	1
Wiki_Symaskin.50	29-ADP|intill|28|MD	1
Wiki_Symaskin.50	23-SCONJ|då|17|MD 25-AUX|ska|23|OO	2
Wiki_Symaskin.51	4-ADP|vid|2|MD	1
Wiki_Symaskin.51	10-SCONJ|som|8|MD 11-AUX|ska|10|OO	2
Wiki_Symaskin.51	18-ADP|för|14|MD	1
Wiki_Symaskin.51	6-SCONJ|då|2|MD	1
Wiki_Symaskin.52	20-ADP|i|19|OA	1
Wiki_Symaskin.52	30-ADP|av|29|MD	1
Wiki_Symaskin.52	17-SCONJ|då|14|MD	1
Wiki_Symaskin.52	12-SCONJ|som|10|MD	1
Wiki_Symaskin.52	7-ADP|av|6|OA	1
Wiki_Symaskin.52	4-AUX|är|0|--	1
Wiki_Symaskin.53	6-ADP|med|5|MD	1
Wiki_Symaskin.53	15-ADP|i|14|MD	1
Wiki_Symaskin.53	10-SCONJ|som|5|MD 11-AUX|var|10|OO	2
Wiki_Symaskin.54	6-ADP|med|5|MD	1
Wiki_Symaskin.54	11-SCONJ|som|5|MD	1
Wiki_Symaskin.56	20-ADP|för|18|MD	1
Wiki_Symaskin.56	15-ADP|med|14|MD	1
Wiki_Symaskin.56	27-ADP|på|31|MD	1
Wiki_Symaskin.56	32-ADP|kring|31|OA	1
Wiki_Symaskin.56	25-SCONJ|medan|22|MD	1
Wiki_Symaskin.56	8-SCONJ|där|7|MD	1
Wiki_Symaskin.56	6-ADP|i|5|OA	1
Wiki_Symaskin.57	7-AUX|måste|0|-- 1-ADP|För|7|MD 2-SCONJ|att|1|OO 5-AUX|skall|2|OO	4
Wiki_Symaskin.57	17-SCONJ|som|16|MD	1
Wiki_Symaskin.57	10-ADP|efter|9|MD	1
Wiki_Symaskin.58	2-AUX|är|0|--	1
Wiki_Symaskin.59	35-ADP|vid|34|MD	1
Wiki_Symaskin.59	33-AUX|kan|29|OO	1
Wiki_Symaskin.59	26-SCONJ|som|23|MD 27-AUX|är|26|OO	2
Wiki_Symaskin.59	19-ADP|med|18|OA	1
Wiki_Symaskin.59	8-ADP|till|6|MD	1
Wiki_Symaskin.59	5-AUX|kunde|0|--	1
Wiki_Symaskin.60	11-ADP|i|10|MD	1
Wiki_Symaskin.60	9-ADP|inom|8|OA	1
Wiki_Symaskin.60	26-ADP|genom|24|MD	1
Wiki_Symaskin.60	23-PART|att|21|ES	1
Wiki_Symaskin.60	14-AUX|var|0|-- 17-ADP|för|14|MD 18-SCONJ|att|17|OO 20-AUX|skulle|18|OO	4
Wiki_Symaskin.61	6-ADP|med|5|MD 8-ADP|till|6|OO	2
Wiki_Symaskin.61	4-AUX|kan|0|--	1
Wiki_Symaskin.63	1-ADP|För|3|MD	1
Wiki_Symaskin.63	13-ADP|i|11|OA	1
Wiki_Symaskin.63	16-ADP|efter|15|MD	1
Wiki_Symaskin.63	10-SCONJ|som|6|MD	1
Wiki_Symaskin.63	25-ADP|med|23|MD	1
Wiki_Symaskin.64	4-ADP|med|3|MD	1
Wiki_Symaskin.64	2-AUX|kan|0|--	1
Wiki_Symaskin.65	6-ADP|i|2|RA	1
Wiki_Symaskin.65	10-ADP|enligt|2|MD	1
Wiki_Vader.2	9-ADP|i|8|MD	1
Wiki_Vader.2	7-ADP|i|6|MD	1
Wiki_Vader.2	12-ADP|vid|6|MD	1
Wiki_Vader.2	2-AUX|är|0|--	1
Wiki_Vader.3	5-SCONJ|som|4|MD	1
Wiki_Vader.4	2-ADP|på|1|MD	1
Wiki_Vader.4	5-AUX|är|0|--	1
Wiki_Vader.5	7-ADP|i|6|MD	1
Wiki_Vader.5	4-ADP|i|3|MD	1
Wiki_Vader.5	2-ADP|på|1|MD	1
Wiki_Vader.5	21-ADP|mellan|20|MD	1
Wiki_Vader.5	25-ADP|för|20|MD	1
Wiki_Vader.5	9-AUX|är|0|--	1
Wiki_Vader.6	8-AUX|vill|10|MD	1
Wiki_Vader.6	11-ADP|i|10|MD	1
Wiki_Vader.6	23-ADP|med|22|MD	1
Wiki_Vader.6	20-ADP|på|17|RA	1
Wiki_Vader.7	2-ADP|om|1|MD	1
Wiki_Vader.8	7-ADP|hos|6|MD	1
Wiki_Vader.8	10-ADP|under|6|MD	1
Wiki_Vader.9	4-ADP|under|3|MD	1
Wiki_Vader.9	9-ADP|till|3|MD	1
Wiki_Vader.10	2-ADP|mellan|1|MD	1
Wiki_Vader.10	6-AUX|är|0|--	1
Wiki_Vader.11	10-ADP|om|9|MD	1
Wiki_Vader.11	5-ADP|över|4|MD	1
Wiki_Vader.12	7-ADP|över|6|MD	1
Wiki_Vader.12	5-ADP|hos|4|MD	1
Wiki_Vader.13	6-SCONJ|att|5|OO 8-AUX|är|6|OO	2
Wiki_Vader.13	3-AUX|kan|0|--	1
Wiki_Vader.14	5-ADP|i|3|MD	1
Wiki_Vader.14	10-ADP|till|9|MD	1
Wiki_Vader.15	12-ADP|efter|10|MD	1
Wiki_Vader.15	25-ADP|av|24|OA	1
Wiki_Vader.15	7-SCONJ|som|6|MD	1
Wiki_Vader.15	5-ADP|i|3|OA	1
Wiki_Vader.16	10-ADP|i|9|MD	1
Wiki_Vader.16	2-AUX|har|0|-- 4-AUX|kommit|2|IV 5-PART|att|4|IV	3
Wiki_Vader.17	3-ADP|i|2|MD	1
Wiki_Vader.18	8-ADP|i|7|MD	1
Wiki_Vader.18	10-SCONJ|som|7|MD	1
Wiki_Vader.20	4-ADP|från|3|MD	1
Wiki_Vader.20	13-ADP|inom|10|MD	1
Wiki_Vader.20	17-ADP|på|16|RA	1
Wiki_Vader.20	21-ADP|i|20|MD	1
Wiki_Vader.21	9-SCONJ|som|3|MD	1
Wiki_Vader.21	19-ADP|med|18|MD	1
Wiki_Vader.21	17-AUX|kan|14|conj	1
Wiki_Vader.22	2-ADP|i|1|MD	1
Wiki_Vader.22	8-ADP|på|5|OA 6-ADP|bland|8|MD	2
Wiki_Vader.22	13-ADP|mot|12|MD	1
Wiki_Vader.22	15-ADP|på|12|MD	1
Wiki_Vader.23	19-ADP|i|18|MD	1
Wiki_Vader.23	17-ADP|med|16|MD	1
Wiki_Vader.23	15-AUX|är|13|OO	1
Wiki_Vader.23	7-ADP|till|5|OA	1
Wiki_Vader.24	7-ADP|i|2|MD	1
Wiki_Vader.25	4-ADP|i|3|MD	1
Wiki_Vader.25	6-SCONJ|som|3|OA	1
Wiki_Vader.25	11-ADP|med|10|MD	1
Wiki_Vader.26	6-ADP|mellan|4|MD	1
Wiki_Vader.27	6-ADP|på|5|OA	1
Wiki_Vader.27	18-ADP|med|17|OA	1
Wiki_Vader.27	11-SCONJ|att|10|MD	1
Wiki_Vader.27	9-ADP|med|4|MD	1
Wiki_Vader.28	5-ADP|för|4|MD	1
Wiki_Vader.28	7-ADP|ur|4|MD	1
Wiki_Vader.28	2-AUX|är|0|--	1
Wiki_Vader.29	12-ADP|för|11|MD	1
Wiki_Vader.29	10-SCONJ|som|8|MD	1
Wiki_Vader.29	7-ADP|genom|6|MD	1
Wiki_Vader.29	2-ADP|för|0|--	1
Wiki_Vader.31	4-ADP|på|2|MD	1
Wiki_Vader.31	11-ADP|av|10|MD	1
Wiki_Vader.31	9-AUX|är|0|--	1
Wiki_Vader.32	7-ADP|hos|6|MD	1
Wiki_Vader.32	5-ADP|på|4|MD	1
Wiki_Vader.32	2-AUX|är|0|--	1
Wiki_Vader.33	3-ADP|av|2|MD	1
Wiki_Vader.33	11-ADP|på|7|OA	1
Wiki_Vader.33	16-ADP|av|7|conj	1
Wiki_Vader.34	1-ADP|Förutom|3|MD	1
Wiki_Vader.34	7-ADP|över|6|MD	1
Wiki_Vader.34	5-ADP|med|3|MD	1
Wiki_Vader.35	4-AUX|är|0|-- 1-ADP|På|4|RA	2
Wiki_Vader.35	9-ADP|till|8|OA	1
Wiki_Vader.36	4-AUX|kan|0|-- 1-ADP|Å|4|MD	2
Wiki_Vader.36	9-ADP|i|8|OA	1
Wiki_Vader.36	4-AUX|kan|0|-- 1-ADP|Å|4|MD 7-AUX|vara|4|IV	3
Wiki_Vader.36	26-ADP|i|25|RA	1
Wiki_Vader.36	14-ADP|på|13|OA 15-SCONJ|att|14|OO	2
Wiki_Vader.37	4-SCONJ|som|3|MD	1
Wiki_Vader.37	9-ADP|till|8|MD	1
Wiki_Vader.37	17-ADP|på|16|MD	1
Wiki_Vader.37	12-SCONJ|som|8|MD	1
Wiki_Vader.37	7-AUX|är|0|--	1
Wiki_Vader.38	6-ADP|genom|4|MD 7-SCONJ|att|6|OO 9-AUX|kan|7|OO	3
Wiki_Vader.38	3-AUX|kan|0|--	1
Wiki_Vader.40	2-ADP|i|1|MD 5-ADP|på|2|MD	2
Wiki_Vader.40	23-ADP|ovanför|22|MD	1
Wiki_Vader.40	19-ADP|i|18|RA	1
Wiki_Vader.40	17-SCONJ|som|16|MD	1
Wiki_Vader.40	14-ADP|av|13|MD	1
Wiki_Vader.40	12-ADP|per|11|MD	1
Wiki_Vader.40	10-AUX|är|0|--	1
Wiki_Vader.41	3-ADP|med|2|MD	1
Wiki_Vader.41	7-ADP|inom|9|MD	1
Wiki_Vader.42	2-ADP|på|1|MD 4-ADP|vid|2|AN	2
Wiki_Vader.42	6-AUX|är|0|--	1
Wiki_Vader.43	5-ADP|över|4|MD	1
Wiki_Vader.43	3-ADP|med|2|MD	1
Wiki_Vader.43	7-SCONJ|eftersom|2|MD	1
Wiki_Vader.44	2-AUX|är|0|-- 4-PART|inte|2|MD	2
Wiki_Vader.44	7-DET|en|9|DT	1
Wiki_Vader.44	10-ADP|över|9|MD	1
Wiki_Vader.44	6-ADP|vid|5|RA	1
Wiki_Vader.46	5-ADP|i|3|MD	1
Wiki_Vader.46	2-AUX|har|0|--	1
Wiki_Vader.47	4-ADP|i|3|MD	1
Wiki_Vader.48	5-ADP|i|4|MD	1
Wiki_Vader.48	2-AUX|är|0|--	1
Wiki_Vader.49	6-ADP|i|5|MD	1
Wiki_Vader.49	3-ADP|av|2|AG	1
Wiki_Vader.49	20-ADP|i|16|conj	1
Wiki_Vader.49	12-ADP|i|10|MD	1
Wiki_Vader.49	9-AUX|kan|2|conj	1
Wiki_Vader.50	3-AUX|har|0|-- 1-ADP|På|3|RA	2
Wiki_Vader.50	4-ADP|för|6|MD	1
Wiki_Vader.50	11-ADP|av|10|MD	1
Wiki_Vader.50	20-SCONJ|som|18|MD	1
Wiki_Vader.51	3-ADP|med|2|MD	1
Wiki_Vader.51	11-ADP|per|10|MD	1
Wiki_Vader.51	9-ADP|i|7|MD	1
Wiki_Vader.52	6-SCONJ|än|5|JF	1
Wiki_Vader.52	13-ADP|enligt|12|MD	1
Wiki_Vader.52	11-AUX|kan|2|conj	1
Wiki_Vader.53	3-ADP|med|2|MD	1
Wiki_Vader.54	14-ADP|för|13|MD	1
Wiki_Vader.54	9-SCONJ|som|8|MD	1
Wiki_Vader.54	6-ADP|med|5|MD	1
Wiki_Vader.54	3-AUX|kan|0|--	1
Wiki_Vader.55	7-ADP|på|5|MD	1
Wiki_Vader.56	9-ADP|ur|7|OA	1
Wiki_Vader.56	11-ADP|genom|7|MD	1
Wiki_Vader.56	6-PART|att|5|MD	1
Wiki_Vader.56	4-ADP|för|3|OA	1
Wiki_Vader.56	2-AUX|är|0|--	1
Wiki_Vader.57	6-ADP|genom|5|OA	1
Wiki_Vader.57	3-AUX|kan|0|-- 4-AUX|vara|3|IV	2
Wiki_Vader.59	12-ADP|i|11|RA	1
Wiki_Vader.59	10-SCONJ|som|8|MD	1
Wiki_Vader.59	5-ADP|på|4|MD	1
Wiki_Vader.59	2-AUX|är|0|--	1
Wiki_Vader.60	5-SCONJ|som|3|JF	1
Wiki_Vader.60	2-AUX|kan|0|--	1
Wiki_Vader.62	12-ADP|i|7|MD	1
Wiki_Vader.63	13-ADP|vid|12|MD	1
Wiki_Vader.63	8-ADP|till|7|MD	1
Wiki_Vader.63	6-ADP|i|3|MD	1
Wiki_Vader.63	17-ADP|i|3|MD	1
Wiki_Vader.64	5-SCONJ|som|3|MD 7-AUX|kan|5|OO	2
Wiki_Vader.64	16-ADP|på|15|OA	1
Wiki_Vader.65	6-AUX|är|0|-- 2-ADP|vid|6|MD	2
Wiki_Vader.66	1-ADP|För|5|MD 2-PART|att|1|OO	2
Wiki_Vader.67	1-ADP|På|3|RA	1
Wiki_Vader.67	9-ADP|bland|11|MD	1
Wiki_Vader.67	8-ADP|från|7|MD	1
Wiki_Vader.67	5-ADP|genom|3|MD	1
Wiki_Vader.68	3-ADP|för|2|OA	1
Wiki_Vader.69	5-ADP|genom|2|MD	1
Wiki_Vader.71	5-ADP|av|4|MD	1
Wiki_Vader.71	11-ADP|i|4|MD	1
Wiki_Vader.71	2-AUX|är|0|--	1
Wiki_Vader.72	4-SCONJ|som|3|MD	1
Wiki_Vader.72	2-AUX|är|0|--	1
Wiki_Vader.73	3-ADP|mellan|1|OA	1
Wiki_Vader.73	12-ADP|om|9|OA	1
Wiki_Vader.74	4-ADP|i|3|MD	1
Wiki_Vader.74	2-AUX|kan|0|--	1
Wiki_Vader.75	10-ADP|på|9|OA	1
Wiki_Vader.75	5-SCONJ|som|4|MD	1
Wiki_Vader.76	4-ADP|för|3|OA	1
Wiki_Vader.76	10-ADP|på|9|MD	1
Wiki_Vader.76	2-AUX|är|0|-- 6-SCONJ|då|2|MD	2
Wiki_Vader.77	14-ADP|på|12|conj	1
Wiki_Vader.77	8-ADP|i|7|MD	1
Wiki_Vader.77	6-ADP|för|5|MD	1
Wiki_Vader.77	2-AUX|har|0|--	1
Wiki_Vader.79	4-AUX|kan|0|-- 1-ADP|Vid|4|MD	2
Wiki_Vader.79	6-ADP|i|5|MD	1
Wiki_Vader.79	9-ADP|på|8|MD	1
Wiki_Vader.80	4-ADP|vid|3|MD	1
Wiki_Vader.80	2-ADP|på|1|MD	1
Wiki_Vader.81	13-ADP|från|12|RA	1
Wiki_Vader.81	11-SCONJ|som|10|MD	1
Wiki_Vader.81	9-ADP|av|8|MD	1
Wiki_Vader.81	6-ADP|för|5|MD	1
Wiki_Vader.81	2-AUX|är|0|--	1
Wiki_Vader.82	3-AUX|är|0|-- 1-ADP|På|3|RA	2
Wiki_Vader.82	7-ADP|av|6|MD	1
Wiki_Vader.82	3-AUX|är|0|-- 1-ADP|På|3|RA 9-SCONJ|som|3|EF	3
Wiki_Vader.83	5-ADP|i|2|OA 3-ADP|bland|5|MD	2
Wiki_Vader.83	7-ADP|av|6|MD	1
Wiki_Vader.84	5-ADP|i|2|OA	1
Wiki_Vader.84	16-ADP|i|14|MD	1
Wiki_Vader.84	22-ADP|ovan|21|OA	1
Wiki_Vader.84	20-AUX|skulle|13|OO 24-SCONJ|ifall|20|MD	2
Wiki_Vader.84	11-ADP|till|10|OA	1
Wiki_Vader.85	7-SCONJ|som|5|JF	1
Wiki_Vader.85	4-AUX|är|0|--	1
Wiki_Vader.86	1-ADP|För|6|OA 2-SCONJ|att|1|OO 4-AUX|ska|2|OO	3
Wiki_Vader.87	4-ADP|av|3|MD	1
Wiki_Vader.87	6-AUX|är|0|--	1
Wiki_Vader.88	1-ADP|På|4|RA	1
Wiki_Vader.88	9-SCONJ|än|7|JF	1
Wiki_Vader.88	6-ADP|av|5|MD	1
Wiki_Vader.89	8-ADP|på|6|RA	1
Wiki_Vader.89	4-SCONJ|att|2|OO	1
Wiki_Vader.90	2-ADP|på|1|MD	1
Wiki_Vader.90	7-ADP|på|6|MD	1
Wiki_Vader.90	17-ADP|av|16|MD	1
Wiki_Vader.90	15-ADP|för|14|MD	1
Wiki_Vader.90	10-SCONJ|då|4|MD	1
Wiki_Vader.91	2-SCONJ|som|1|JF 5-AUX|kan|2|OO	2
Wiki_Vader.91	10-AUX|kan|0|-- 15-AUX|vara|10|IV	2
Wiki_Vader.92	11-AUX|har|0|-- 1-PART|Att|11|SB	2
Wiki_Vader.94	10-ADP|i|9|MD	1
Wiki_Vader.94	6-SCONJ|som|5|MD 7-AUX|är|6|OO	2
Wiki_Vader.94	4-ADP|från|3|MD	1
Wiki_Vader.94	2-AUX|är|0|--	1
Wiki_Vader.95	10-ADP|av|9|MD	1
Wiki_Vader.95	8-ADP|under|4|MD	1
Wiki_Vader.96	8-ADP|i|7|OA	1
Wiki_Vader.96	4-SCONJ|att|3|OO	1
Wiki_Vader.97	4-SCONJ|som|2|MD	1
Wiki_Vader.98	6-ADP|med|5|MD	1
Wiki_Vader.98	4-ADP|i|2|MD	1
Wiki_Vader.99	4-ADP|till|3|OA	1
Wiki_Vader.99	2-AUX|kan|0|--	1
Wiki_Vader.101	1-ADP|Bland|4|MD	1
Wiki_Vader.101	5-ADP|bland|4|MD	1
Wiki_Vader.103	2-AUX|är|0|-- 5-SCONJ|som|2|EF	2
Wiki_Vader.104	4-ADP|av|3|AG	1
Wiki_Vader.105	10-ADP|i|9|MD	1
Wiki_Vader.105	12-ADP|med|9|MD	1
Wiki_Vader.106	15-SCONJ|än|14|JF	1
Wiki_Vader.106	7-ADP|genom|6|MD 8-SCONJ|att|7|OO	2
Wiki_Vader.106	5-SCONJ|som|4|MD	1
Wiki_Vader.106	2-AUX|är|0|--	1
Wiki_Vader.107	11-ADP|på|10|MD	1
Wiki_Vader.107	8-SCONJ|som|6|MD	1
Wiki_Vader.107	4-ADP|av|2|AG	1
Wiki_Vader.108	11-ADP|i|8|OA	1
Wiki_Vader.109	8-ADP|på|7|MD	1
Wiki_Vader.109	17-SCONJ|än|13|JF	1
Wiki_Vader.109	15-ADP|per|14|MD	1
Wiki_Vader.109	4-ADP|genom|3|MD 5-SCONJ|att|4|OO	2
Wiki_Vader.110	1-ADP|På|3|RA	1
Wiki_Vader.110	6-ADP|för|3|OA	1
Wiki_Vader.110	11-ADP|med|10|OA	1
Wiki_Vader.111	4-ADP|i|3|MD	1
Wiki_Vader.111	2-ADP|på|1|MD	1
Wiki_Vader.111	7-AUX|är|0|--	1
Wiki_Vader.112	5-ADP|i|4|OA	1
Wiki_Vader.112	2-AUX|är|0|--	1
Wiki_Vader.113	1-ADP|Till|4|OA	1
Wiki_Vader.114	3-ADP|i|2|MD	1
Wiki_Vader.114	6-ADP|till|5|OA	1
Wiki_Vader.115	6-ADP|ovanför|5|MD	1
Wiki_Vader.115	17-ADP|till|16|OA 18-SCONJ|att|17|OO	2
Wiki_Vader.116	7-AUX|är|0|-- 1-ADP|På|7|RA	2
Wiki_Vader.117	6-ADP|mot|5|OO	1
Wiki_Vader.117	19-AUX|är|5|conj 20-ADP|längs|19|SP	2
Wiki_Vader.117	19-AUX|är|5|conj 20-ADP|längs|19|SP 23-SCONJ|som|19|EF	3
Wiki_Vader.118	2-ADP|hos|1|MD	1
Wiki_Vader.118	7-ADP|av|6|MD	1
Wiki_Vader.118	14-ADP|av|13|MD	1
Wiki_Vader.118	12-ADP|på|5|MD	1
Wiki_Vader.119	1-ADP|I|11|MD	1
Wiki_Vader.119	20-ADP|på|19|MD	1
Wiki_Vader.119	17-ADP|på|16|MD	1
Wiki_Vader.119	14-ADP|på|11|OA	1
Wiki_Vader.120	2-AUX|kan|0|-- 3-ADP|till|2|MD	2
Wiki_Vader.120	19-SCONJ|som|17|MD	1
Wiki_Vader.120	13-SCONJ|som|12|MD	1
Wiki_Vader.120	2-AUX|kan|0|-- 3-ADP|till|2|MD 5-AUX|vara|2|IV	3
Wiki_Vader.121	2-ADP|i|1|MD	1
Wiki_Vader.122	1-ADP|På|3|RA	1
Wiki_Vader.122	13-ADP|på|12|MD	1
Wiki_Vader.122	7-ADP|mellan|6|MD	1
Wiki_Vader.122	16-ADP|till|3|OA	1
Wiki_Vader.123	2-ADP|mellan|1|MD	1
Wiki_Vader.123	9-ADP|hos|8|MD	1
Wiki_Vader.123	7-ADP|av|5|AG	1
Wiki_Vader.123	13-ADP|på|12|OA	1
Wiki_Vader.124	12-ADP|mot|11|MD	1
Wiki_Vader.124	5-ADP|mellan|4|MD	1
Wiki_Vader.124	3-ADP|av|2|MD	1
Wiki_Vader.124	1-ADP|På|23|MD	1
Wiki_Vader.124	26-ADP|med|23|MD	1
Wiki_Vader.124	32-ADP|av|31|MD	1
Wiki_Vader.124	29-ADP|på|23|MD	1
Wiki_Vader.125	3-AUX|är|0|-- 1-ADP|I|3|MD	2
Wiki_Vader.125	8-ADP|på|7|MD	1
Wiki_Vader.125	6-ADP|mot|5|OA	1
Wiki_Vader.125	20-SCONJ|än|18|JF 21-ADP|i|20|OO	2
Wiki_Vader.125	14-SCONJ|att|13|OO	1
Wiki_Vader.127	11-ADP|av|10|MD	1
Wiki_Vader.127	13-ADP|över|8|MD	1
Wiki_Vader.129	5-ADP|över|3|RA	1
Wiki_Vader.129	8-SCONJ|att|7|MD 11-AUX|blir|8|OO	2
Wiki_Vader.129	1-SCONJ|Om|14|MD	1
Wiki_Vader.129	17-SCONJ|som|16|MD	1
Wiki_Vader.130	6-SCONJ|där|5|MD 8-AUX|kan|6|OO	2
Wiki_Vader.131	5-ADP|med|4|OA	1
Wiki_Vader.131	2-AUX|blir|0|--	1
Wiki_Vader.132	3-AUX|måste|0|-- 1-ADP|Till|3|MD	2
Wiki_Vader.132	16-ADP|på|15|OA	1
Wiki_Vader.132	12-ADP|i|10|MD	1
Wiki_Vader.132	6-ADP|på|5|MD	1
Wiki_Vader.134	5-ADP|av|4|MD	1
Wiki_Vader.134	3-ADP|för|2|MD	1
Wiki_Vader.135	2-AUX|kan|0|--	1
Wiki_Vader.136	1-ADP|Vid|3|MD	1
Wiki_Vader.136	7-ADP|hos|6|MD	1
Wiki_Vader.136	5-SCONJ|där|4|MD	1
Wiki_Vader.138	9-ADP|i|8|MD	1
Wiki_Vader.138	11-SCONJ|som|8|MD	1
Wiki_Vader.138	2-AUX|är|0|-- 5-SCONJ|att|2|ES	2
Wiki_Vader.139	3-PART|att|2|MD	1
Wiki_Vader.139	6-AUX|är|0|-- 7-ADP|bland|6|MD	2
Wiki_Vader.140	2-ADP|på|1|MD	1
Wiki_Vader.141	1-ADP|På|3|RA	1
Wiki_Vader.141	5-SCONJ|som|4|MD	1
Wiki_Vader.142	6-SCONJ|som|5|MD	1
Wiki_Vader.142	4-ADP|för|2|OA	1
Wiki_Vader.143	2-DET|all|3|DT	1
Wiki_Vader.143	5-ADP|i|4|RA	1
Wiki_Vader.144	11-ADP|i|9|RA	1
Wiki_Vader.144	7-SCONJ|som|4|MD 8-AUX|kan|7|OO	2
Wiki_Vader.144	5-ADP|i|2|RA	1
Wiki_Vader.144	21-ADP|om|20|MD	1
Wiki_Vader.145	15-ADP|av|14|MD	1
Wiki_Vader.145	12-ADP|i|11|MD	1
Wiki_Vader.145	8-SCONJ|där|6|MD 17-AUX|kan|8|OO 18-ADP|med|17|MD	3
Wiki_Vader.145	26-SCONJ|som|25|MD	1
Wiki_Vader.145	24-ADP|på|23|MD	1
Wiki_Vader.145	21-ADP|till|20|OA	1
Wiki_Vader.145	3-AUX|är|0|--	1
Wiki_Vader.146	14-ADP|på|13|MD	1
Wiki_Vader.146	19-ADP|till|18|OA	1
Wiki_Vader.146	24-ADP|på|18|RA	1
Wiki_Vader.146	10-SCONJ|att|9|MD 17-AUX|kan|10|OO	2
Wiki_Vader.146	8-ADP|på|7|OA	1
Wiki_Vader.147	1-SCONJ|Att|7|SB	1
Wiki_Vader.147	14-ADP|av|13|MD	1
Wiki_Vader.147	20-ADP|i|19|MD	1
Wiki_Vader.147	17-SCONJ|än|16|JF	1
Wiki_Vader.147	10-PART|att|7|EO	1
Wiki_Vader.148	2-ADP|på|1|MD	1
Wiki_Vader.149	8-ADP|av|7|MD	1
Wiki_Vader.149	6-ADP|till|5|OA	1
Wiki_Vader.149	4-AUX|kan|0|--	1
Wiki_Vader.150	9-SCONJ|som|8|MD	1
Wiki_Vader.150	7-ADP|till|6|OA	1
Wiki_Vader.151	2-AUX|kan|0|--	1
Wiki_Vader.152	9-ADP|i|8|MD	1
Wiki_Vader.152	7-ADP|till|6|OA	1
Wiki_Vader.152	4-AUX|kan|0|--	1
Wiki_Vader.153	2-ADP|på|1|MD	1
Wiki_Vader.154	8-ADP|under|3|OA	1
Wiki_Vader.155	10-ADP|i|9|MD	1
Wiki_Vader.155	2-AUX|har|0|--	1
Wiki_Vader.156	10-ADP|av|9|MD	1
Wiki_Vader.156	8-ADP|för|7|MD	1
Wiki_Vader.156	3-SCONJ|som|2|MD	1
Wiki_Vader.156	15-ADP|i|14|MD	1
Wiki_Vader.156	19-ADP|av|18|MD	1
Wiki_Vader.156	21-ADP|under|18|MD	1
Wiki_Vader.156	24-AUX|har|0|-- 1-ADP|Förutom|24|MD	2
Wiki_Vader.156	29-ADP|på|28|OA	1
Wiki_Vader.157	14-ADP|av|13|AG	1
Wiki_Vader.157	11-ADP|med|10|MD	1
Wiki_Vader.157	8-ADP|av|7|MD	1
Wiki_Vader.157	5-ADP|undan|2|OA	1
Wiki_Vader.157	33-ADP|av|32|MD	1
Wiki_Vader.157	23-SCONJ|då|18|conj	1
Wiki_Vader.158	14-ADP|under|9|OA	1
Wiki_Vader.158	20-SCONJ|att|17|IV	1
Wiki_Vader.158	8-SCONJ|som|5|MD	1
Wiki_Vader.158	4-AUX|är|0|--	1
Wiki_Vader.159	9-AUX|kan|0|-- 2-SCONJ|om|9|MD 5-AUX|kan|2|OO	3
Wiki_Vader.159	14-ADP|på|12|MD	1
Wiki_Vader.160	5-ADP|av|2|AG	1
Wiki_Vader.162	1-PART|Att|4|SB	1
Wiki_Vader.162	15-ADP|i|14|MD	1
Wiki_Vader.162	10-ADP|för|7|MD 11-PART|att|10|OO	2
Wiki_Vader.162	5-SCONJ|att|4|OO	1
Wiki_Vader.163	1-SCONJ|Innan|6|MD	1
Wiki_Vader.163	10-ADP|av|9|MD	1
Wiki_Vader.163	20-ADP|i|19|MD	1
Wiki_Vader.163	14-ADP|för|6|MD 15-PART|att|14|OO	2
Wiki_Vader.164	3-AUX|är|0|-- 8-AUX|ska|3|SP 5-SCONJ|Om|8|MD	3
Wiki_Vader.164	24-SCONJ|då|22|MD	1
Wiki_Vader.164	16-SCONJ|om|30|MD 18-AUX|är|16|OO	2
Wiki_Vader.164	34-ADP|till|30|MD	1
Wiki_Vader.164	15-SCONJ|att|14|OO	1
Wiki_Vader.165	3-ADP|av|2|MD	1
Wiki_Vader.165	7-AUX|är|0|--	1
Wiki_Vader.166	11-ADP|i|10|MD	1
Wiki_Vader.166	8-ADP|av|7|MD	1
Wiki_Vader.166	5-SCONJ|att|4|OO 15-AUX|är|5|OO	2
Wiki_Vader.166	2-AUX|har|0|--	1
Wiki_Vader.167	12-ADP|i|11|MD	1
Wiki_Vader.167	25-ADP|för|23|MD 26-SCONJ|att|25|OO	2
Wiki_Vader.167	8-SCONJ|som|7|MD	1
Wiki_Vader.167	4-ADP|genom|2|MD 5-PART|att|4|OO	2
Wiki_Vader.168	4-ADP|med|3|MD	1
Wiki_Vader.168	32-ADP|i|31|MD	1
Wiki_Vader.168	43-ADP|i|42|MD	1
Wiki_Vader.168	23-ADP|på|22|OA 24-SCONJ|att|23|OO 35-AUX|kan|24|OO	3
Wiki_Vader.168	17-ADP|under|16|OA	1
Wiki_Vader.168	11-AUX|är|0|--	1
Wiki_Vader.169	10-ADP|på|9|MD	1
Wiki_Vader.169	3-ADP|med|2|OA 4-SCONJ|att|3|OO	2
Wiki_Vader.169	17-SCONJ|än|15|JF	1
Wiki_Vader.169	23-ADP|med|22|MD	1
Wiki_Vader.169	21-PART|att|19|SB	1
Wiki_Vader.170	3-ADP|av|2|MD	1
Wiki_Vader.171	2-PART|att|1|MD	1
Wiki_Vader.171	8-ADP|hos|6|MD	1
Wiki_Vader.171	5-AUX|har|0|--	1
Wiki_Vader.172	7-PART|att|6|MD	1
Wiki_Vader.172	5-ADP|i|4|MD	1
Wiki_Vader.172	2-AUX|var|0|--	1
Wiki_Vader.173	2-ADP|av|1|MD	1
Wiki_Vader.173	6-ADP|i|5|RA	1
Wiki_Vader.173	4-AUX|har|0|--	1
Wiki_Vader.174	8-ADP|från|7|MD	1
Wiki_Vader.174	11-ADP|under|7|MD	1
Wiki_Vader.174	13-PART|att|7|MD	1
Wiki_Vader.174	5-AUX|var|0|--	1
Wiki_Vader.175	5-PART|att|4|MD	1
Wiki_Vader.175	13-ADP|över|11|OA	1
Wiki_Vader.175	15-ADP|för|11|MD 16-PART|att|15|OO	2
Wiki_Vader.175	8-AUX|har|0|-- 9-AUX|varit|8|IV 10-PART|att|9|SP	3
Wiki_Vader.176	2-AUX|har|0|-- 3-ADP|bland|2|MD	2
Wiki_Vader.177	4-ADP|i|3|RA	1
Wiki_Vader.177	2-AUX|har|0|--	1
Wiki_Vader.178	3-ADP|till|2|MD 4-PART|att|3|OO	2
Wiki_Vader.178	7-AUX|är|0|-- 8-ADP|bland|7|MD	2
Wiki_Vader.178	16-ADP|vid|11|RA 14-ADP|bland|16|MD	2
Wiki_Vader.178	7-AUX|är|0|-- 8-ADP|bland|7|MD 10-PART|att|7|SP	3
Wiki_Vader.179	3-ADP|av|2|MD	1
Wiki_Vader.179	8-ADP|mot|7|MD	1
Wiki_Vader.179	5-AUX|är|0|--	1
Wiki_Vader.181	1-ADP|På|3|RA	1
Wiki_Vader.181	6-ADP|mellan|3|MD	1
Wiki_Vader.182	6-ADP|på|5|MD	1
Wiki_Vader.182	3-ADP|mellan|2|MD	1
Wiki_Vader.182	15-ADP|utanför|14|OA	1
Wiki_Vader.182	9-SCONJ|att|8|OO	1
Wiki_Vader.183	4-ADP|i|3|MD	1
Wiki_Vader.183	6-AUX|är|0|-- 9-ADP|i|6|RA	2
Wiki_Vader.184	6-ADP|i|3|RA	1
Wiki_Vader.184	2-AUX|har|0|--	1
Wiki_Vader.185	4-AUX|är|0|-- 7-ADP|vid|4|RA	2
Wiki_Vader.186	4-ADP|på|3|MD	1
Wiki_Vader.186	6-AUX|är|0|-- 9-ADP|i|6|RA	2
Wiki_Vader.187	4-ADP|vid|3|MD	1
Wiki_Vader.187	15-ADP|om|14|MD	1
Wiki_Vader.187	11-ADP|på|10|MD	1
Wiki_Vader.187	6-AUX|är|0|-- 9-ADP|i|6|RA	2
Wiki_Vader.188	19-ADP|vid|18|MD	1
Wiki_Vader.188	6-AUX|är|0|-- 16-ADP|i|6|RA	2
Wiki_Vader.189	5-ADP|under|4|MD	1
Wiki_Vader.189	14-ADP|i|12|MD	1
Wiki_Vader.189	8-AUX|är|0|-- 11-ADP|på|8|RA	2
Wiki_Vader.191	4-ADP|på|3|MD	1
Wiki_Vader.191	11-ADP|av|10|MD	1
Wiki_Vader.191	9-ADP|i|8|MD	1
Wiki_Vader.191	6-AUX|är|0|--	1
Wiki_Vader.192	5-ADP|på|4|MD	1
Wiki_Vader.192	16-ADP|på|15|RA	1
Wiki_Vader.192	11-PART|att|10|OO	1
Wiki_Vader.192	8-AUX|har|0|--	1
Wiki_Vader.193	2-ADP|på|1|MD	1
Wiki_Vader.193	11-ADP|på|10|MD	1
Wiki_Vader.193	9-SCONJ|som|6|JF	1
Wiki_Vader.193	16-ADP|i|15|MD	1
Wiki_Vader.194	15-ADP|av|14|AG	1
Wiki_Vader.194	13-SCONJ|som|12|MD	1
Wiki_Vader.194	9-SCONJ|att|8|OO	1
Wiki_Vader.194	2-AUX|har|0|--	1
Wiki_Vader.195	10-ADP|i|9|MD	1
Wiki_Vader.195	4-ADP|av|3|OA	1
Wiki_Vader.196	8-SCONJ|som|7|MD	1
Wiki_Vader.196	4-ADP|med|3|OA	1
Wiki_Vader.196	2-AUX|kan|0|--	1
Wiki_Vader.197	6-SCONJ|som|5|MD	1
Wiki_Vader.198	14-ADP|i|13|MD 15-ADP|över|14|OO	2
Wiki_Vader.198	10-SCONJ|som|9|MD 12-AUX|har|10|OO	2
Wiki_Vader.198	6-AUX|är|0|--	1
Wiki_Vader.199	1-ADP|På|4|RA	1
Wiki_Vader.199	6-ADP|av|5|MD	1
Wiki_Vader.199	8-SCONJ|att|4|OO 10-AUX|kan|8|OO	2
Wiki_Vader.200	4-ADP|emot|6|DT	1
Wiki_Vader.200	2-ADP|på|1|MD	1
Wiki_Vader.200	11-ADP|på|10|RA	1
Wiki_Vader.200	15-AUX|har|14|OO	1
Wiki_Vader.200	9-AUX|har|0|--	1
Wiki_Vader.201	5-ADP|på|3|OA	1
Wiki_Vader.201	11-SCONJ|som|9|MD	1
Wiki_Vader.201	21-SCONJ|som|20|MD	1
Wiki_Vader.201	19-ADP|av|16|MD	1
Wiki_Vader.201	14-AUX|är|3|conj	1
Wiki_Vader.202	4-ADP|av|3|MD	1
Wiki_Vader.202	9-SCONJ|än|8|JF 10-ADP|på|9|OO	2
Wiki_Vader.202	2-AUX|är|0|--	1
Wiki_Vader.203	5-ADP|på|4|MD	1
Wiki_Vader.203	15-ADP|i|14|RA	1
Wiki_Vader.203	12-SCONJ|som|10|MD	1
Wiki_Vader.203	9-ADP|på|8|RA	1
Wiki_Vader.204	11-SCONJ|än|10|JF	1
Wiki_Vader.204	9-ADP|på|8|MD	1
Wiki_AlexanderFleming.2	5-ADP|av|2|MD	1
Wiki_AlexanderFleming.3	17-ADP|i|15|MD	1
Wiki_AlexanderFleming.3	14-ADP|i|13|MD	1
Wiki_AlexanderFleming.3	9-ADP|på|5|RA	1
Wiki_AlexanderFleming.3	24-ADP|i|20|RA	1
Wiki_AlexanderFleming.3	27-AUX|var|0|--	1
Wiki_AlexanderFleming.4	4-ADP|för|3|OA 5-SCONJ|att|4|OO 7-AUX|ha|5|OO	3
Wiki_AlexanderFleming.4	2-AUX|är|0|--	1
Wiki_AlexanderFleming.5	6-ADP|med|3|MD	1
Wiki_AlexanderFleming.5	15-ADP|i|14|MD	1
Wiki_AlexanderFleming.6	5-ADP|från|7|MD	1
Wiki_AlexanderFleming.6	8-ADP|med|7|MD 9-PART|att|8|OO	2
Wiki_AlexanderFleming.6	3-AUX|hade|0|--	1
Wiki_AlexanderFleming.8	13-ADP|vid|9|MD	1
Wiki_AlexanderFleming.8	7-ADP|vid|5|RA	1
Wiki_AlexanderFleming.8	1-ADP|Efter|17|MD 2-SCONJ|att|1|OO 4-AUX|ha|2|OO	3
Wiki_AlexanderFleming.8	31-ADP|för|30|OA	1
Wiki_AlexanderFleming.8	27-SCONJ|som|26|MD 29-AUX|var|27|OO	2
Wiki_AlexanderFleming.8	21-ADP|för|20|MD 22-PART|att|21|OO	2
Wiki_AlexanderFleming.9	3-ADP|under|2|MD	1
Wiki_AlexanderFleming.9	6-ADP|i|2|OA	1
Wiki_AlexanderFleming.10	14-ADP|om|13|MD	1
Wiki_AlexanderFleming.10	18-ADP|i|17|MD	1
Wiki_AlexanderFleming.10	11-SCONJ|där|7|MD	1
Wiki_AlexanderFleming.10	5-ADP|till|3|RA	1
Wiki_AlexanderFleming.11	6-ADP|i|5|MD	1
Wiki_AlexanderFleming.11	14-ADP|till|12|MD	1
Wiki_AlexanderFleming.12	17-ADP|från|16|MD	1
Wiki_AlexanderFleming.12	13-ADP|i|12|OA	1
Wiki_AlexanderFleming.12	11-SCONJ|som|10|MD	1
Wiki_AlexanderFleming.14	3-ADP|genom|2|OA	1
Wiki_AlexanderFleming.14	15-ADP|på|14|OA	1
Wiki_AlexanderFleming.14	6-SCONJ|eftersom|2|MD	1
Wiki_AlexanderFleming.15	2-ADP|i|1|MD	1
Wiki_AlexanderFleming.15	15-ADP|under|14|MD	1
Wiki_AlexanderFleming.15	7-AUX|var|5|OO	1
Wiki_AlexanderFleming.15	29-ADP|i|24|MD	1
Wiki_AlexanderFleming.16	8-ADP|från|6|MD	1
Wiki_AlexanderFleming.16	12-SCONJ|att|2|OO	1
Wiki_AlexanderFleming.18	8-ADP|på|7|MD	1
Wiki_AlexanderFleming.18	6-PART|att|3|IV	1
Wiki_AlexanderFleming.20	12-ADP|på|11|MD	1
Wiki_AlexanderFleming.20	7-ADP|efter|6|MD 8-SCONJ|att|7|OO	2
Wiki_AlexanderFleming.20	19-ADP|med|15|MD	1
Wiki_AlexanderFleming.21	4-ADP|i|2|MD	1
Wiki_AlexanderFleming.22	24-ADP|till|27|MD	1
Wiki_AlexanderFleming.22	23-SCONJ|som|3|AN	1
Wiki_AlexanderFleming.22	6-ADP|av|5|MD	1
Wiki_AlexanderFleming.22	10-ADP|bland|9|MD	1
Wiki_AlexanderFleming.22	8-ADP|genom|5|MD	1
Wiki_AlexanderFleming.22	14-ADP|vid|13|MD	1
Wiki_AlexanderFleming.22	18-ADP|till|13|MD	1
Wiki_MiominMio.2	10-ADP|av|9|MD	1
Wiki_MiominMio.2	27-ADP|i|26|MD	1
Wiki_MiominMio.2	25-ADP|i|24|RA	1
Wiki_MiominMio.2	31-ADP|i|30|OA	1
Wiki_MiominMio.2	40-SCONJ|som|38|MD 41-AUX|är|40|OO	2
Wiki_MiominMio.2	33-PART|att|30|OO	1
Wiki_MiominMio.2	19-SCONJ|som|17|MD	1
Wiki_MiominMio.2	15-ADP|om|14|OA	1
Wiki_MiominMio.2	13-SCONJ|som|9|MD	1
Wiki_MiominMio.2	5-AUX|är|0|--	1
Wiki_MiominMio.5	11-ADP|i|10|MD	1
Wiki_MiominMio.5	9-ADP|på|8|RA	1
Wiki_MiominMio.5	13-ADP|hos|8|RA	1
Wiki_MiominMio.6	4-AUX|får|0|-- 1-ADP|Av|4|MD	2
Wiki_MiominMio.6	12-SCONJ|att|11|OO 14-AUX|är|12|OO	2
Wiki_MiominMio.6	7-SCONJ|att|6|OO	1
Wiki_MiominMio.7	17-ADP|med|16|MD	1
Wiki_MiominMio.7	13-SCONJ|som|11|MD	1
Wiki_MiominMio.7	9-SCONJ|som|7|JF	1
Wiki_MiominMio.7	3-SCONJ|att|2|OO	1
Wiki_MiominMio.8	7-AUX|var|5|OO	1
Wiki_MiominMio.8	16-AUX|var|4|conj	1
Wiki_MiominMio.9	6-ADP|i|5|MD	1
Wiki_MiominMio.9	9-ADP|av|8|AG	1
Wiki_MiominMio.9	14-PART|att|8|MD	1
Wiki_MiominMio.9	2-AUX|blir|0|--	1
Wiki_MiominMio.11	9-ADP|på|8|RA	1
Wiki_MiominMio.11	7-PART|att|6|MD	1
Wiki_MiominMio.12	8-ADP|i|7|MD	1
Wiki_MiominMio.12	5-ADP|till|4|OA	1
Wiki_MiominMio.12	2-AUX|är|0|--	1
Wiki_MiominMio.13	3-ADP|genom|2|MD	1
Wiki_MiominMio.13	11-ADP|i|10|RA	1
Wiki_MiominMio.15	10-ADP|på|9|RA	1
Wiki_MiominMio.15	12-AUX|har|2|conj	1
Wiki_MiominMio.16	13-ADP|till|11|OA	1
Wiki_MiominMio.16	7-ADP|i|6|MD 9-SCONJ|där|7|MD	2
Wiki_MiominMio.16	4-ADP|på|2|RA	1
Wiki_MiominMio.17	4-SCONJ|som|3|MD	1
Wiki_MiominMio.17	8-ADP|i|7|MD	1
Wiki_MiominMio.17	19-AUX|vara|16|OP	1
Wiki_MiominMio.18	5-AUX|vill|3|OO 7-ADP|i|5|MD	2
Wiki_MiominMio.19	8-ADP|i|7|MD	1
Wiki_MiominMio.19	6-ADP|till|3|RA	1
Wiki_MiominMio.20	6-ADP|på|5|OA	1
Wiki_MiominMio.20	4-SCONJ|som|3|MD	1
Wiki_MiominMio.21	21-ADP|för|20|OA 22-PART|att|21|OO	2
Wiki_MiominMio.21	18-SCONJ|som|17|MD	1
Wiki_MiominMio.21	16-AUX|är|11|OO	1
Wiki_MiominMio.22	6-ADP|i|3|RA	1
Wiki_MiominMio.22	11-ADP|till|10|RA	1
Wiki_MiominMio.23	4-ADP|förbi|2|RA	1
Wiki_MiominMio.23	17-ADP|i|16|MD	1
Wiki_MiominMio.23	6-SCONJ|tills|2|MD 10-AUX|kan|6|OO	2
Wiki_MiominMio.24	2-ADP|vid|1|MD	1
Wiki_MiominMio.24	7-SCONJ|som|6|MD	1
Wiki_MiominMio.24	21-ADP|i|20|MD	1
Wiki_MiominMio.24	18-SCONJ|som|16|MD 19-AUX|är|18|OO	2
Wiki_MiominMio.25	5-ADP|efter|4|OA	1
Wiki_MiominMio.25	7-ADP|i|4|MD	1
Wiki_MiominMio.25	3-AUX|hade|0|--	1
Wiki_MiominMio.27	13-ADP|till|12|MD	1
Wiki_MiominMio.28	1-ADP|Av|3|OA	1
Wiki_MiominMio.28	18-ADP|för|15|MD 19-PART|att|18|OO	2
Wiki_MiominMio.29	6-ADP|med|5|MD	1
Wiki_MiominMio.29	2-AUX|är|0|--	1
Wiki_MiominMio.30	10-ADP|på|9|OA	1
Wiki_MiominMio.30	12-ADP|för|9|OA	1
Wiki_MiominMio.30	8-SCONJ|som|4|MD	1
Wiki_MiominMio.31	5-ADP|vid|2|RA	1
Wiki_MiominMio.31	12-ADP|åt|10|MD	1
Wiki_MiominMio.32	1-ADP|Från|5|RA	1
Wiki_MiominMio.32	11-ADP|på|10|MD	1
Wiki_MiominMio.32	9-ADP|till|5|RA	1
Wiki_MiominMio.33	10-ADP|av|9|MD	1
Wiki_MiominMio.33	8-ADP|på|5|MD	1
Wiki_MiominMio.33	3-SCONJ|att|2|OO	1
Wiki_MiominMio.34	14-ADP|av|12|MD	1
Wiki_MiominMio.35	6-ADP|till|3|RA	1
Wiki_MiominMio.35	14-ADP|till|13|MD	1
Wiki_MiominMio.35	18-ADP|på|17|OA	1
Wiki_MiominMio.36	10-SCONJ|som|9|MD	1
Wiki_MiominMio.36	15-SCONJ|som|14|MD	1
Wiki_MiominMio.36	8-ADP|på|7|OA	1
Wiki_MiominMio.36	6-SCONJ|som|5|MD	1
Wiki_MiominMio.37	3-SCONJ|att|2|OO 6-AUX|har|3|OO	2
Wiki_MiominMio.38	5-ADP|till|2|OA	1
Wiki_MiominMio.38	15-ADP|under|13|RA	1
Wiki_MiominMio.38	18-ADP|med|17|MD	1
Wiki_MiominMio.38	10-SCONJ|att|9|MD 12-AUX|kan|10|OO	2
Wiki_MiominMio.39	15-ADP|på|14|MD	1
Wiki_MiominMio.39	13-ADP|till|12|MD	1
Wiki_MiominMio.39	8-PART|att|3|IV 9-AUX|få|8|OO	2
Wiki_MiominMio.40	12-SCONJ|där|10|MD	1
Wiki_MiominMio.40	9-ADP|för|7|OA	1
Wiki_MiominMio.40	6-AUX|vill|2|conj	1
Wiki_MiominMio.41	5-ADP|över|3|RA	1
Wiki_MiominMio.41	8-ADP|på|11|RA	1
Wiki_MiominMio.43	7-ADP|i|3|RA	1
Wiki_MiominMio.43	11-SCONJ|att|9|OO 13-AUX|är|11|OO	2
Wiki_MiominMio.44	5-AUX|har|0|--	1
Wiki_MiominMio.45	12-ADP|om|11|MD	1
Wiki_MiominMio.45	10-SCONJ|som|9|MD	1
Wiki_MiominMio.45	8-ADP|vid|4|RA	1
Wiki_MiominMio.46	3-AUX|har|1|OO	1
Wiki_MiominMio.46	11-AUX|måste|5|conj	1
Wiki_MiominMio.47	3-AUX|har|0|--	1
Wiki_MiominMio.48	3-ADP|genom|2|RA	1
Wiki_MiominMio.49	13-ADP|i|12|OO	1
Wiki_MiominMio.49	8-SCONJ|som|7|MD	1
Wiki_MiominMio.49	21-ADP|av|20|MD	1
Wiki_MiominMio.49	24-ADP|ur|20|MD 25-ADP|Bland|24|OO	2
Wiki_MiominMio.49	18-ADP|till|17|MD	1
Wiki_MiominMio.50	11-ADP|till|10|RA	1
Wiki_MiominMio.50	8-PART|att|7|MD 9-AUX|få|8|OO	2
Wiki_MiominMio.50	6-ADP|om|2|OA	1
Wiki_MiominMio.51	9-SCONJ|som|6|MD 10-SCONJ|om|9|OO 14-AUX|var|10|OO	3
Wiki_MiominMio.52	2-ADP|med|1|MD	1
Wiki_MiominMio.52	6-ADP|på|4|RA	1
Wiki_MiominMio.52	10-ADP|bortom|9|MD	1
Wiki_MiominMio.52	8-ADP|till|4|RA	1
Wiki_MiominMio.53	1-ADP|Bortom|3|RA	1
Wiki_MiominMio.54	1-ADP|I|3|RA	1
Wiki_MiominMio.54	18-ADP|i|15|MD	1
Wiki_MiominMio.54	12-ADP|till|10|RA	1
Wiki_MiominMio.54	9-SCONJ|som|8|MD	1
Wiki_MiominMio.54	5-ADP|av|3|OA	1
Wiki_MiominMio.55	6-SCONJ|som|5|MD	1
Wiki_MiominMio.56	11-ADP|av|9|OA	1
Wiki_MiominMio.56	3-SCONJ|att|2|OO 8-AUX|har|3|OO	2
Wiki_MiominMio.57	7-ADP|till|6|RA	1
Wiki_MiominMio.57	4-ADP|för|2|OA 5-PART|att|4|OO	2
Wiki_MiominMio.58	22-ADP|i|21|MD	1
Wiki_MiominMio.58	30-ADP|mot|27|RA	1
Wiki_MiominMio.58	24-SCONJ|att|21|OO 26-AUX|skulle|24|OO	2
Wiki_MiominMio.58	11-SCONJ|liksom|8|MD	1
Wiki_MiominMio.58	5-SCONJ|att|3|OO	1
Wiki_MiominMio.59	5-ADP|med|2|OA	1
Wiki_MiominMio.59	11-PART|att|10|MD	1
Wiki_MiominMio.59	17-ADP|på|16|MD	1
Wiki_MiominMio.59	15-PART|att|14|MD	1
Wiki_MiominMio.59	19-SCONJ|innan|8|MD	1
Wiki_MiominMio.61	6-ADP|till|3|OA	1
Wiki_MiominMio.61	12-ADP|över|14|RA	1
Wiki_MiominMio.61	17-SCONJ|som|16|MD	1
Wiki_MiominMio.62	4-ADP|på|3|MD	1
Wiki_MiominMio.62	1-ADP|På|8|RA	1
Wiki_MiominMio.62	15-ADP|ur|18|RA	1
Wiki_MiominMio.63	2-AUX|är|0|--	1
Wiki_MiominMio.64	5-SCONJ|som|4|MD	1
Wiki_MiominMio.66	15-SCONJ|som|14|MD	1
Wiki_MiominMio.66	11-ADP|för|9|OA	1
Wiki_MiominMio.67	9-ADP|över|8|RA	1
Wiki_MiominMio.67	7-SCONJ|som|6|MD	1
Wiki_MiominMio.67	3-SCONJ|att|2|OO 11-AUX|är|3|OO	2
Wiki_MiominMio.68	8-ADP|mot|7|OA	1
Wiki_MiominMio.68	5-ADP|för|2|MD 6-PART|att|5|OO	2
Wiki_MiominMio.68	19-ADP|på|18|MD	1
Wiki_MiominMio.68	17-ADP|till|16|RA	1
Wiki_MiominMio.68	15-PART|att|13|OO	1
Wiki_MiominMio.69	1-ADP|I|4|RA	1
Wiki_MiominMio.69	8-ADP|efter|4|OA	1
Wiki_MiominMio.69	14-ADP|med|16|MD	1
Wiki_MiominMio.69	32-ADP|i|31|MD	1
Wiki_MiominMio.69	36-ADP|på|35|MD	1
Wiki_MiominMio.69	21-SCONJ|att|19|JF	1
Wiki_MiominMio.70	1-ADP|Till|3|MD	1
Wiki_MiominMio.70	17-ADP|av|16|MD	1
Wiki_MiominMio.70	15-ADP|med|13|OA	1
Wiki_MiominMio.70	9-SCONJ|där|8|MD 12-AUX|har|9|OO	2
Wiki_MiominMio.71	4-SCONJ|som|3|MD 5-AUX|kan|4|OO	2
Wiki_MiominMio.71	16-AUX|har|28|OO 11-ADP|I|16|MD	2
Wiki_MiominMio.71	25-ADP|genom|24|OA	1
Wiki_MiominMio.71	22-SCONJ|som|21|MD 23-AUX|kan|22|OO	2
Wiki_MiominMio.71	19-ADP|på|18|OA	1
Wiki_MiominMio.72	4-PART|att|3|MD	1
Wiki_MiominMio.72	15-ADP|av|14|MD	1
Wiki_MiominMio.72	12-ADP|mot|11|MD	1
Wiki_MiominMio.72	8-AUX|är|0|--	1
Wiki_MiominMio.73	10-ADP|av|9|MD	1
Wiki_MiominMio.73	18-ADP|på|17|MD	1
Wiki_MiominMio.73	16-ADP|ur|14|RA	1
Wiki_MiominMio.73	12-SCONJ|som|9|MD	1
Wiki_MiominMio.73	4-SCONJ|att|2|OO	1
Wiki_MiominMio.74	6-ADP|i|5|RA	1
Wiki_MiominMio.74	3-SCONJ|som|2|MD 4-AUX|ska|3|OO	2
Wiki_MiominMio.74	13-ADP|av|12|MD	1
Wiki_MiominMio.74	9-AUX|måste|0|-- 17-AUX|har|9|parataxis	2
Wiki_MiominMio.75	15-SCONJ|där|14|MD	1
Wiki_MiominMio.75	13-ADP|till|12|MD	1
Wiki_MiominMio.75	9-ADP|uppför|8|RA	1
Wiki_MiominMio.76	3-ADP|på|2|MD	1
Wiki_MiominMio.77	2-ADP|från|1|MD	1
Wiki_MiominMio.77	5-SCONJ|att|1|MD 7-AUX|måste|5|OO	2
Wiki_MiominMio.78	5-PART|att|4|OO	1
Wiki_MiominMio.78	14-ADP|av|13|MD	1
Wiki_MiominMio.78	21-ADP|i|18|RA	1
Wiki_MiominMio.78	26-SCONJ|att|25|MD 30-AUX|kan|26|OO	2
Wiki_MiominMio.78	11-ADP|av|9|OA 12-SCONJ|att|11|OO	2
Wiki_MiominMio.79	4-ADP|uppför|3|RA	1
Wiki_MiominMio.80	14-ADP|om|13|MD	1
Wiki_MiominMio.80	10-ADP|med|9|MD	1
Wiki_MiominMio.81	9-SCONJ|som|5|MD	1
Wiki_MiominMio.82	5-SCONJ|att|3|OO 8-AUX|är|5|OO	2
Wiki_MiominMio.83	5-ADP|till|4|RA	1
Wiki_MiominMio.84	7-ADP|genom|6|OO	1
Wiki_MiominMio.84	4-SCONJ|som|3|MD 5-AUX|kan|4|OO	2
Wiki_MiominMio.84	13-ADP|genom|12|MD	1
Wiki_MiominMio.84	16-ADP|i|15|MD	1
Wiki_MiominMio.85	3-AUX|vara|2|IV	1
Wiki_MiominMio.85	10-ADP|i|9|MD	1
Wiki_MiominMio.85	12-SCONJ|att|8|OO 14-AUX|skulle|12|OO	2
Wiki_MiominMio.86	9-ADP|i|8|RA	1
Wiki_MiominMio.86	14-AUX|få|8|conj	1
Wiki_MiominMio.86	3-SCONJ|att|2|OO 7-AUX|ska|3|OO	2
Wiki_MiominMio.86	21-ADP|i|19|RA	1
Wiki_MiominMio.86	28-ADP|på|27|RA	1
Wiki_MiominMio.86	30-ADP|med|27|MD	1
Wiki_MiominMio.87	5-ADP|med|4|MD	1
Wiki_MiominMio.87	3-ADP|i|1|RA	1
Wiki_MiominMio.88	4-ADP|på|1|OA	1
Wiki_MiominMio.88	6-ADP|utanför|1|RA	1
Wiki_MiominMio.88	14-ADP|på|9|OA	1
Wiki_MiominMio.88	23-ADP|mellan|22|MD	1
Wiki_MiominMio.88	16-ADP|i|9|RA	1
Wiki_MiominMio.89	1-ADP|Vid|3|MD	1
Wiki_MiominMio.89	8-SCONJ|som|4|MD	1
Wiki_MiominMio.90	3-AUX|blir|0|--	1
Wiki_MiominMio.91	9-ADP|på|8|OA	1
Wiki_MiominMio.92	1-ADP|I|3|RA	1
Wiki_MiominMio.92	13-ADP|i|11|RA	1
Wiki_MiominMio.92	20-SCONJ|som|19|MD	1
Wiki_MiominMio.92	18-ADP|med|17|OA	1
Wiki_MiominMio.92	15-AUX|är|3|conj	1
Wiki_MiominMio.93	5-ADP|omkring|2|RA	1
Wiki_MiominMio.93	10-SCONJ|att|9|OO 13-AUX|har|10|OO	2
Wiki_MiominMio.94	3-AUX|är|0|--	1
Wiki_MiominMio.96	2-ADP|av|1|OA	1
Wiki_MiominMio.96	9-ADP|från|8|MD	1
Wiki_MiominMio.96	12-ADP|förbi|5|RA	1
Wiki_MiominMio.97	5-AUX|får|0|-- 1-ADP|I|5|RA	2
Wiki_MiominMio.97	8-ADP|med|7|OA	1
Wiki_MiominMio.97	10-ADP|mot|7|OA	1
Wiki_MiominMio.97	12-ADP|i|7|MD	1
Wiki_MiominMio.98	1-ADP|Till|3|MD	1
Wiki_MiominMio.98	6-ADP|ur|3|RA	1
Wiki_MiominMio.99	13-ADP|på|12|RA	1
Wiki_MiominMio.99	10-SCONJ|att|8|OO	1
Wiki_MiominMio.99	26-ADP|av|25|MD	1
Wiki_MiominMio.99	23-ADP|genom|21|RA	1
Wiki_MiominMio.99	19-SCONJ|att|17|OO	1
Wiki_MiominMio.100	2-AUX|har|0|--	1
Wiki_MiominMio.101	1-ADP|Efter|5|MD	1
Wiki_MiominMio.101	11-ADP|av|5|OA	1
Wiki_MiominMio.102	1-ADP|Utanför|3|MD	1
Wiki_MiominMio.102	15-ADP|av|14|OA	1
Wiki_MiominMio.102	13-AUX|har|3|conj	1
Wiki_MiominMio.103	6-ADP|på|4|RA	1
Wiki_MiominMio.103	8-ADP|mot|4|RA	1
Wiki_MiominMio.104	8-ADP|till|6|OA	1
Wiki_MiominMio.104	4-AUX|har|0|--	1
Wiki_MiominMio.105	7-ADP|vid|5|RA	1
Wiki_MiominMio.105	17-ADP|i|15|RA	1
Wiki_MiominMio.105	14-SCONJ|som|13|MD	1
Wiki_MiominMio.105	11-AUX|var|5|parataxis	1
Wiki_MiominMio.106	7-ADP|runt|4|RA	1
Wiki_MiominMio.106	11-ADP|till|9|PL	1
Wiki_MiominMio.107	1-ADP|I|4|MD	1
Wiki_MiominMio.107	6-PART|att|4|IV	1
Wiki_MiominMio.108	1-ADP|I|4|RA	1
Wiki_MiominMio.108	18-ADP|över|17|MD	1
Wiki_MiominMio.108	21-ADP|till|17|MD	1
Wiki_MiominMio.108	16-ADP|av|15|MD	1
Wiki_MiominMio.108	11-SCONJ|som|10|MD	1
Wiki_MiominMio.108	6-ADP|av|4|OA	1
Wiki_MiominMio.109	1-ADP|I|3|RA	1
Wiki_MiominMio.109	11-ADP|i|9|RA	1
Wiki_MiominMio.111	10-ADP|från|8|MD	1
Wiki_MiominMio.111	14-ADP|i|13|MD	1
Wiki_MiominMio.111	4-ADP|om|3|MD	1
Wiki_MiominMio.111	17-AUX|har|0|-- 1-ADP|I|17|MD	2
Wiki_MiominMio.111	25-ADP|om|24|MD	1
Wiki_MiominMio.111	30-ADP|om|29|MD	1
Wiki_MiominMio.112	5-ADP|i|2|MD	1
Wiki_MiominMio.112	11-ADP|av|10|AG	1
Wiki_MiominMio.113	18-ADP|över|10|MD	1
Wiki_MiominMio.113	9-SCONJ|som|7|MD	1
Wiki_MiominMio.113	3-ADP|om|2|OA	1
Wiki_MiominMio.114	5-ADP|utanför|4|RA	1
Wiki_MiominMio.114	11-SCONJ|att|10|OO 17-AUX|ska|11|OO	2
Wiki_MiominMio.114	7-SCONJ|eftersom|4|MD 9-AUX|är|7|OO	2
Wiki_MiominMio.114	2-AUX|får|0|--	1
Wiki_MiominMio.115	3-AUX|får|0|-- 1-ADP|Utanför|3|RA	2
Wiki_MiominMio.117	5-AUX|vara|3|IV	1
Wiki_MiominMio.117	13-ADP|i|12|RA	1
Wiki_MiominMio.117	22-ADP|till|20|RA	1
Wiki_MiominMio.117	19-SCONJ|som|18|MD	1
Wiki_MiominMio.117	15-ADP|av|12|AG	1
Wiki_MiominMio.117	10-AUX|blir|3|parataxis	1
Wiki_MiominMio.118	6-ADP|på|5|MD	1
Wiki_MiominMio.118	8-AUX|kan|0|--	1
Wiki_MiominMio.119	1-ADP|Om|4|OA	1
Wiki_MiominMio.119	12-AUX|vare|9|MD	1
Wiki_MiominMio.119	19-ADP|för|18|OA	1
Wiki_MiominMio.119	22-ADP|om|21|MD	1
Wiki_MiominMio.119	36-SCONJ|som|35|MD 40-AUX|har|36|OO	2
Wiki_MiominMio.119	33-ADP|i|29|OA	1
Wiki_MiominMio.120	5-ADP|sedan|6|MD	1
Wiki_MiominMio.120	10-AUX|var|0|-- 1-ADP|I|10|SP	2
Wiki_MiominMio.120	10-AUX|var|0|-- 1-ADP|I|10|SP 12-SCONJ|som|10|EF	3
Wiki_MiominMio.121	2-ADP|mellan|1|MD	1
Wiki_MiominMio.121	18-ADP|på|17|MD	1
Wiki_MiominMio.121	24-ADP|i|23|MD	1
Wiki_MiominMio.121	31-ADP|i|26|MD	1
Wiki_MiominMio.121	6-AUX|är|0|--	1
Wiki_MiominMio.122	4-ADP|i|3|MD	1
Wiki_MiominMio.122	10-ADP|i|9|MD	1
Wiki_MiominMio.123	27-ADP|i|26|MD	1
Wiki_MiominMio.123	31-ADP|om|30|MD	1
Wiki_MiominMio.123	18-ADP|bakom|13|MD	1
Wiki_MiominMio.124	1-ADP|I|6|MD	1
Wiki_MiominMio.124	8-ADP|I|7|AN	1
Wiki_MiominMio.124	17-ADP|i|16|MD	1
Wiki_MiominMio.124	10-SCONJ|där|7|MD	1
Wiki_MiominMio.125	6-AUX|har|0|-- 1-ADP|I|6|MD	2
Wiki_MiominMio.125	13-ADP|till|12|MD	1
Wiki_MiominMio.125	18-ADP|genom|17|RA	1
Wiki_MiominMio.125	31-ADP|på|28|RA	1
Wiki_MiominMio.125	9-SCONJ|att|8|OO	1
Wiki_MiominMio.126	2-AUX|var|0|--	1
Wiki_MiominMio.127	7-ADP|på|6|RA	1
Wiki_MiominMio.127	21-ADP|i|19|RA	1
Wiki_MiominMio.127	14-ADP|på|12|OA 15-SCONJ|att|14|OO	2
Wiki_MiominMio.127	2-SCONJ|att|0|--	1
Wiki_MiominMio.128	3-AUX|har|0|-- 1-ADP|Sen|3|MD	2
Wiki_MiominMio.129	2-AUX|är|0|--	1
Wiki_MiominMio.131	1-ADP|I|5|MD	1
Wiki_MiominMio.131	7-ADP|av|5|AG	1
Wiki_MiominMio.132	11-SCONJ|om|10|OA	1
Wiki_MiominMio.132	8-ADP|för|2|MD 9-PART|att|8|OO	2
Wiki_MiominMio.133	2-AUX|fick|0|--	1
Wiki_MiominMio.134	9-SCONJ|som|8|MD 10-AUX|kunde|9|OO	2
Wiki_MiominMio.134	3-SCONJ|att|2|OO 6-AUX|var|3|OO	2
Wiki_MiominMio.134	21-ADP|ur|20|MD	1
Wiki_MiominMio.134	15-ADP|efter|23|MD 16-PART|att|15|OO 17-AUX|ha|16|OO	3
Wiki_MiominMio.136	2-AUX|är|0|--	1
Wiki_MiominMio.137	6-ADP|till|5|OA	1
Wiki_MiominMio.137	8-ADP|med|5|MD	1
Wiki_MiominMio.137	2-AUX|kom|0|-- 4-PART|att|2|IV	2
Wiki_MiominMio.138	4-AUX|är|0|-- 9-ADP|genom|4|MD 7-ADP|till|9|MD	3
Wiki_MiominMio.138	21-ADP|bortom|20|MD	1
Wiki_MiominMio.138	11-SCONJ|som|10|MD	1
Wiki_MiominMio.138	25-SCONJ|som|24|MD	1
Wiki_MiominMio.139	3-ADP|genom|2|MD	1
Wiki_MiominMio.139	7-SCONJ|än|6|JF	1
Wiki_MiominMio.140	7-SCONJ|som|6|MD	1
Wiki_MiominMio.140	18-SCONJ|som|17|MD	1
Wiki_MiominMio.140	25-SCONJ|som|24|MD	1
Wiki_MiominMio.141	1-ADP|I|4|MD	1
Wiki_MiominMio.141	11-SCONJ|Om|19|OO 14-AUX|vore|11|OO	2
Wiki_MiominMio.142	1-SCONJ|Om|0|-- 4-AUX|vore|1|OO	2
Wiki_MiominMio.143	1-ADP|I|3|MD	1
Wiki_MiominMio.143	26-SCONJ|som|25|MD	1
Wiki_MiominMio.143	10-SCONJ|som|9|MD	1
Wiki_MiominMio.143	7-ADP|till|6|MD	1
Wiki_MiominMio.143	34-SCONJ|som|33|MD	1
Wiki_MiominMio.143	32-ADP|I|39|DF	1
Wiki_MiominMio.143	42-ADP|med|39|MD	1
Wiki_MiominMio.144	3-SCONJ|att|2|MD 5-AUX|ska|3|OO	2
Wiki_MiominMio.144	10-ADP|om|9|OA	1
Wiki_MiominMio.144	19-ADP|i|16|RA	1
Wiki_MiominMio.144	22-ADP|På|16|OA	1
Wiki_MiominMio.145	3-ADP|för|2|OA	1
Wiki_MiominMio.147	8-AUX|är|0|-- 2-SCONJ|som|8|MD 3-ADP|i|2|OO	3
Wiki_MiominMio.147	14-ADP|i|13|OA	1
Wiki_MiominMio.147	22-ADP|till|21|MD	1
Wiki_MiominMio.147	8-AUX|är|0|-- 2-SCONJ|som|8|MD 3-ADP|i|2|OO 26-AUX|är|8|parataxis	4
Wiki_MiominMio.148	5-AUX|är|0|-- 1-ADP|I|5|MD	2
Wiki_MiominMio.149	3-ADP|från|2|MD	1
Wiki_MiominMio.149	1-ADP|Till|6|MD	1
Wiki_MiominMio.149	16-ADP|i|19|RA	1
Wiki_MiominMio.150	5-ADP|av|4|OA	1
Wiki_MiominMio.152	10-ADP|med|9|OA	1
Wiki_MiominMio.152	7-AUX|blev|0|--	1
Wiki_MiominMio.153	1-ADP|Under|7|MD	1
Wiki_MiominMio.153	14-ADP|med|7|OA	1
Wiki_MiominMio.153	25-ADP|med|23|MD	1
Wiki_MiominMio.153	21-AUX|är|17|OO	1
Wiki_MiominMio.154	12-SCONJ|som|11|MD	1
Wiki_MiominMio.154	5-SCONJ|att|4|OO 7-AUX|var|5|OO	2
Wiki_MiominMio.154	38-ADP|till|37|MD	1
Wiki_MiominMio.156	11-ADP|mellan|10|MD	1
Wiki_MiominMio.156	8-ADP|genom|6|MD	1
Wiki_MiominMio.156	4-ADP|på|3|MD 5-PART|att|4|OO	2
Wiki_MiominMio.157	9-ADP|i|11|MD	1
Wiki_MiominMio.157	8-SCONJ|som|6|MD	1
Wiki_MiominMio.158	1-ADP|I|3|MD	1
Wiki_MiominMio.158	7-SCONJ|som|6|MD	1
Wiki_MiominMio.159	2-SCONJ|om|9|MD	1
Wiki_MiominMio.160	15-ADP|i|20|MD	1
Wiki_MiominMio.160	13-ADP|på|12|OA	1
Wiki_MiominMio.160	10-SCONJ|som|9|MD	1
Wiki_MiominMio.162	9-ADP|av|8|MD	1
Wiki_MiominMio.162	5-ADP|av|4|MD	1
Wiki_MiominMio.163	1-ADP|I|5|RA 2-ADP|till|1|MD	2
Wiki_MiominMio.163	9-ADP|från|5|OA	1
Wiki_MiominMio.163	11-ADP|till|5|OA	1
Wiki_MiominMio.163	15-ADP|utan|5|MD 16-SCONJ|att|15|OO	2
Wiki_MiominMio.165	11-ADP|på|10|MD	1
Wiki_MiominMio.165	16-ADP|på|10|conj	1
Wiki_MiominMio.166	5-ADP|på|4|MD	1
Wiki_MiominMio.166	10-ADP|på|7|MD	1
Wiki_Jonssonligan.2	9-ADP|med|8|MD	1
Wiki_Jonssonligan.2	12-ADP|i|8|MD	1
Wiki_Jonssonligan.2	2-AUX|är|0|--	1
Wiki_Jonssonligan.3	10-ADP|om|9|MD	1
Wiki_Jonssonligan.3	15-ADP|om|14|MD	1
Wiki_Jonssonligan.3	2-AUX|har|0|--	1
Wiki_Jonssonligan.4	5-ADP|av|4|AG	1
Wiki_Jonssonligan.4	3-AUX|är|0|--	1
Wiki_Jonssonligan.5	7-ADP|av|6|MD	1
Wiki_Jonssonligan.5	2-AUX|är|0|--	1
Wiki_Jonssonligan.6	15-ADP|för|14|MD	1
Wiki_Jonssonligan.6	2-AUX|har|0|--	1
Wiki_Jonssonligan.7	6-ADP|i|5|MD	1
Wiki_Jonssonligan.7	3-ADP|med|2|MD	1
Wiki_Jonssonligan.9	9-ADP|för|8|MD	1
Wiki_Jonssonligan.9	3-ADP|i|2|MD	1
Wiki_Jonssonligan.9	12-ADP|av|2|OA	1
Wiki_Jonssonligan.10	1-ADP|I|10|MD	1
Wiki_Jonssonligan.10	22-ADP|i|21|MD	1
Wiki_Jonssonligan.10	19-SCONJ|som|10|MD	1
Wiki_Jonssonligan.11	9-AUX|har|0|-- 1-ADP|Till|9|MD	2
Wiki_Jonssonligan.11	17-ADP|i|14|MD	1
Wiki_Jonssonligan.11	13-SCONJ|som|11|MD	1
Wiki_Jonssonligan.12	6-ADP|i|2|RA	1
Wiki_Jonssonligan.13	10-ADP|av|8|MD	1
Wiki_Jonssonligan.13	5-ADP|i|2|MD	1
Wiki_Jonssonligan.14	2-ADP|för|1|MD	1
Wiki_Jonssonligan.14	26-SCONJ|som|21|MD 28-AUX|är|26|OO	2
Wiki_Jonssonligan.14	19-SCONJ|som|18|MD	1
Wiki_Jonssonligan.14	23-ADP|i|18|MD	1
Wiki_Jonssonligan.14	16-ADP|av|15|AG	1
Wiki_Jonssonligan.14	13-SCONJ|som|12|MD 14-AUX|är|13|OO	2
Wiki_Jonssonligan.14	5-AUX|är|0|--	1
Wiki_Jonssonligan.15	19-ADP|i|18|OA	1
Wiki_Jonssonligan.15	17-AUX|vara|15|IV	1
Wiki_Jonssonligan.17	28-SCONJ|som|27|MD	1
Wiki_Jonssonligan.17	4-AUX|är|0|--	1
Wiki_Jonssonligan.18	7-ADP|på|6|MD	1
Wiki_Jonssonligan.18	5-AUX|var|0|--	1
Wiki_Jonssonligan.19	1-ADP|Inför|10|MD	1
Wiki_Jonssonligan.19	17-SCONJ|som|16|MD	1
Wiki_Jonssonligan.19	13-SCONJ|att|10|IV	1
Wiki_Jonssonligan.19	25-SCONJ|som|24|MD	1
Wiki_Jonssonligan.19	35-SCONJ|som|34|MD	1
Wiki_Jonssonligan.19	32-ADP|om|31|MD	1
Wiki_Jonssonligan.19	28-ADP|i|24|MD	1
Wiki_Jonssonligan.19	20-SCONJ|då|10|MD 22-AUX|hade|20|OO	2
Wiki_Jonssonligan.20	5-AUX|har|0|-- 1-ADP|I|5|RA	2
Wiki_Jonssonligan.20	8-SCONJ|som|7|MD	1
Wiki_Jonssonligan.20	16-ADP|för|15|MD	1
Wiki_Jonssonligan.20	22-ADP|i|27|RA	1
Wiki_Jonssonligan.20	34-ADP|på|33|MD	1
Wiki_Jonssonligan.20	31-ADP|åt|30|OA	1
Wiki_Jonssonligan.20	29-SCONJ|som|28|MD	1
Wiki_Jonssonligan.20	20-SCONJ|som|13|MD	1
Wiki_Jonssonligan.20	11-ADP|av|10|AG	1
Wiki_Jonssonligan.21	1-ADP|I|7|MD	1
Wiki_Jonssonligan.21	11-SCONJ|som|10|MD	1
Wiki_Jonssonligan.22	2-AUX|är|0|-- 3-ADP|till|2|MD	2
Wiki_Jonssonligan.22	18-ADP|av|14|MD	1
Wiki_Jonssonligan.22	31-SCONJ|som|30|MD	1
Wiki_Jonssonligan.22	22-SCONJ|där|11|MD	1
Wiki_Jonssonligan.22	8-ADP|på|7|MD	1
Wiki_Jonssonligan.22	44-ADP|på|43|MD	1
Wiki_Jonssonligan.23	1-ADP|I|5|MD	1
Wiki_Jonssonligan.23	10-ADP|i|5|MD	1
Wiki_Jonssonligan.24	4-ADP|av|2|AG	1
Wiki_Jonssonligan.25	1-ADP|I|7|MD	1
Wiki_Jonssonligan.25	11-SCONJ|som|10|MD	1
Wiki_Jonssonligan.26	20-SCONJ|som|19|MD	1
Wiki_Jonssonligan.26	13-ADP|i|23|MD	1
Wiki_Jonssonligan.26	28-SCONJ|som|25|MD	1
Wiki_Jonssonligan.26	24-ADP|till|23|MD	1
Wiki_Jonssonligan.26	45-ADP|om|44|MD	1
Wiki_Jonssonligan.26	38-SCONJ|om|37|MD 40-AUX|skulle|38|OO	2
Wiki_Jonssonligan.26	34-SCONJ|att|23|OO 36-AUX|kan|34|OO	2
Wiki_Jonssonligan.26	7-SCONJ|som|6|MD	1
Wiki_Jonssonligan.26	3-AUX|är|0|--	1
Wiki_Jonssonligan.28	2-ADP|till|1|MD	1
Wiki_Jonssonligan.28	12-ADP|om|11|MD	1
Wiki_Jonssonligan.28	16-ADP|för|19|MD	1
Wiki_Jonssonligan.28	24-ADP|med|23|MD	1
Wiki_Jonssonligan.28	20-ADP|i|19|MD	1
Wiki_Jonssonligan.28	15-SCONJ|som|11|MD	1
Wiki_Jonssonligan.28	8-ADP|från|7|OA	1
Wiki_Jonssonligan.29	1-ADP|Till|3|MD	1
Wiki_Jonssonligan.29	15-ADP|i|14|MD	1
Wiki_Jonssonligan.29	11-SCONJ|som|7|MD	1
Wiki_Jonssonligan.30	3-AUX|har|0|-- 1-ADP|I|3|RA	2
Wiki_Jonssonligan.30	8-ADP|i|7|MD	1
Wiki_Jonssonligan.31	1-ADP|I|3|RA	1
Wiki_Jonssonligan.31	10-ADP|i|3|conj	1
Wiki_Jonssonligan.32	3-ADP|mellan|2|MD	1
Wiki_Jonssonligan.32	19-ADP|i|18|MD	1
Wiki_Jonssonligan.32	17-ADP|till|16|MD	1
Wiki_Jonssonligan.32	31-ADP|i|25|MD	1
Wiki_Jonssonligan.32	24-ADP|till|23|MD	1
Wiki_Jonssonligan.32	12-AUX|är|0|-- 13-SCONJ|att|12|SP 15-AUX|är|13|OO	3
Wiki_Jonssonligan.34	3-ADP|för|2|MD	1
Wiki_Jonssonligan.34	1-ADP|I|5|MD	1
Wiki_Jonssonligan.34	7-SCONJ|att|5|SB	1
Wiki_Jonssonligan.35	10-ADP|från|9|MD	1
Wiki_Jonssonligan.35	21-ADP|i|20|OA	1
Wiki_Jonssonligan.35	27-ADP|på|24|OA	1
Wiki_Jonssonligan.36	8-ADP|i|7|MD	1
Wiki_Jonssonligan.36	15-ADP|med|11|MD	1
Wiki_Jonssonligan.36	16-ADP|i|11|OA	1
Wiki_Jonssonligan.37	1-ADP|I|4|MD	1
Wiki_Jonssonligan.37	10-ADP|i|4|OA	1
Wiki_Jonssonligan.38	7-ADP|för|6|MD	1
Wiki_Jonssonligan.38	5-ADP|i|3|MD	1
Wiki_Jonssonligan.38	14-ADP|av|13|MD	1
Wiki_Jonssonligan.38	9-AUX|måste|0|--	1
Wiki_Jonssonligan.39	2-DET|en|3|DT	1
Wiki_Jonssonligan.39	4-ADP|om|3|MD	1
Wiki_Jonssonligan.39	13-ADP|för|12|MD	1
Wiki_Jonssonligan.39	11-ADP|i|10|MD	1
Wiki_Jonssonligan.39	9-SCONJ|som|3|MD	1
Wiki_Jonssonligan.39	34-ADP|vid|32|MD	1
Wiki_Jonssonligan.39	25-AUX|är|0|-- 26-SCONJ|att|25|SP	2
Wiki_Jonssonligan.40	1-ADP|I|4|MD	1
Wiki_Jonssonligan.40	16-ADP|med|15|MD	1
Wiki_Jonssonligan.41	11-SCONJ|än|10|JF	1
Wiki_Jonssonligan.41	2-AUX|är|0|-- 6-SCONJ|att|2|ES 8-AUX|är|6|OO	3
Wiki_Jonssonligan.42	11-ADP|av|10|AG	1
Wiki_Jonssonligan.42	2-AUX|är|0|-- 5-SCONJ|att|2|ES 9-AUX|är|5|OO	3
Wiki_Jonssonligan.42	20-ADP|ur|18|MD	1
Wiki_Jonssonligan.42	24-ADP|inför|18|MD	1
Wiki_Jonssonligan.42	2-AUX|är|0|-- 5-SCONJ|att|2|ES 9-AUX|är|5|OO 14-SCONJ|eftersom|2|MD	4
Wiki_Jonssonligan.43	1-ADP|I|7|MD	1
Wiki_Jonssonligan.43	17-SCONJ|innan|11|MD	1
Wiki_Jonssonligan.43	9-SCONJ|att|7|OO	1
Wiki_Jonssonligan.44	9-SCONJ|som|7|MD	1
Wiki_Jonssonligan.44	2-AUX|är|0|-- 5-SCONJ|om|2|MD	2
Wiki_Jonssonligan.46	7-ADP|om|6|MD	1
Wiki_Jonssonligan.46	15-SCONJ|som|13|MD	1
Wiki_Jonssonligan.46	20-SCONJ|som|19|MD	1
Wiki_Jonssonligan.46	22-ADP|i|19|MD	1
Wiki_Jonssonligan.46	10-SCONJ|som|6|MD 11-AUX|har|10|OO	2
Wiki_Jonssonligan.46	4-AUX|har|0|--	1
Wiki_Jonssonligan.47	12-ADP|av|11|MD	1
Wiki_Jonssonligan.47	10-ADP|med|9|MD	1
Wiki_Jonssonligan.47	7-ADP|för|6|MD	1
Wiki_Jonssonligan.47	5-ADP|till|3|OA	1
Wiki_Jonssonligan.49	4-ADP|om|3|MD 5-PART|att|4|OO	2
Wiki_Jonssonligan.50	6-SCONJ|att|3|OO 11-AUX|skulle|6|OO 12-AUX|vilja|11|IV	3
Wiki_Jonssonligan.50	21-AUX|var|3|conj 23-SCONJ|att|21|SP 26-AUX|skulle|23|OO	3
Wiki_Jonssonligan.51	7-PART|att|6|IV	1
Wiki_Jonssonligan.51	10-ADP|utan|6|MD 11-PART|att|10|OO	2
Wiki_Jonssonligan.51	3-SCONJ|att|2|OO 5-AUX|har|3|OO	2
Wiki_Jonssonligan.52	1-SCONJ|Eftersom|15|MD 3-AUX|hade|1|OO 4-ADP|vid|3|MD	3
Wiki_Jonssonligan.52	10-ADP|för|8|MD 11-SCONJ|att|10|OO	2
Wiki_Jonssonligan.52	18-SCONJ|att|15|OO 20-AUX|skulle|18|OO	2
Wiki_Jonssonligan.53	5-ADP|om|4|MD 6-PART|att|5|OO	2
Wiki_Jonssonligan.54	12-SCONJ|där|11|MD 14-AUX|är|12|OO 19-ADP|runt|14|DF	3
Wiki_Jonssonligan.54	26-ADP|om|25|OA	1
Wiki_Jonssonligan.54	35-SCONJ|som|33|JF	1
Wiki_Jonssonligan.54	32-ADP|i|25|DF	1
Wiki_Jonssonligan.54	24-SCONJ|som|11|MD	1
Wiki_Jonssonligan.54	7-ADP|om|6|MD 8-PART|att|7|OO	2
Wiki_Jonssonligan.54	2-AUX|har|0|--	1
Wiki_Jonssonligan.55	7-ADP|på|5|MD	1
Wiki_Jonssonligan.55	21-ADP|om|20|MD	1
Wiki_Jonssonligan.55	17-ADP|till|16|MD	1
Wiki_Jonssonligan.55	9-SCONJ|att|5|OO 14-AUX|hade|9|OO	2
Wiki_Jonssonligan.56	8-AUX|vill|10|MD	1
Wiki_Jonssonligan.56	14-ADP|innan|12|OA	1
Wiki_Jonssonligan.56	11-SCONJ|som|10|MD	1
Wiki_Jonssonligan.56	3-AUX|ska|0|--	1
Wiki_Jonssonligan.57	4-AUX|ska|0|--	1
Wiki_Jonssonligan.58	7-ADP|med|5|MD	1
Wiki_Jonssonligan.59	9-ADP|av|8|AG	1
Wiki_Jonssonligan.59	15-ADP|av|14|AG	1
Wiki_Sverigesriksdag.2	6-AUX|är|0|-- 1-ADP|I|6|RA	2
Wiki_Sverigesriksdag.2	6-AUX|är|0|-- 1-ADP|I|6|RA 9-ADP|vid|6|MD	3
Wiki_Sverigesriksdag.2	13-ADP|efter|12|OA	1
Wiki_Sverigesriksdag.3	6-AUX|är|0|--	1
Wiki_Sverigesriksdag.4	2-ADP|av|4|OA	1
Wiki_Sverigesriksdag.4	6-ADP|på|5|MD	1
Wiki_Sverigesriksdag.4	21-ADP|av|20|AG	1
Wiki_Sverigesriksdag.4	15-SCONJ|som|13|MD	1
Wiki_Sverigesriksdag.4	12-ADP|i|11|MD	1
Wiki_Sverigesriksdag.5	2-ADP|för|1|MD	1
Wiki_Sverigesriksdag.6	2-AUX|hade|0|-- 3-ADP|sedan|2|MD	2
Wiki_Sverigesriksdag.6	8-ADP|till|7|MD	1
Wiki_Sverigesriksdag.7	2-ADP|i|1|MD	1
Wiki_Sverigesriksdag.7	11-ADP|i|10|MD	1
Wiki_Sverigesriksdag.8	6-ADP|i|5|MD	1
Wiki_Sverigesriksdag.8	17-SCONJ|då|13|MD	1
Wiki_Sverigesriksdag.8	11-ADP|utom|2|MD	1
Wiki_Sverigesriksdag.9	8-ADP|i|6|RA	1
Wiki_Sverigesriksdag.9	1-ADP|För|10|MD 2-SCONJ|att|1|OO 5-AUX|ska|2|OO	3
Wiki_Sverigesriksdag.9	14-ADP|av|13|MD	1
Wiki_Sverigesriksdag.9	16-ADP|vid|13|MD	1
Wiki_Sverigesriksdag.9	25-ADP|i|24|MD	1
Wiki_Sverigesriksdag.9	23-ADP|av|22|MD	1
Wiki_Sverigesriksdag.9	31-AUX|har|29|OO	1
Wiki_Sverigesriksdag.10	3-ADP|enligt|2|MD	1
Wiki_Sverigesriksdag.11	20-ADP|under|19|MD	1
Wiki_Sverigesriksdag.11	22-SCONJ|då|19|MD	1
Wiki_Sverigesriksdag.11	28-ADP|av|27|MD	1
Wiki_Sverigesriksdag.11	26-ADP|sedan|33|MD	1
Wiki_Sverigesriksdag.11	3-AUX|kan|0|--	1
Wiki_Sverigesriksdag.12	8-ADP|i|7|MD	1
Wiki_Sverigesriksdag.12	6-ADP|i|3|RA	1
Wiki_Sverigesriksdag.14	4-ADP|i|3|OA	1
Wiki_Sverigesriksdag.14	2-AUX|är|0|--	1
Wiki_Sverigesriksdag.15	8-ADP|av|7|OA	1
Wiki_Sverigesriksdag.15	14-ADP|mellan|13|MD	1
Wiki_Sverigesriksdag.15	11-AUX|är|7|conj	1
Wiki_Sverigesriksdag.15	5-SCONJ|då|2|MD	1
Wiki_Sverigesriksdag.16	7-SCONJ|som|6|MD	1
Wiki_Sverigesriksdag.16	5-ADP|i|4|OA	1
Wiki_Sverigesriksdag.17	8-ADP|till|10|MD	1
Wiki_Sverigesriksdag.17	4-ADP|i|3|OA	1
Wiki_Sverigesriksdag.17	2-AUX|är|0|--	1
Wiki_Sverigesriksdag.18	8-ADP|av|7|AG	1
Wiki_Sverigesriksdag.19	9-ADP|till|8|OA	1
Wiki_Sverigesriksdag.19	6-SCONJ|som|5|MD 7-AUX|är|6|OO	2
Wiki_Sverigesriksdag.19	2-AUX|är|0|--	1
Wiki_Sverigesriksdag.20	8-ADP|av|7|AG	1
Wiki_Sverigesriksdag.21	4-ADP|av|3|AG	1
Wiki_Sverigesriksdag.22	12-ADP|i|10|RA	1
Wiki_Sverigesriksdag.22	9-SCONJ|som|8|MD	1
Wiki_Sverigesriksdag.22	5-SCONJ|som|4|MD	1
Wiki_Sverigesriksdag.22	2-AUX|är|0|--	1
Wiki_Sverigesriksdag.23	5-ADP|av|4|MD	1
Wiki_Sverigesriksdag.26	13-ADP|i|12|MD	1
Wiki_Sverigesriksdag.26	2-AUX|är|0|--	1
Wiki_Sverigesriksdag.27	10-ADP|i|9|MD	1
Wiki_Sverigesriksdag.27	7-ADP|om|6|OA	1
Wiki_Sverigesriksdag.28	3-ADP|bland|2|MD	1
Wiki_Sverigesriksdag.28	9-ADP|till|8|MD	1
Wiki_Sverigesriksdag.28	5-ADP|i|2|OA 6-PART|att|5|OO	2
Wiki_Sverigesriksdag.29	14-ADP|av|13|OA	1
Wiki_Sverigesriksdag.29	10-SCONJ|som|8|MD 11-AUX|är|10|OO	2
Wiki_Sverigesriksdag.29	27-ADP|av|26|OA	1
Wiki_Sverigesriksdag.29	24-SCONJ|som|23|MD 25-AUX|är|24|OO	2
Wiki_Sverigesriksdag.29	21-SCONJ|som|19|MD 22-AUX|är|21|OO	2
Wiki_Sverigesriksdag.29	3-ADP|i|2|MD	1
Wiki_Sverigesriksdag.30	12-ADP|om|10|OA	1
Wiki_Sverigesriksdag.30	9-SCONJ|som|8|MD	1
Wiki_Sverigesriksdag.30	6-ADP|inom|5|MD	1
Wiki_Sverigesriksdag.30	20-ADP|i|18|MD	1
Wiki_Sverigesriksdag.31	7-ADP|vid|6|OA	1
Wiki_Sverigesriksdag.31	16-ADP|till|12|OA	1
Wiki_Sverigesriksdag.31	20-ADP|i|19|MD	1
Wiki_Sverigesriksdag.31	4-ADP|med|2|OA 5-PART|att|4|OO	2
Wiki_Sverigesriksdag.32	4-ADP|i|3|MD	1
Wiki_Sverigesriksdag.32	7-ADP|inom|3|MD	1
Wiki_Sverigesriksdag.34	2-ADP|av|1|MD	1
Wiki_Sverigesriksdag.34	13-SCONJ|som|12|MD	1
Wiki_Sverigesriksdag.34	16-ADP|av|12|OA	1
Wiki_Sverigesriksdag.34	18-ADP|till|12|OA	1
Wiki_Sverigesriksdag.34	22-ADP|per|21|MD	1
Wiki_Sverigesriksdag.34	11-SCONJ|som|10|MD	1
Wiki_Sverigesriksdag.34	6-AUX|är|0|-- 7-PART|att|6|SP	2
Wiki_Sverigesriksdag.36	8-ADP|i|7|MD	1
Wiki_Sverigesriksdag.36	5-ADP|till|3|OA	1
Wiki_Sverigesriksdag.36	15-ADP|om|14|OA	1
Wiki_Sverigesriksdag.36	10-ADP|för|3|MD 11-PART|att|10|OO	2
Wiki_Sverigesriksdag.37	3-AUX|har|0|--	1
Wiki_Sverigesriksdag.38	8-ADP|i|7|MD	1
Wiki_Sverigesriksdag.38	13-AUX|kan|0|-- 3-ADP|vid|13|MD	2
Wiki_Sverigesriksdag.38	21-ADP|av|20|MD	1
Wiki_Sverigesriksdag.38	19-ADP|med|18|MD	1
Wiki_Sverigesriksdag.38	16-ADP|om|15|OA	1
Wiki_Sverigesriksdag.39	5-ADP|i|4|OA	1
Wiki_Sverigesriksdag.39	7-ADP|på|4|MD	1
Wiki_Sverigesriksdag.40	1-ADP|På|3|MD	1
Wiki_Sverigesriksdag.40	6-ADP|för|5|MD	1
Wiki_Sverigesriksdag.42	8-ADP|till|7|OA	1
Wiki_Sverigesriksdag.42	5-SCONJ|som|4|MD 6-AUX|skulle|5|OO	2
Wiki_Sverigesriksdag.42	11-ADP|vid|4|conj 15-AUX|skulle|11|OO	2
Wiki_Sverigesriksdag.42	3-ADP|om|1|MD	1
Wiki_Sverigesriksdag.43	10-ADP|med|9|MD	1
Wiki_Sverigesriksdag.43	8-ADP|i|7|MD	1
Wiki_Sverigesriksdag.43	22-ADP|i|21|MD	1
Wiki_Sverigesriksdag.44	13-ADP|för|12|MD	1
Wiki_Sverigesriksdag.44	19-AUX|skulle|17|OO	1
Wiki_Sverigesriksdag.44	10-SCONJ|som|8|MD	1
Wiki_Sverigesriksdag.45	1-ADP|Under|3|MD	1
Wiki_Sverigesriksdag.45	10-ADP|från|9|MD	1
Wiki_Sverigesriksdag.45	12-ADP|till|9|MD	1
Wiki_Sverigesriksdag.45	6-ADP|med|5|MD	1
Wiki_Sverigesriksdag.46	6-ADP|för|5|MD	1
Wiki_Sverigesriksdag.46	4-ADP|med|3|MD	1
Wiki_Sverigesriksdag.46	10-ADP|för|2|MD 11-PART|att|10|OO	2
Wiki_Sverigesriksdag.47	1-ADP|Sedan|3|MD	1
Wiki_Sverigesriksdag.47	20-SCONJ|som|18|MD	1
Wiki_Sverigesriksdag.47	13-AUX|kunde|3|parataxis	1
Wiki_Sverigesriksdag.49	6-ADP|under|4|MD	1
Wiki_Sverigesriksdag.49	12-ADP|i|14|MD	1
Wiki_Sverigesriksdag.49	15-DET|all|16|DT	1
Wiki_Sverigesriksdag.49	18-ADP|till|17|MD	1
Wiki_Sverigesriksdag.49	11-SCONJ|då|9|MD	1
Wiki_Sverigesriksdag.49	8-ADP|på|4|MD	1
Wiki_Sverigesriksdag.50	16-ADP|med|15|MD	1
Wiki_Sverigesriksdag.50	12-SCONJ|som|10|MD	1
Wiki_Sverigesriksdag.51	8-ADP|inom|5|MD	1
Wiki_Sverigesriksdag.51	2-ADP|i|1|MD	1
Wiki_Sverigesriksdag.51	13-ADP|till|11|MD	1
Wiki_Sverigesriksdag.51	21-ADP|under|20|MD	1
Wiki_Sverigesriksdag.51	19-ADP|på|18|MD	1
Wiki_Sverigesriksdag.51	17-ADP|för|24|MD	1
Wiki_Sverigesriksdag.52	6-ADP|av|5|OA	1
Wiki_Sverigesriksdag.53	6-ADP|undan|2|MD	1
Wiki_Sverigesriksdag.53	8-ADP|i|2|MD	1
Wiki_Sverigesriksdag.56	5-ADP|av|4|MD	1
Wiki_Sverigesriksdag.56	15-ADP|av|14|OA	1
Wiki_Sverigesriksdag.56	12-SCONJ|som|10|MD	1
Wiki_Sverigesriksdag.56	7-ADP|mellan|4|MD	1
Wiki_Sverigesriksdag.58	5-ADP|mellan|4|OO	1
Wiki_Sverigesriksdag.58	3-SCONJ|som|1|MD	1
Wiki_Sverigesriksdag.58	24-ADP|med|23|OA	1
Wiki_Sverigesriksdag.58	35-ADP|av|34|MD	1
Wiki_Sverigesriksdag.58	20-SCONJ|som|19|MD 28-AUX|kom|20|OO 29-PART|att|28|IV	3
Wiki_Sverigesriksdag.58	16-ADP|på|13|OA	1
Wiki_Sverigesriksdag.61	1-ADP|Mellan|5|MD	1
Wiki_Sverigesriksdag.61	8-ADP|i|5|MD	1
Wiki_Sverigesriksdag.61	10-ADP|för|5|MD 11-SCONJ|att|10|OO 17-AUX|skulle|11|OO 18-AUX|bli|17|IV	4
Wiki_Sverigesriksdag.62	13-ADP|av|12|OA	1
Wiki_Sverigesriksdag.62	8-SCONJ|att|7|OO	1
Wiki_Sverigesriksdag.62	6-SCONJ|som|5|MD	1
Wiki_Sverigesriksdag.63	1-ADP|Efter|5|MD	1
Wiki_Sverigesriksdag.63	9-ADP|genom|5|AG	1
Wiki_Sverigesriksdag.65	3-AUX|var|20|parataxis	1
Wiki_Sverigesriksdag.65	17-ADP|till|16|MD	1
Wiki_Sverigesriksdag.65	15-ADP|för|20|OA	1
Wiki_Sverigesriksdag.65	21-SCONJ|att|20|SB	1
Wiki_Sverigesriksdag.66	5-ADP|i|4|MD	1
Wiki_Sverigesriksdag.67	4-ADP|i|3|MD	1
Wiki_Sverigesriksdag.67	8-PART|inte|7|MD	1
Wiki_Sverigesriksdag.67	15-ADP|i|14|MD	1
Wiki_Sverigesriksdag.67	12-ADP|för|11|MD	1
Wiki_Sverigesriksdag.68	2-ADP|i|1|MD	1
Wiki_Sverigesriksdag.68	9-SCONJ|som|5|MD	1
Wiki_Sverigesriksdag.69	2-ADP|med|1|MD	1
Wiki_Sverigesriksdag.69	16-SCONJ|att|15|OO 21-AUX|är|16|OO 18-ADP|för|21|MD	3
Wiki_Sverigesriksdag.69	23-ADP|av|22|OA	1
Wiki_Sverigesriksdag.69	14-SCONJ|som|12|MD	1
Wiki_Sverigesriksdag.71	11-ADP|på|10|MD	1
Wiki_Sverigesriksdag.71	9-SCONJ|då|7|MD	1
Wiki_Sverigesriksdag.71	6-ADP|från|4|MD	1
Wiki_Sverigesriksdag.71	2-AUX|kom|0|-- 3-PART|att|2|IV	2
Wiki_Sverigesriksdag.72	11-ADP|vid|2|MD 9-ADP|för|11|MD	2
Wiki_Sverigesriksdag.72	13-ADP|till|12|MD	1
Wiki_Sverigesriksdag.73	8-ADP|för|3|MD	1
Wiki_Sverigesriksdag.73	14-ADP|för|12|MD	1
Wiki_Sverigesriksdag.73	19-ADP|förrän|21|MD	1
Wiki_Sverigesriksdag.73	28-ADP|för|27|MD	1
Wiki_Sverigesriksdag.74	8-ADP|i|11|MD	1
Wiki_Sverigesriksdag.74	13-ADP|till|11|OA	1
Wiki_Sverigesriksdag.74	7-SCONJ|som|5|MD	1
Wiki_Sverigesriksdag.74	2-ADP|till|1|MD	1
Wiki_Sverigesriksdag.74	21-ADP|på|17|OA	1
Wiki_Sverigesriksdag.74	31-AUX|kunde|17|conj	1
Wiki_Sverigesriksdag.75	3-SCONJ|som|2|MD	1
Wiki_Sverigesriksdag.76	4-ADP|av|3|MD	1
Wiki_Sverigesriksdag.76	2-SCONJ|än|1|JF	1
Wiki_Sverigesriksdag.76	28-AUX|var|7|conj 12-SCONJ|eftersom|28|MD 14-AUX|var|12|OO	3
Wiki_Sverigesriksdag.76	30-ADP|för|34|MD	1
Wiki_Sverigesriksdag.76	37-ADP|i|36|OA	1
Wiki_Sverigesriksdag.76	28-AUX|var|7|conj 12-SCONJ|eftersom|28|MD 14-AUX|var|12|OO 35-PART|att|28|ES	4
Wiki_Sverigesriksdag.77	2-ADP|i|1|MD	1
Wiki_Sverigesriksdag.77	7-ADP|på|6|MD	1
Wiki_Sverigesriksdag.77	13-ADP|av|12|MD	1
Wiki_Sverigesriksdag.78	2-ADP|om|1|MD	1
Wiki_Sverigesriksdag.78	9-ADP|på|8|MD	1
Wiki_Sverigesriksdag.78	5-SCONJ|att|4|OO	1
Wiki_Sverigesriksdag.78	16-ADP|av|15|MD	1
Wiki_Sverigesriksdag.78	21-ADP|av|20|MD	1
Wiki_Sverigesriksdag.79	5-AUX|måste|0|-- 1-ADP|För|5|MD 2-PART|att|1|OO 3-AUX|vara|2|OO	4
Wiki_Sverigesriksdag.79	5-AUX|måste|0|-- 1-ADP|För|5|MD 2-PART|att|1|OO 3-AUX|vara|2|OO 7-AUX|vara|5|IV	5
Wiki_Sverigesriksdag.80	9-ADP|från|8|MD	1
Wiki_Sverigesriksdag.80	15-ADP|av|14|MD	1
Wiki_Sverigesriksdag.80	12-ADP|till|8|MD	1
Wiki_Sverigesriksdag.80	4-SCONJ|att|3|OO	1
Wiki_Sverigesriksdag.81	3-ADP|från|2|MD	1
Wiki_Sverigesriksdag.81	5-ADP|till|2|MD	1
Wiki_Sverigesriksdag.82	4-ADP|av|3|OA	1
Wiki_Sverigesriksdag.82	2-SCONJ|som|1|MD	1
Wiki_Sverigesriksdag.82	8-AUX|hade|1|conj	1
Wiki_Sverigesriksdag.83	3-ADP|till|2|MD	1
Wiki_Sverigesriksdag.83	1-ADP|För|6|MD	1
Wiki_Sverigesriksdag.84	11-ADP|till|10|MD	1
Wiki_Sverigesriksdag.84	8-ADP|på|7|MD	1
Wiki_Sverigesriksdag.85	4-ADP|till|3|MD	1
Wiki_Sverigesriksdag.85	2-ADP|för|1|MD	1
Wiki_Sverigesriksdag.85	8-ADP|till|7|MD	1
Wiki_Sverigesriksdag.86	4-ADP|till|3|MD	1
Wiki_Sverigesriksdag.86	2-ADP|för|1|MD	1
Wiki_Sverigesriksdag.86	8-ADP|från|7|MD	1
Wiki_Sverigesriksdag.86	10-ADP|till|7|MD	1
Wiki_Sverigesriksdag.86	15-ADP|till|14|OA	1
Wiki_Sverigesriksdag.87	6-ADP|av|5|OA	1
Wiki_Sverigesriksdag.87	2-SCONJ|som|1|MD 3-AUX|var|2|OO	2
Wiki_Sverigesriksdag.88	2-ADP|på|1|MD	1
Wiki_Sverigesriksdag.89	6-ADP|av|5|MD	1
Wiki_Sverigesriksdag.89	3-SCONJ|att|2|OO	1
Wiki_Sverigesriksdag.90	3-AUX|är|0|--	1
Wiki_Sverigesriksdag.92	8-ADP|med|7|MD	1
Wiki_Sverigesriksdag.94	5-ADP|för|4|MD	1
Wiki_Sverigesriksdag.94	2-ADP|med|1|MD	1
Wiki_Sverigesriksdag.94	13-ADP|för|12|MD	1
Wiki_Sverigesriksdag.96	5-ADP|i|3|OA	1
Wiki_Sverigesriksdag.96	15-ADP|av|14|MD	1
Wiki_Sverigesriksdag.96	13-ADP|vid|12|MD	1
Wiki_Sverigesriksdag.97	1-ADP|Till|4|MD	1
Wiki_Sverigesriksdag.97	6-ADP|från|4|MD	1
Wiki_Sverigesriksdag.97	8-ADP|till|4|MD	1
Wiki_Sverigesriksdag.98	1-ADP|Vid|4|MD	1
Wiki_Sverigesriksdag.98	7-ADP|från|4|MD	1
Wiki_Sverigesriksdag.98	9-ADP|till|4|MD	1
Wiki_Sverigesriksdag.100	2-ADP|med|1|MD	1
Wiki_Sverigesriksdag.101	1-ADP|Vid|4|MD	1
Wiki_Sverigesriksdag.102	7-ADP|i|6|MD	1
Wiki_Sverigesriksdag.102	13-ADP|av|12|MD	1
Wiki_Sverigesriksdag.102	11-ADP|med|10|AG	1
Wiki_Sverigesriksdag.102	3-ADP|till|2|OA 4-SCONJ|att|3|OO 9-AUX|fick|4|OO	3
Wiki_Sverigesriksdag.103	3-AUX|har|0|-- 1-ADP|I|3|MD	2
Wiki_Sverigesriksdag.104	11-ADP|från|16|MD	1
Wiki_Sverigesriksdag.104	10-SCONJ|som|8|MD	1
Wiki_Sverigesriksdag.104	29-ADP|i|27|MD	1
Wiki_Sverigesriksdag.104	26-ADP|vid|25|MD	1
Wiki_Sverigesriksdag.104	24-ADP|i|23|MD	1
Wiki_Sverigesriksdag.104	20-ADP|i|5|RA	1
Wiki_Sverigesriksdag.105	6-ADP|under|4|OA	1
Wiki_Sverigesriksdag.105	13-ADP|från|12|MD 14-SCONJ|att|13|OO 16-AUX|ha|14|OO	3
Wiki_Sverigesriksdag.105	23-ADP|till|12|MD 24-PART|att|23|OO	2
Wiki_Sverigesriksdag.105	9-SCONJ|eftersom|4|MD	1
Wiki_Sverigesriksdag.106	13-ADP|från|21|MD	1
Wiki_Sverigesriksdag.108	7-SCONJ|som|6|MD	1
Wiki_Sverigesriksdag.108	17-ADP|från|16|MD	1
Wiki_Sverigesriksdag.108	19-ADP|till|16|MD	1
Wiki_Sverigesriksdag.108	13-SCONJ|att|6|AN 15-AUX|skulle|13|OO	2
Wiki_Sverigesriksdag.109	8-ADP|på|7|OA	1
Wiki_Sverigesriksdag.109	4-SCONJ|att|3|OO	1
Wiki_Sverigesriksdag.111	3-ADP|i|2|MD	1
Wiki_Sverigesriksdag.111	11-ADP|i|10|MD	1
Wiki_Sverigesriksdag.111	9-ADP|i|8|MD	1
Wiki_Sverigesriksdag.111	7-ADP|med|2|MD	1
Wiki_Sverigesriksdag.113	14-ADP|av|13|MD	1
Wiki_Sverigesriksdag.113	22-ADP|i|20|OA	1
Wiki_Sverigesriksdag.113	18-ADP|för|10|MD 19-PART|att|18|OO	2
Wiki_Sverigesriksdag.113	5-ADP|om|4|MD 6-SCONJ|att|5|OO 9-AUX|måste|6|OO	3
Wiki_Sverigesriksdag.114	9-ADP|i|8|MD	1
Wiki_Sverigesriksdag.114	7-ADP|av|6|MD	1
Wiki_Sverigesriksdag.114	13-AUX|kan|0|-- 1-SCONJ|Om|13|MD	2
Wiki_Sverigesriksdag.114	18-ADP|av|17|MD	1
Wiki_Sverigesriksdag.115	5-SCONJ|att|4|OA	1
Wiki_Sverigesriksdag.115	19-ADP|på|16|MD	1
Wiki_Sverigesriksdag.115	12-SCONJ|om|23|DF	1
Wiki_Sverigesriksdag.115	27-SCONJ|eftersom|23|MD	1
Wiki_Sverigesriksdag.115	2-AUX|är|0|--	1
Wiki_Sverigesriksdag.116	6-ADP|i|5|OO	1
Wiki_Sverigesriksdag.116	2-AUX|har|0|--	1
Wiki_Sverigesriksdag.117	10-ADP|i|8|MD	1
Wiki_Sverigesriksdag.117	16-ADP|över|15|MD	1
Wiki_Sverigesriksdag.117	5-ADP|genom|4|AG 6-SCONJ|att|5|OO	2
Wiki_Sverigesriksdag.117	2-AUX|kan|0|--	1
Wiki_Sverigesriksdag.118	5-ADP|på|2|MD	1
Wiki_Sverigesriksdag.118	16-ADP|i|14|MD	1
Wiki_Sverigesriksdag.118	18-ADP|av|14|MD	1
Wiki_Sverigesriksdag.118	12-SCONJ|innan|2|MD	1
